37855
0 15
0 15
0 15
0 15
0 15
0 15
0 15
0 15
0 15
0 15
0 15
0 15
0 15
0 15
0 15
0 15
0 15
0 15
0 15
0 15
0 15
0 15
0 15
0 15
0 15
0 15
0 15
0 15
0 15
0 15
0 15
0 15
0 15
0 15
0 15
0 15
0 15
0 15
0 15
0 15
0 15
0 15
0 15
0 15
0 15
0 15
0 15
0 15
0 15
0 15
0 15
0 15
0 15
0 15
0 15
0 15
0 15
0 15
0 15
0 15
0 15
0 15
0 15
0 15
0 15
0 15
0 15
0 15
0 15
0 15
0 15
0 15
0 15
0 15
0 15
0 15
0 15
0 15
0 15
0 15
0 15
0 15
0 15
0 15
0 15
0 15
0 15
0 15
0 15
0 15
0 15
0 15
0 15
0 15
0 15
0 15
0 15
0 15
0 15
0 15
0 15
0 15
0 15
0 15
0 15
0 15
0 15
0 15
0 15
0 15
0 15
0 15
0 15
0 15
0 15
0 15
0 15
0 15
0 15
0 15
0 15
0 15
0 15
0 15
0 15
0 15
0 15
0 15
0 15
0 15
0 15
0 15
0 15
0 15
0 15
0 15
0 15
0 15
0 15
0 15
0 15
0 15
0 15
0 15
0 15
0 15
0 15
0 15
0 15
0 15
0 15
0 15
0 15
0 15
0 15
0 15
0 15
0 15
0 15
0 15
0 15
0 15
0 15
0 15
0 15
0 15
0 15
0 15
0 15
0 15
0 15
0 15
0 15
0 15
0 15
0 15
0 15
0 15
0 15
0 15
0 15
0 15
0 15
0 15
0 15
0 15
0 15
0 15
0 15
0 15
0 15
0 15
0 15
0 15
0 15
0 15
0 15
0 15
0 15
0 15
0 15
0 15
0 15
0 15
0 15
0 15
0 15
0 15
0 15
0 15
0 15
0 15
0 15
0 15
0 15
0 15
0 15
0 15
0 15
0 15
0 15
0 15
0 15
0 15
0 15
0 15
0 15
0 15
0 15
0 15
0 15
0 15
0 15
0 15
0 15
0 15
0 15
0 15
0 15
0 15
0 15
0 15
0 15
0 15
0 15
0 15
0 15
0 15
0 15
0 15
0 15
0 15
0 15
0 15
0 15
0 15
0 15
0 15
0 15
0 15
0 15
0 15
0 15
0 15
0 15
0 15
0 15
0 15
0 15
0 15
0 15
0 15
0 15
0 15
0 15
0 15
0 15
0 15
0 15
0 15
0 15
0 15
0 15
0 15
0 15
0 15
0 15
0 15
0 15
0 15
0 15
0 15
0 15
0 15
0 15
0 15
0 15
0 15
0 15
0 15
0 15
0 15
0 15
0 15
0 15
0 15
0 15
0 15
0 15
0 15
0 15
0 15
0 15
0 15
0 15
0 15
0 15
0 15
0 15
0 15
0 15
0 15
0 15
0 15
0 15
0 15
0 15
0 15
0 15
0 15
0 15
0 15
0 15
0 15
0 15
0 15
0 15
0 15
0 15
0 15
0 15
0 15
0 15
0 15
0 15
0 15
0 15
0 15
0 15
0 15
0 15
0 15
0 15
0 15
0 15
0 15
0 15
0 15
0 15
0 15
0 15
0 15
0 15
0 15
0 15
0 15
0 15
0 15
0 15
0 15
0 15
0 15
0 15
0 15
0 15
0 15
0 15
0 15
0 15
0 15
0 15
0 15
0 15
0 15
0 15
0 15
0 15
0 15
0 15
0 15
0 15
0 15
0 15
0 15
0 15
0 15
0 15
0 15
0 15
0 15
0 15
0 15
0 15
0 15
0 15
0 15
0 15
0 15
0 15
0 15
0 15
0 15
0 15
0 15
0 15
0 15
0 15
0 15
0 15
0 15
0 15
0 15
0 15
0 15
0 15
0 15
0 15
0 15
0 15
0 15
0 15
0 15
0 15
0 15
0 15
0 15
0 15
0 15
0 15
0 15
0 15
0 15
0 15
0 15
0 15
0 15
0 15
0 15
0 15
0 15
0 15
0 15
0 15
0 15
0 15
0 15
0 15
0 15
0 15
0 15
0 15
0 15
0 15
0 15
0 15
0 15
0 15
0 15
0 15
0 15
0 15
0 15
0 15
0 15
0 15
0 15
0 15
0 15
0 15
0 15
0 15
0 15
0 15
0 15
0 15
0 15
0 15
0 15
0 15
0 15
0 15
0 15
0 15
0 15
0 15
0 15
0 15
0 15
0 15
0 15
0 15
0 15
0 15
0 15
0 15
0 15
0 15
0 15
0 15
0 15
0 15
0 15
0 15
0 15
0 15
0 15
0 15
0 15
0 15
0 15
0 15
0 15
0 15
0 15
0 15
0 15
0 15
0 15
0 15
0 15
0 15
0 15
0 15
0 15
0 15
0 15
0 15
0 15
0 15
0 15
0 15
0 15
0 15
0 15
0 15
0 15
0 15
0 15
0 15
0 15
0 15
0 15
0 15
0 15
0 15
0 15
0 15
0 15
0 15
0 15
0 15
0 15
0 15
0 15
0 15
0 15
0 15
0 15
0 15
0 15
0 15
0 15
0 15
0 15
0 15
0 15
0 15
0 15
0 15
0 15
0 15
0 15
0 15
0 15
0 15
0 15
0 15
0 15
0 15
0 15
0 15
0 15
0 15
0 15
0 15
0 15
0 15
0 15
0 15
0 15
0 15
0 15
0 15
0 15
0 15
0 15
0 15
0 15
0 15
0 15
0 15
0 15
0 15
0 15
0 15
0 15
0 15
0 15
0 15
0 15
0 15
0 15
0 15
0 15
0 15
0 15
0 15
0 15
0 15
0 15
0 15
0 15
0 15
0 15
0 15
0 15
0 15
0 15
0 15
0 15
0 15
0 15
0 15
0 15
0 15
0 15
0 15
0 15
0 15
0 15
0 15
0 15
0 15
0 15
0 15
0 15
0 15
0 15
0 15
0 15
0 15
0 15
0 15
0 15
0 15
0 15
0 15
0 15
0 15
0 15
0 15
0 15
0 15
0 15
0 15
0 15
0 15
0 15
0 15
0 15
0 15
0 15
0 15
0 15
0 15
0 15
0 15
0 15
0 15
0 15
0 15
0 15
0 15
0 15
0 15
0 15
0 15
0 15
0 15
0 15
0 15
0 15
0 15
0 15
0 15
0 15
0 15
0 15
0 15
0 15
0 15
0 15
0 15
0 15
0 15
0 15
0 15
0 15
0 15
0 15
0 15
0 15
0 15
0 15
0 15
0 15
0 15
0 15
0 15
0 15
0 15
0 15
0 15
0 15
0 15
0 15
0 15
0 15
0 15
0 15
0 15
0 15
0 15
0 15
0 15
0 15
0 15
0 15
0 15
0 15
0 15
0 15
0 15
0 15
0 15
0 15
0 15
0 15
0 15
0 15
0 15
0 15
0 15
0 15
0 15
0 15
0 15
0 15
0 15
0 15
0 15
0 15
0 15
0 15
0 15
0 15
0 15
0 15
0 15
0 15
0 15
0 15
0 15
0 15
0 15
0 15
0 15
0 15
0 15
0 15
0 15
0 15
0 15
0 15
0 15
0 15
0 15
0 15
0 15
0 15
0 15
0 15
0 15
0 15
0 15
0 15
0 15
0 15
0 15
0 15
0 15
0 15
0 15
0 15
0 15
0 15
0 15
0 15
0 15
0 15
0 15
0 15
0 15
0 15
0 15
0 15
0 15
0 15
0 15
0 15
0 15
0 15
0 15
0 15
0 15
0 15
0 15
0 15
0 15
0 15
0 15
0 15
0 15
0 15
0 15
0 15
0 15
0 15
0 15
0 15
0 15
0 15
0 15
0 15
0 15
0 15
0 15
0 15
0 15
0 15
0 15
0 15
0 15
0 15
0 15
0 15
0 15
0 15
0 15
0 15
0 15
0 15
0 15
0 15
0 15
0 15
0 15
0 15
0 15
0 15
0 15
0 15
0 15
0 15
0 15
0 15
0 15
0 15
0 15
0 15
0 15
0 15
0 15
0 15
0 15
0 15
0 15
0 15
0 15
0 15
0 15
0 15
0 15
0 15
0 15
0 15
0 15
0 15
0 15
0 15
0 15
0 15
0 15
0 15
0 15
0 15
0 15
0 15
0 15
0 15
0 15
0 15
0 15
0 15
0 15
0 15
0 15
0 15
0 15
0 15
0 15
0 15
0 15
0 15
0 15
0 15
0 15
0 15
0 15
0 15
0 15
0 15
0 15
0 15
0 15
0 15
0 15
0 15
0 15
0 15
0 15
0 15
0 15
0 15
0 15
0 15
0 15
0 15
0 15
0 15
0 15
0 15
0 15
0 15
0 15
0 15
0 15
0 15
0 15
0 15
0 15
0 15
0 15
0 15
0 15
0 15
0 15
0 15
0 15
0 15
0 15
0 15
0 15
0 15
0 15
0 15
0 15
0 15
0 15
0 15
0 15
0 15
0 15
0 15
0 15
0 15
0 15
0 15
0 15
0 15
0 15
0 15
0 15
0 15
0 15
0 15
0 15
0 15
0 15
0 15
0 15
0 15
0 15
0 15
0 15
0 15
0 15
0 15
0 15
0 15
0 15
0 15
0 15
0 15
0 15
0 15
0 15
0 15
0 15
0 15
0 15
0 15
0 15
0 15
0 15
0 15
0 15
0 15
0 15
0 15
0 15
0 15
0 15
0 15
0 15
0 15
0 15
0 15
0 15
0 15
0 15
0 15
0 15
0 15
0 15
0 15
0 15
0 15
0 15
0 15
0 15
0 15
0 15
0 15
0 15
0 15
0 15
0 15
0 15
0 15
0 15
0 15
0 15
0 15
0 15
0 15
0 15
0 15
0 15
0 15
0 15
0 15
0 15
0 15
0 15
0 15
0 15
0 15
0 15
0 15
0 15
0 15
0 15
0 15
0 15
0 15
0 15
0 15
0 15
0 15
0 15
0 15
0 15
0 15
0 15
0 15
0 15
0 15
0 15
0 15
0 15
0 15
0 15
0 15
0 15
0 15
0 15
0 15
0 15
0 15
0 15
0 15
0 15
0 15
0 15
0 15
0 15
0 15
0 15
0 15
0 15
0 15
0 15
0 15
0 15
0 15
0 15
0 15
0 15
0 15
0 15
0 15
0 15
0 15
0 15
0 15
0 15
0 15
0 15
0 15
0 15
0 15
0 15
0 15
0 15
0 15
0 15
0 15
0 15
0 15
0 15
0 15
0 15
0 15
0 15
0 15
0 15
0 15
0 15
0 15
0 15
0 15
0 15
0 15
0 15
0 15
0 15
0 15
0 15
0 15
0 15
0 15
0 15
0 15
0 15
0 15
0 15
0 15
0 15
0 15
0 15
0 15
0 15
0 15
0 15
0 15
0 15
0 15
0 15
0 15
0 15
0 15
0 15
0 15
0 15
0 15
0 15
0 15
0 15
0 15
0 15
0 15
0 15
0 15
0 15
0 15
0 15
0 15
0 15
0 15
0 15
0 15
0 15
0 15
0 15
0 15
0 15
0 15
0 15
0 15
0 15
0 15
0 15
0 15
0 15
0 15
0 15
0 15
0 15
0 15
0 15
0 15
0 15
0 15
0 15
0 15
0 15
0 15
0 15
0 15
0 15
0 15
0 15
0 15
0 15
0 15
0 15
0 15
0 15
0 15
0 15
0 15
0 15
0 15
0 15
0 15
0 15
0 15
0 15
0 15
0 15
0 15
0 15
0 15
0 15
0 15
0 15
0 15
0 15
0 15
0 15
0 15
0 15
0 15
0 15
0 15
0 15
0 15
0 15
0 15
0 15
0 15
0 15
0 15
0 15
0 15
0 15
0 15
0 15
0 15
0 15
0 15
0 15
0 15
0 15
0 15
0 15
0 15
0 15
0 15
0 15
0 15
0 15
0 15
0 15
0 15
0 15
0 15
0 15
0 15
0 15
0 15
0 15
0 15
0 15
0 15
0 15
0 15
0 15
0 15
0 15
0 15
0 15
0 15
0 15
0 15
0 15
0 15
0 15
0 15
0 15
0 15
0 15
0 15
0 15
0 15
0 15
0 15
0 15
0 15
0 15
0 15
0 15
0 15
0 15
0 15
0 15
0 15
0 15
0 15
0 15
0 15
0 15
0 15
0 15
0 15
0 15
0 15
0 15
0 15
0 15
0 15
0 15
0 15
0 15
0 15
0 15
0 15
0 15
0 15
0 15
0 15
0 15
0 15
0 15
0 15
0 15
0 15
0 15
0 15
0 15
0 15
0 15
0 15
0 15
0 15
0 15
0 15
0 15
0 15
0 15
0 15
0 15
0 15
0 15
0 15
0 15
0 15
0 15
0 15
0 15
0 15
0 15
0 15
0 15
0 15
0 15
0 15
0 15
0 15
0 15
0 15
0 15
0 15
0 15
0 15
0 15
0 15
0 15
0 15
0 15
0 15
0 15
0 15
0 15
0 15
0 15
0 15
0 15
0 15
0 15
0 15
0 15
0 15
0 15
0 15
0 15
0 15
0 15
0 15
0 15
0 15
0 15
0 15
0 15
0 15
0 15
0 15
0 15
0 15
0 15
0 15
0 15
0 15
0 15
0 15
0 15
0 15
0 15
0 15
0 15
0 15
0 15
0 15
0 15
0 15
0 15
0 15
0 15
0 15
0 15
0 15
0 15
0 15
0 15
0 15
0 15
0 15
0 15
0 15
0 15
0 15
0 15
0 15
0 15
0 15
0 15
0 15
0 15
0 15
0 15
0 15
0 15
0 15
0 15
0 15
0 15
0 15
0 15
0 15
0 15
0 15
0 15
0 15
0 15
0 15
0 15
0 15
0 15
0 15
0 15
0 15
0 15
0 15
0 15
0 15
0 15
0 15
0 15
0 15
0 15
0 15
0 15
0 15
0 15
0 15
0 15
0 15
0 15
0 15
0 15
0 15
0 15
0 15
0 15
0 15
0 15
0 15
0 15
0 15
0 15
0 15
0 15
0 15
0 15
0 15
0 15
0 15
0 15
0 15
0 15
0 15
0 15
0 15
0 15
0 15
0 15
0 15
0 15
0 15
0 15
0 15
0 15
0 15
0 15
0 15
0 15
0 15
0 15
0 15
0 15
0 15
0 15
0 15
0 15
0 15
0 15
0 15
0 15
0 15
0 15
0 15
0 15
0 15
0 15
0 15
0 15
0 15
0 15
0 15
0 15
0 15
0 15
0 15
0 15
0 15
0 15
0 15
0 15
0 15
0 15
0 15
0 15
0 15
0 15
0 15
0 15
0 15
0 15
0 15
0 15
0 15
0 15
0 15
0 15
0 15
0 15
0 15
0 15
0 15
0 15
0 15
0 15
0 15
0 15
0 15
0 15
0 15
0 15
0 15
0 15
0 15
0 15
0 15
0 15
0 15
0 15
0 15
0 15
0 15
0 15
0 15
0 15
0 15
0 15
0 15
0 15
0 15
0 15
0 15
0 15
0 15
0 15
0 15
0 15
0 15
0 15
0 15
0 15
0 15
0 15
0 15
0 15
0 15
0 15
0 15
0 15
0 15
0 15
0 15
0 15
0 15
0 15
0 15
0 15
0 15
0 15
0 15
0 15
0 15
0 15
0 15
0 15
0 15
0 15
0 15
0 15
0 15
0 15
0 15
0 15
0 15
0 15
0 15
0 15
0 15
0 15
0 15
0 15
0 15
0 15
0 15
0 15
0 15
0 15
0 15
0 15
0 15
0 15
0 15
0 15
0 15
0 15
0 15
0 15
0 15
0 15
0 15
0 15
0 15
0 15
0 15
0 15
0 15
0 15
0 15
0 15
0 15
0 15
0 15
0 15
0 15
0 15
0 15
0 15
0 15
0 15
0 15
0 15
0 15
0 15
0 15
0 15
0 15
0 15
0 15
0 15
0 15
0 15
0 15
0 15
0 15
0 15
0 15
0 15
0 15
0 15
0 15
0 15
0 15
0 15
0 15
0 15
0 15
0 15
0 15
0 15
0 15
0 15
0 15
0 15
0 15
0 15
0 15
0 15
0 15
0 15
0 15
0 15
0 15
0 15
0 15
0 15
0 15
0 15
0 15
0 15
0 15
0 15
0 15
0 15
0 15
0 15
0 15
0 15
0 15
0 15
0 15
0 15
0 15
0 15
0 15
0 15
0 15
0 15
0 15
0 15
0 15
0 15
0 15
0 15
0 15
0 15
0 15
0 15
0 15
0 15
0 15
0 15
0 15
0 15
0 15
0 15
0 15
0 15
0 15
0 15
0 15
0 15
0 15
0 15
0 15
0 15
0 15
0 15
0 15
0 15
0 15
0 15
0 15
0 15
0 15
0 15
0 15
0 15
0 15
0 15
0 15
0 15
0 15
0 15
0 15
0 15
0 15
0 15
0 15
0 15
0 15
0 15
0 15
0 15
0 15
0 15
0 15
0 15
0 15
0 15
0 15
0 15
0 15
0 15
0 15
0 15
0 15
0 15
0 15
0 15
0 15
0 15
0 15
0 15
0 15
0 15
0 15
0 15
0 15
0 15
0 15
0 15
0 15
0 15
0 15
0 15
0 15
0 15
0 15
0 15
0 15
0 15
0 15
0 15
0 15
0 15
0 15
0 15
0 15
0 15
0 15
0 15
0 15
0 15
0 15
0 15
0 15
0 15
0 15
0 15
0 15
0 15
0 15
0 15
0 15
0 15
0 15
0 15
0 15
0 15
0 15
0 15
0 15
0 15
0 15
0 15
0 15
0 15
0 15
0 15
0 15
0 15
0 15
0 15
0 15
0 15
0 15
0 15
0 15
0 15
0 15
0 15
0 15
0 15
0 15
0 15
0 15
0 15
0 15
0 15
0 15
0 15
0 15
0 15
0 15
0 15
0 15
0 15
0 15
0 15
0 15
0 15
0 15
0 15
0 15
0 15
0 15
0 15
0 15
0 15
0 15
0 15
0 15
0 15
0 15
0 15
0 15
0 15
0 15
0 15
0 15
0 15
0 15
0 15
0 15
0 15
0 15
0 15
0 15
0 15
0 15
0 15
0 15
0 15
0 15
0 15
0 15
0 15
0 15
0 15
0 15
0 15
0 15
0 15
0 15
0 15
0 15
0 15
0 15
0 15
0 15
0 15
0 15
0 15
0 15
0 15
0 15
0 15
0 15
0 15
0 15
0 15
0 15
0 15
0 15
0 15
0 15
0 15
0 15
0 15
0 15
0 15
0 15
0 15
0 15
0 15
0 15
0 15
0 15
0 15
0 15
0 15
0 15
0 15
0 15
0 15
0 15
0 15
0 15
0 15
0 15
0 15
0 15
0 15
0 15
0 15
0 15
0 15
0 15
0 15
0 15
0 15
0 15
0 15
0 15
0 15
0 15
0 15
0 15
0 15
0 15
0 15
0 15
0 15
0 15
0 15
0 15
0 15
0 15
0 15
0 15
0 15
0 15
0 15
0 15
0 15
0 15
0 15
0 15
0 15
0 15
0 15
0 15
0 15
0 15
0 15
0 15
0 15
0 15
0 15
0 15
0 15
0 15
0 15
0 15
0 15
0 15
0 15
0 15
0 15
0 15
0 15
0 15
0 15
0 15
0 15
0 15
0 15
0 15
0 15
0 15
0 15
0 15
0 15
0 15
0 15
0 15
0 15
0 15
0 15
0 15
0 15
0 15
0 15
0 15
0 15
0 15
0 15
0 15
0 15
0 15
0 15
0 15
0 15
0 15
0 15
0 15
0 15
0 15
0 15
0 15
0 15
0 15
0 15
0 15
0 15
0 15
0 15
0 15
0 15
0 15
0 15
0 15
0 15
0 15
0 15
0 15
0 15
0 15
0 15
0 15
0 15
0 15
0 15
0 15
0 15
0 15
0 15
0 15
0 15
0 15
0 15
0 15
0 15
0 15
0 15
0 15
0 15
0 15
0 15
0 15
0 15
0 15
0 15
0 15
0 15
0 15
0 15
0 15
0 15
0 15
0 15
0 15
0 15
0 15
0 15
0 15
0 15
0 15
0 15
0 15
0 15
0 15
0 15
0 15
0 15
0 15
0 15
0 15
0 15
0 15
0 15
0 15
0 15
0 15
0 15
0 15
0 15
0 15
0 15
0 15
0 15
0 15
0 15
0 15
0 15
0 15
0 15
0 15
0 15
0 15
0 15
0 15
0 15
0 15
0 15
0 15
0 15
0 15
0 15
0 15
0 15
0 15
0 15
0 15
0 15
0 15
0 15
0 15
0 15
0 15
0 15
0 15
0 15
0 15
0 15
0 15
0 15
0 15
0 15
0 15
0 15
0 15
0 15
0 15
0 15
0 15
0 15
0 15
0 15
0 15
0 15
0 15
0 15
0 15
0 15
0 15
0 15
0 15
0 15
0 15
0 15
0 15
0 15
0 15
0 15
0 15
0 15
0 15
0 15
0 15
0 15
0 15
0 15
0 15
0 15
0 15
0 15
0 15
0 15
0 15
0 15
0 15
0 15
0 15
0 15
0 15
0 15
0 15
0 15
0 15
0 15
0 15
0 15
0 15
0 15
0 15
0 15
0 15
0 15
0 15
0 15
0 15
0 15
0 15
0 15
0 15
0 15
0 15
0 15
0 15
0 15
0 15
0 15
0 15
0 15
0 15
0 15
0 15
0 15
0 15
0 15
0 15
0 15
0 15
0 15
0 15
0 15
0 15
0 15
0 15
0 15
0 15
0 15
0 15
0 15
0 15
0 15
0 15
0 15
0 15
0 15
0 15
0 15
0 15
0 15
0 15
0 15
0 15
0 15
0 15
0 15
0 15
0 15
0 15
0 15
0 15
0 15
0 15
0 15
0 15
0 15
0 15
0 15
0 15
0 15
0 15
0 15
0 15
0 15
0 15
0 15
0 15
0 15
0 15
0 15
0 15
0 15
0 15
0 15
0 15
0 15
0 15
0 15
0 15
0 15
0 15
0 15
0 15
0 15
0 15
0 15
0 15
0 15
0 15
0 15
0 15
0 15
0 15
0 15
0 15
0 15
0 15
0 15
0 15
0 15
0 15
0 15
0 15
0 15
0 15
0 15
0 15
0 15
0 15
0 15
0 15
0 15
0 15
0 15
0 15
0 15
0 15
0 15
0 15
0 15
0 15
0 15
0 15
0 15
0 15
0 15
0 15
0 15
0 15
0 15
0 15
0 15
0 15
0 15
0 15
0 15
0 15
0 15
0 15
0 15
0 15
0 15
0 15
0 15
0 15
0 15
0 15
0 15
0 15
0 15
0 15
0 15
0 15
0 15
0 15
0 15
0 15
0 15
0 15
0 15
0 15
0 15
0 15
0 15
0 15
0 15
0 15
0 15
0 15
0 15
0 15
0 15
0 15
0 15
0 15
0 15
0 15
0 15
0 15
0 15
0 15
0 15
0 15
0 15
0 15
0 15
0 15
0 15
0 15
0 15
0 15
0 15
0 15
0 15
0 15
0 15
0 15
0 15
0 15
0 15
0 15
0 15
0 15
0 15
0 15
0 15
0 15
0 15
0 15
0 15
0 15
0 15
0 15
0 15
0 15
0 15
0 15
0 15
0 15
0 15
0 15
0 15
0 15
0 15
0 15
0 15
0 15
0 15
0 15
0 15
0 15
0 15
0 15
0 15
0 15
0 15
0 15
0 15
0 15
0 15
0 15
0 15
0 15
0 15
0 15
0 15
0 15
0 15
0 15
0 15
0 15
0 15
0 15
0 15
0 15
0 15
0 15
0 15
0 15
0 15
0 15
0 15
0 15
0 15
0 15
0 15
0 15
0 15
0 15
0 15
0 15
0 15
0 15
0 15
0 15
0 15
0 15
0 15
0 15
0 15
0 15
0 15
0 15
0 15
0 15
0 15
0 15
0 15
0 15
0 15
0 15
0 15
0 15
0 15
0 15
0 15
0 15
0 15
0 15
0 15
0 15
0 15
0 15
0 15
0 15
0 15
0 15
0 15
0 15
0 15
0 15
0 15
0 15
0 15
0 15
0 15
0 15
0 15
0 15
0 15
0 15
0 15
0 15
0 15
0 15
0 15
0 15
0 15
0 15
0 15
0 15
0 15
0 15
0 15
0 15
0 15
0 15
0 15
0 15
0 15
0 15
0 15
0 15
0 15
0 15
0 15
0 15
0 15
0 15
0 15
0 15
0 15
0 15
0 15
0 15
0 15
0 15
0 15
0 15
0 15
0 15
0 15
0 15
0 15
0 15
0 15
0 15
0 15
0 15
0 15
0 15
0 15
0 15
0 15
0 15
0 15
0 15
0 15
0 15
0 15
0 15
0 15
0 15
0 15
0 15
0 15
0 15
0 15
0 15
0 15
0 15
0 15
0 15
0 15
0 15
0 15
0 15
0 15
0 15
0 15
0 15
0 15
0 15
0 15
0 15
0 15
0 15
0 15
0 15
0 15
0 15
0 15
0 15
0 15
0 15
0 15
0 15
0 15
0 15
0 15
0 15
0 15
0 15
0 15
0 15
0 15
0 15
0 15
0 15
0 15
0 15
0 15
0 15
0 15
0 15
0 15
0 15
0 15
0 15
0 15
0 15
0 15
0 15
0 15
0 15
0 15
0 15
0 15
0 15
0 15
0 15
0 15
0 15
0 15
0 15
0 15
0 15
0 15
0 15
0 15
0 15
0 15
0 15
0 15
0 15
0 15
0 15
0 15
0 15
0 15
0 15
0 15
0 15
0 15
0 15
0 15
0 15
0 15
0 15
0 15
0 15
0 15
0 15
0 15
0 15
0 15
0 15
0 15
0 15
0 15
0 15
0 15
0 15
0 15
0 15
0 15
0 15
0 15
0 15
0 15
0 15
0 15
0 15
0 15
0 15
0 15
0 15
0 15
0 15
0 15
0 15
0 15
0 15
0 15
0 15
0 15
0 15
0 15
0 15
0 15
0 15
0 15
0 15
0 15
0 15
0 15
0 15
0 15
0 15
0 15
0 15
0 15
0 15
0 15
0 15
0 15
0 15
0 15
0 15
0 15
0 15
0 15
0 15
0 15
0 15
0 15
0 15
0 15
0 15
0 15
0 15
0 15
0 15
0 15
0 15
0 15
0 15
0 15
0 15
0 15
0 15
0 15
0 15
0 15
0 15
0 15
0 15
0 15
0 15
0 15
0 15
0 15
0 15
0 15
0 15
0 15
0 15
0 15
0 15
0 15
0 15
0 15
0 15
0 15
0 15
0 15
0 15
0 15
0 15
0 15
0 15
0 15
0 15
0 15
0 15
0 15
0 15
0 15
0 15
0 15
0 15
0 15
0 15
0 15
0 15
0 15
0 15
0 15
0 15
0 15
0 15
0 15
0 15
0 15
0 15
0 15
0 15
0 15
0 15
0 15
0 15
0 15
0 15
0 15
0 15
0 15
0 15
0 15
0 15
0 15
0 15
0 15
0 15
0 15
0 15
0 15
0 15
0 15
0 15
0 15
0 15
0 15
0 15
0 15
0 15
0 15
0 15
0 15
0 15
0 15
0 15
0 15
0 15
0 15
0 15
0 15
0 15
0 15
0 15
0 15
0 15
0 15
0 15
0 15
0 15
0 15
0 15
0 15
0 15
0 15
0 15
0 15
0 15
0 15
0 15
0 15
0 15
0 15
0 15
0 15
0 15
0 15
0 15
0 15
0 15
0 15
0 15
0 15
0 15
0 15
0 15
0 15
0 15
0 15
0 15
0 15
0 15
0 15
0 15
0 15
0 15
0 15
0 15
0 15
0 15
0 15
0 15
0 15
0 15
0 15
0 15
0 15
0 15
0 15
0 15
0 15
0 15
0 15
0 15
0 15
0 15
0 15
0 15
0 15
0 15
0 15
0 15
0 15
0 15
0 15
0 15
0 15
0 15
0 15
0 15
0 15
0 15
0 15
0 15
0 15
0 15
0 15
0 15
0 15
0 15
0 15
0 15
0 15
0 15
0 15
0 15
0 15
0 15
0 15
0 15
0 15
0 15
0 15
0 15
0 15
0 15
0 15
0 15
0 15
0 15
0 15
0 15
0 15
0 15
0 15
0 15
0 15
0 15
0 15
0 15
0 15
0 15
0 15
0 15
0 15
0 15
0 15
0 15
0 15
0 15
0 15
0 15
0 15
0 15
0 15
0 15
0 15
0 15
0 15
0 15
0 15
0 15
0 15
0 15
0 15
0 15
0 15
0 15
0 15
0 15
0 15
0 15
0 15
0 15
0 15
0 15
0 15
0 15
0 15
0 15
0 15
0 15
0 15
0 15
0 15
0 15
0 15
0 15
0 15
0 15
0 15
0 15
0 15
0 15
0 15
0 15
0 15
0 15
0 15
0 15
0 15
0 15
0 15
0 15
0 15
0 15
0 15
0 15
0 15
0 15
0 15
0 15
0 15
0 15
0 15
0 15
0 15
0 15
0 15
0 15
0 15
0 15
0 15
0 15
0 15
0 15
0 15
0 15
0 15
0 15
0 15
0 15
0 15
0 15
0 15
0 15
0 15
0 15
0 15
0 15
0 15
0 15
0 15
0 15
0 15
0 15
0 15
0 15
0 15
0 15
0 15
0 15
0 15
0 15
0 15
0 15
0 15
0 15
0 15
0 15
0 15
0 15
0 15
0 15
0 15
0 15
0 15
0 15
0 15
0 15
0 15
0 15
0 15
0 15
0 15
0 15
0 15
0 15
0 15
0 15
0 15
0 15
0 15
0 15
0 15
0 15
0 15
0 15
0 15
0 15
0 15
0 15
0 15
0 15
0 15
0 15
0 15
0 15
0 15
0 15
0 15
0 15
0 15
0 15
0 15
0 15
0 15
0 15
0 15
0 15
0 15
0 15
0 15
0 15
0 15
0 15
0 15
0 15
0 15
0 15
0 15
0 15
0 15
0 15
0 15
0 15
0 15
0 15
0 15
0 15
0 15
0 15
0 15
0 15
0 15
0 15
0 15
0 15
0 15
0 15
0 15
0 15
0 15
0 15
0 15
0 15
0 15
0 15
0 15
0 15
0 15
0 15
0 15
0 15
0 15
0 15
0 15
0 15
0 15
0 15
0 15
0 15
0 15
0 15
0 15
0 15
0 15
0 15
0 15
0 15
0 15
0 15
0 15
0 15
0 15
0 15
0 15
0 15
0 15
0 15
0 15
0 15
0 15
0 15
0 15
0 15
0 15
0 15
0 15
0 15
0 15
0 15
0 15
0 15
0 15
0 15
0 15
0 15
0 15
0 15
0 15
0 15
0 15
0 15
0 15
0 15
0 15
0 15
0 15
0 15
0 15
0 15
0 15
0 15
0 15
0 15
0 15
0 15
0 15
0 15
0 15
0 15
0 15
0 15
0 15
0 15
0 15
0 15
0 15
0 15
0 15
0 15
0 15
0 15
0 15
0 15
0 15
0 15
0 15
0 15
0 15
0 15
0 15
0 15
0 15
0 15
0 15
0 15
0 15
0 15
0 15
0 15
0 15
0 15
0 15
0 15
0 15
0 15
0 15
0 15
0 15
0 15
0 15
0 15
0 15
0 15
0 15
0 15
0 15
0 15
0 15
0 15
0 15
0 15
0 15
0 15
0 15
0 15
0 15
0 15
0 15
0 15
0 15
0 15
0 15
0 15
0 15
0 15
0 15
0 15
0 15
0 15
0 15
0 15
0 15
0 15
0 15
0 15
0 15
0 15
0 15
0 15
0 15
0 15
0 15
0 15
0 15
0 15
0 15
0 15
0 15
0 15
0 15
0 15
0 15
0 15
0 15
0 15
0 15
0 15
0 15
0 15
0 15
0 15
0 15
0 15
0 15
0 15
0 15
0 15
0 15
0 15
0 15
0 15
0 15
0 15
0 15
0 15
0 15
0 15
0 15
0 15
0 15
0 15
0 15
0 15
0 15
0 15
0 15
0 15
0 15
0 15
0 15
0 15
0 15
0 15
0 15
0 15
0 15
0 15
0 15
0 15
0 15
0 15
0 15
0 15
0 15
0 15
0 15
0 15
0 15
0 15
0 15
0 15
0 15
0 15
0 15
0 15
0 15
0 15
0 15
0 15
0 15
0 15
0 15
0 15
0 15
0 15
0 15
0 15
0 15
0 15
0 15
0 15
0 15
0 15
0 15
0 15
0 15
0 15
0 15
0 15
0 15
0 15
0 15
0 15
0 15
0 15
0 15
0 15
0 15
0 15
0 15
0 15
0 15
0 15
0 15
0 15
0 15
0 15
0 15
0 15
0 15
0 15
0 15
0 15
0 15
0 15
0 15
0 15
0 15
0 15
0 15
0 15
0 15
0 15
0 15
0 15
0 15
0 15
0 15
0 15
0 15
0 15
0 15
0 15
0 15
0 15
0 15
0 15
0 15
0 15
0 15
0 15
0 15
0 15
0 15
0 15
0 15
0 15
0 15
0 15
0 15
0 15
0 15
0 15
0 15
0 15
0 15
0 15
0 15
0 15
0 15
0 15
0 15
0 15
0 15
0 15
0 15
0 15
0 15
0 15
0 15
0 15
0 15
0 15
0 15
0 15
0 15
0 15
0 15
0 15
0 15
0 15
0 15
0 15
0 15
0 15
0 15
0 15
0 15
0 15
0 15
0 15
0 15
0 15
0 15
0 15
0 15
0 15
0 15
0 15
0 15
0 15
0 15
0 15
0 15
0 15
0 15
0 15
0 15
0 15
0 15
0 15
0 15
0 15
0 15
0 15
0 15
0 15
0 15
0 15
0 15
0 15
0 15
0 15
0 15
0 15
0 15
0 15
0 15
0 15
0 15
0 15
0 15
0 15
0 15
0 15
0 15
0 15
0 15
0 15
0 15
0 15
0 15
0 15
0 15
0 15
0 15
0 15
0 15
0 15
0 15
0 15
0 15
0 15
0 15
0 15
0 15
0 15
0 15
0 15
0 15
0 15
0 15
0 15
0 15
0 15
0 15
0 15
0 15
0 15
0 15
0 15
0 15
0 15
0 15
0 15
0 15
0 15
0 15
0 15
0 15
0 15
0 15
0 15
0 15
0 15
0 15
0 15
0 15
0 15
0 15
0 15
0 15
0 15
0 15
0 15
0 15
0 15
0 15
0 15
0 15
0 15
0 15
0 15
0 15
0 15
0 15
0 15
0 15
0 15
0 15
0 15
0 15
0 15
0 15
0 15
0 15
0 15
0 15
0 15
0 15
0 15
0 15
0 15
0 15
0 15
0 15
0 15
0 15
0 15
0 15
0 15
0 15
0 15
0 15
0 15
0 15
0 15
0 15
0 15
0 15
0 15
0 15
0 15
0 15
0 15
0 15
0 15
0 15
0 15
0 15
0 15
0 15
0 15
0 15
0 15
0 15
0 15
0 15
0 15
0 15
0 15
0 15
0 15
0 15
0 15
0 15
0 15
0 15
0 15
0 15
0 15
0 15
0 15
0 15
0 15
0 15
0 15
0 15
0 15
0 15
0 15
0 15
0 15
0 15
0 15
0 15
0 15
0 15
0 15
0 15
0 15
0 15
0 15
0 15
0 15
0 15
0 15
0 15
0 15
0 15
0 15
0 15
0 15
0 15
0 15
0 15
0 15
0 15
0 15
0 15
0 15
0 15
0 15
0 15
0 15
0 15
0 15
0 15
0 15
0 15
0 15
0 15
0 15
0 15
0 15
0 15
0 15
0 15
0 15
0 15
0 15
0 15
0 15
0 15
0 15
0 15
0 15
0 15
0 15
0 15
0 15
0 15
0 15
0 15
0 15
0 15
0 15
0 15
0 15
0 15
0 15
0 15
0 15
0 15
0 15
0 15
0 15
0 15
0 15
0 15
0 15
0 15
0 15
0 15
0 15
0 15
0 15
0 15
0 15
0 15
0 15
0 15
0 15
0 15
0 15
0 15
0 15
0 15
0 15
0 15
0 15
0 15
0 15
0 15
0 15
0 15
0 15
0 15
0 15
0 15
0 15
0 15
0 15
0 15
0 15
0 15
0 15
0 15
0 15
0 15
0 15
0 15
0 15
0 15
0 15
0 15
0 15
0 15
0 15
0 15
0 15
0 15
0 15
0 15
0 15
0 15
0 15
0 15
0 15
0 15
0 15
0 15
0 15
0 15
0 15
0 15
0 15
0 15
0 15
0 15
0 15
0 15
0 15
0 15
0 15
0 15
0 15
0 15
0 15
0 15
0 15
0 15
0 15
0 15
0 15
0 15
0 15
0 15
0 15
0 15
0 15
0 15
0 15
0 15
0 15
0 15
0 15
0 15
0 15
0 15
0 15
0 15
0 15
0 15
0 15
0 15
0 15
0 15
0 15
0 15
0 15
0 15
0 15
0 15
0 15
0 15
0 15
0 15
0 15
0 15
0 15
0 15
0 15
0 15
0 15
0 15
0 15
0 15
0 15
0 15
0 15
0 15
0 15
0 15
0 15
0 15
0 15
0 15
0 15
0 15
0 15
0 15
0 15
0 15
0 15
0 15
0 15
0 15
0 15
0 15
0 15
0 15
0 15
0 15
0 15
0 15
0 15
0 15
0 15
0 15
0 15
0 15
0 15
0 15
0 15
0 15
0 15
0 15
0 15
0 15
0 15
0 15
0 15
0 15
0 15
0 15
0 15
0 15
0 15
0 15
0 15
0 15
0 15
0 15
0 15
0 15
0 15
0 15
0 15
0 15
0 15
0 15
0 15
0 15
0 15
0 15
0 15
0 15
0 15
0 15
0 15
0 15
0 15
0 15
0 15
0 15
0 15
0 15
0 15
0 15
0 15
0 15
0 15
0 15
0 15
0 15
0 15
0 15
0 15
0 15
0 15
0 15
0 15
0 15
0 15
0 15
0 15
0 15
0 15
0 15
0 15
0 15
0 15
0 15
0 15
0 15
0 15
0 15
0 15
0 15
0 15
0 15
0 15
0 15
0 15
0 15
0 15
0 15
0 15
0 15
0 15
0 15
0 15
0 15
0 15
0 15
0 15
0 15
0 15
0 15
0 15
0 15
0 15
0 15
0 15
0 15
0 15
0 15
0 15
0 15
0 15
0 15
0 15
0 15
0 15
0 15
0 15
0 15
0 15
0 15
0 15
0 15
0 15
0 15
0 15
0 15
0 15
0 15
0 15
0 15
0 15
0 15
0 15
0 15
0 15
0 15
0 15
0 15
0 15
0 15
0 15
0 15
0 15
0 15
0 15
0 15
0 15
0 15
0 15
0 15
0 15
0 15
0 15
0 15
0 15
0 15
0 15
0 15
0 15
0 15
0 15
0 15
0 15
0 15
0 15
0 15
0 15
0 15
0 15
0 15
0 15
0 15
0 15
0 15
0 15
0 15
0 15
0 15
0 15
0 15
0 15
0 15
0 15
0 15
0 15
0 15
0 15
0 15
0 15
0 15
0 15
0 15
0 15
0 15
0 15
0 15
0 15
0 15
0 15
0 15
0 15
0 15
0 15
0 15
0 15
0 15
0 15
0 15
0 15
0 15
0 15
0 15
0 15
0 15
0 15
0 15
0 15
0 15
0 15
0 15
0 15
0 15
0 15
0 15
0 15
0 15
0 15
0 15
0 15
0 15
0 15
0 15
0 15
0 15
0 15
0 15
0 15
0 15
0 15
0 15
0 15
0 15
0 15
0 15
0 15
0 15
0 15
0 15
0 15
0 15
0 15
0 15
0 15
0 15
0 15
0 15
0 15
0 15
0 15
0 15
0 15
0 15
0 15
0 15
0 15
0 15
0 15
0 15
0 15
0 15
0 15
0 15
0 15
0 15
0 15
0 15
0 15
0 15
0 15
0 15
0 15
0 15
0 15
0 15
0 15
0 15
0 15
0 15
0 15
0 15
0 15
0 15
0 15
0 15
0 15
0 15
0 15
0 15
0 15
0 15
0 15
0 15
0 15
0 15
0 15
0 15
0 15
0 15
0 15
0 15
0 15
0 15
0 15
0 15
0 15
0 15
0 15
0 15
0 15
0 15
0 15
0 15
0 15
0 15
0 15
0 15
0 15
0 15
0 15
0 15
0 15
0 15
0 15
0 15
0 15
0 15
0 15
0 15
0 15
0 15
0 15
0 15
0 15
0 15
0 15
0 15
0 15
0 15
0 15
0 15
0 15
0 15
0 15
0 15
0 15
0 15
0 15
0 15
0 15
0 15
0 15
0 15
0 15
0 15
0 15
0 15
0 15
0 15
0 15
0 15
0 15
0 15
0 15
0 15
0 15
0 15
0 15
0 15
0 15
0 15
0 15
0 15
0 15
0 15
0 15
0 15
0 15
0 15
0 15
0 15
0 15
0 15
0 15
0 15
0 15
0 15
0 15
0 15
0 15
0 15
0 15
0 15
0 15
0 15
0 15
0 15
0 15
0 15
0 15
0 15
0 15
0 15
0 15
0 15
0 15
0 15
0 15
0 15
0 15
0 15
0 15
0 15
0 15
0 15
0 15
0 15
0 15
0 15
0 15
0 15
0 15
0 15
0 15
0 15
0 15
0 15
0 15
0 15
0 15
0 15
0 15
0 15
0 15
0 15
0 15
0 15
0 15
0 15
0 15
0 15
0 15
0 15
0 15
0 15
0 15
0 15
0 15
0 15
0 15
0 15
0 15
0 15
0 15
0 15
0 15
0 15
0 15
0 15
0 15
0 15
0 15
0 15
0 15
0 15
0 15
0 15
0 15
0 15
0 15
0 15
0 15
0 15
0 15
0 15
0 15
0 15
0 15
0 15
0 15
0 15
0 15
0 15
0 15
0 15
0 15
0 15
0 15
0 15
0 15
0 15
0 15
0 15
0 15
0 15
0 15
0 15
0 15
0 15
0 15
0 15
0 15
0 15
0 15
0 15
0 15
0 15
0 15
0 15
0 15
0 15
0 15
0 15
0 15
0 15
0 15
0 15
0 15
0 15
0 15
0 15
0 15
0 15
0 15
0 15
0 15
1 14
1 14
1 14
1 14
1 14
1 14
1 14
1 14
1 14
1 14
1 14
1 14
1 14
1 14
1 14
1 14
1 14
1 14
1 14
1 14
1 14
1 14
1 14
1 14
1 14
1 14
1 14
1 14
1 14
1 14
1 14
1 14
1 14
1 14
1 14
1 14
1 14
1 14
1 14
1 14
1 14
1 14
1 14
1 14
1 14
1 14
1 14
1 14
1 14
1 14
1 14
1 14
1 14
1 14
1 14
1 14
1 14
1 14
1 14
1 14
1 14
1 14
1 14
1 14
1 14
1 14
1 14
1 14
1 14
1 14
1 14
1 14
1 14
1 14
1 14
1 14
1 14
1 14
1 14
1 14
1 14
1 14
1 14
1 14
1 14
1 14
1 14
1 14
1 14
1 14
1 14
1 14
1 14
1 14
1 14
1 14
1 14
1 14
1 14
1 14
1 14
1 14
1 14
1 14
1 14
1 14
1 14
1 14
1 14
1 14
1 14
1 14
1 14
1 14
1 14
1 14
1 14
1 14
1 14
1 14
1 14
1 14
1 14
1 14
1 14
1 14
1 14
1 14
1 14
1 14
1 14
1 14
1 14
1 14
1 14
1 14
1 14
1 14
1 14
1 14
1 14
1 14
1 14
1 14
1 14
1 14
1 14
1 14
1 14
1 14
1 14
1 14
1 14
1 14
1 14
1 14
1 14
1 14
1 14
1 14
1 14
1 14
1 14
1 14
1 14
1 14
1 14
1 14
1 14
1 14
1 14
1 14
1 14
1 14
1 14
1 14
1 14
1 14
1 14
1 14
1 14
1 14
1 14
1 14
1 14
1 14
1 14
1 14
1 14
1 14
1 14
1 14
1 14
1 14
1 14
1 14
1 14
1 14
1 14
1 14
1 14
1 14
1 14
1 14
1 14
1 14
1 14
1 14
1 14
1 14
1 14
1 14
1 14
1 14
1 14
1 14
1 14
1 14
1 14
1 14
1 14
1 14
1 14
1 14
1 14
1 14
1 14
1 14
1 14
1 14
1 14
1 14
1 14
1 14
1 14
1 14
1 14
1 14
1 14
1 14
1 14
1 14
1 14
1 14
1 14
1 14
1 14
1 14
1 14
1 14
1 14
1 14
1 14
1 14
1 14
1 14
1 14
1 14
1 14
1 14
1 14
1 14
1 14
1 14
1 14
1 14
1 14
1 14
1 14
1 14
1 14
1 14
1 14
1 14
1 14
1 14
1 14
1 14
1 14
1 14
1 14
1 14
1 14
1 14
1 14
1 14
1 14
1 14
1 14
1 14
1 14
1 14
1 14
1 14
1 14
1 14
1 14
1 14
1 14
1 14
1 14
1 14
1 14
1 14
1 14
1 14
1 14
1 14
1 14
1 14
1 14
1 14
1 14
1 14
1 14
1 14
1 14
1 14
1 14
1 14
1 14
1 14
1 14
1 14
1 14
1 14
1 14
1 14
1 14
1 14
1 14
1 14
1 14
1 14
1 14
1 14
1 14
1 14
1 14
1 14
1 14
1 14
1 14
1 14
1 14
1 14
1 14
1 14
1 14
1 14
1 14
1 14
1 14
1 14
1 14
1 14
1 14
1 14
1 14
1 14
1 14
1 14
1 14
1 14
1 14
1 14
1 14
1 14
1 14
1 14
1 14
1 14
1 14
1 14
1 14
1 14
1 14
1 14
1 14
1 14
1 14
1 14
1 14
1 14
1 14
1 14
1 14
1 14
1 14
1 14
1 14
1 14
1 14
1 14
1 14
1 14
1 14
1 14
1 14
1 14
1 14
1 14
1 14
1 14
1 14
1 14
1 14
1 14
1 14
1 14
1 14
1 14
1 14
1 14
1 14
1 14
1 14
1 14
1 14
1 14
1 14
1 14
1 14
1 14
1 14
1 14
1 14
1 14
1 14
1 14
1 14
1 14
1 14
1 14
1 14
1 14
1 14
1 14
1 14
1 14
1 14
1 14
1 14
1 14
1 14
1 14
1 14
1 14
1 14
1 14
1 14
1 14
1 14
1 14
1 14
1 14
1 14
1 14
1 14
1 14
1 14
1 14
1 14
1 14
1 14
1 14
1 14
1 14
1 14
1 14
1 14
1 14
1 14
1 14
1 14
1 14
1 14
1 14
1 14
1 14
1 14
1 14
1 14
1 14
1 14
1 14
1 14
1 14
1 14
1 14
1 14
1 14
1 14
1 14
1 14
1 14
1 14
1 14
1 14
1 14
1 14
1 14
1 14
1 14
1 14
1 14
1 14
1 14
1 14
1 14
1 14
1 14
1 14
1 14
1 14
1 14
1 14
1 14
1 14
1 14
1 14
1 14
1 14
1 14
1 14
1 14
1 14
1 14
1 14
1 14
1 14
1 14
1 14
1 14
1 14
1 14
1 14
1 14
1 14
1 14
1 14
1 14
1 14
1 14
1 14
1 14
1 14
1 14
1 14
1 14
1 14
1 14
1 14
1 14
1 14
1 14
1 14
1 14
1 14
1 14
1 14
1 14
1 14
1 14
1 14
1 14
1 14
1 14
1 14
1 14
1 14
1 14
1 14
1 14
1 14
1 14
1 14
1 14
1 14
1 14
1 14
1 14
1 14
1 14
1 14
1 14
1 14
1 14
1 14
1 14
1 14
1 14
1 14
1 14
1 14
1 14
1 14
1 14
1 14
1 14
1 14
1 14
1 14
1 14
1 14
1 14
1 14
1 14
1 14
1 14
1 14
1 14
1 14
1 14
1 14
1 14
1 14
1 14
1 14
1 14
1 14
1 14
1 14
1 14
1 14
1 14
1 14
1 14
1 14
1 14
1 14
1 14
1 14
1 14
1 14
1 14
1 14
1 14
1 14
1 14
1 14
1 14
1 14
1 14
1 14
1 14
1 14
1 14
1 14
1 14
1 14
1 14
1 14
1 14
1 14
1 14
1 14
1 14
1 14
1 14
1 14
1 14
1 14
1 14
1 14
1 14
1 14
1 14
1 14
1 14
1 14
1 14
1 14
1 14
1 14
1 14
1 14
1 14
1 14
1 14
1 14
1 14
1 14
1 14
1 14
1 14
1 14
1 14
1 14
1 14
1 14
1 14
1 14
1 14
1 14
1 14
1 14
1 14
1 14
1 14
1 14
1 14
1 14
1 14
1 14
1 14
1 14
1 14
1 14
1 14
1 14
1 14
1 14
1 14
1 14
1 14
1 14
1 14
1 14
1 14
1 14
1 14
1 14
1 14
1 14
1 14
1 14
1 14
1 14
1 14
1 14
1 14
1 14
1 14
1 14
1 14
1 14
1 14
1 14
1 14
1 14
1 14
1 14
1 14
1 14
1 14
1 14
1 14
1 14
1 14
1 14
1 14
1 14
1 14
1 14
1 14
1 14
1 14
1 14
1 14
1 14
1 14
1 14
1 14
1 14
1 14
1 14
1 14
1 14
1 14
1 14
1 14
1 14
1 14
1 14
1 14
1 14
1 14
1 14
1 14
1 14
1 14
1 14
1 14
1 14
1 14
1 14
1 14
1 14
1 14
1 14
1 14
1 14
1 14
1 14
1 14
1 14
1 14
1 14
1 14
1 14
1 14
1 14
1 14
1 14
1 14
1 14
1 14
1 14
1 14
1 14
1 14
1 14
1 14
1 14
1 14
1 14
1 14
1 14
1 14
1 14
1 14
1 14
1 14
1 14
1 14
1 14
1 14
1 14
1 14
1 14
1 14
1 14
1 14
1 14
1 14
1 14
1 14
1 14
1 14
1 14
1 14
1 14
1 14
1 14
1 14
1 14
1 14
1 14
1 14
1 14
1 14
1 14
1 14
1 14
1 14
1 14
1 14
1 14
1 14
1 14
1 14
1 14
1 14
1 14
1 14
1 14
1 14
1 14
1 14
1 14
1 14
1 14
1 14
1 14
1 14
1 14
1 14
1 14
1 14
1 14
1 14
1 14
1 14
1 14
1 14
1 14
1 14
1 14
1 14
1 14
1 14
1 14
1 14
1 14
1 14
1 14
1 14
1 14
1 14
1 14
1 14
1 14
1 14
1 14
1 14
1 14
1 14
1 14
1 14
1 14
1 14
1 14
1 14
1 14
1 14
1 14
1 14
1 14
1 14
1 14
1 14
1 14
1 14
1 14
1 14
1 14
1 14
1 14
1 14
1 14
1 14
1 14
1 14
1 14
1 14
1 14
1 14
1 14
1 14
1 14
1 14
1 14
1 14
1 14
1 14
1 14
1 14
1 14
1 14
1 14
1 14
1 14
1 14
1 14
1 14
1 14
1 14
1 14
1 14
1 14
1 14
1 14
1 14
1 14
1 14
1 14
1 14
1 14
1 14
1 14
1 14
1 14
1 14
1 14
1 14
1 14
1 14
1 14
1 14
1 14
1 14
1 14
1 14
1 14
1 14
1 14
1 14
1 14
1 14
1 14
1 14
1 14
1 14
1 14
1 14
1 14
1 14
1 14
1 14
1 14
1 14
1 14
1 14
1 14
1 14
1 14
1 14
1 14
1 14
1 14
1 14
1 14
1 14
1 14
1 14
1 14
1 14
1 14
1 14
1 14
1 14
1 14
1 14
1 14
1 14
1 14
1 14
1 14
1 14
1 14
1 14
1 14
1 14
1 14
1 14
1 14
1 14
1 14
1 14
1 14
1 14
1 14
1 14
1 14
1 14
1 14
1 14
1 14
1 14
1 14
1 14
1 14
1 14
1 14
1 14
1 14
1 14
1 14
1 14
1 14
1 14
1 14
1 14
1 14
1 14
1 14
1 14
1 14
1 14
1 14
1 14
1 14
1 14
1 14
1 14
1 14
1 14
1 14
1 14
1 14
1 14
1 14
1 14
1 14
1 14
1 14
1 14
1 14
1 14
1 14
1 14
1 14
1 14
1 14
1 14
1 14
1 14
1 14
1 14
1 14
1 14
1 14
1 14
1 14
1 14
1 14
1 14
1 14
1 14
1 14
1 14
1 14
1 14
1 14
1 14
1 14
1 14
1 14
1 14
1 14
1 14
1 14
1 14
1 14
1 14
1 14
1 14
1 14
1 14
1 14
1 14
1 14
1 14
1 14
1 14
1 14
1 14
1 14
1 14
1 14
1 14
1 14
1 14
1 14
1 14
1 14
1 14
1 14
1 14
1 14
1 14
1 14
1 14
1 14
1 14
1 14
1 14
1 14
1 14
1 14
1 14
1 14
1 14
1 14
1 14
1 14
1 14
1 14
1 14
1 14
1 14
1 14
1 14
1 14
1 14
1 14
1 14
1 14
1 14
1 14
1 14
1 14
1 14
1 14
1 14
1 14
1 14
1 14
1 14
1 14
1 14
1 14
1 14
1 14
1 14
1 14
1 14
1 14
1 14
1 14
1 14
1 14
1 14
1 14
1 14
1 14
1 14
1 14
1 14
1 14
1 14
1 14
1 14
1 14
1 14
1 14
1 14
1 14
1 14
1 14
1 14
1 14
1 14
1 14
1 14
1 14
1 14
1 14
1 14
1 14
1 14
1 14
1 14
1 14
1 14
1 14
1 14
1 14
1 14
1 14
1 14
1 14
1 14
1 14
1 14
1 14
1 14
1 14
1 14
1 14
1 14
1 14
1 14
1 14
1 14
1 14
1 14
1 14
1 14
1 14
1 14
1 14
1 14
1 14
1 14
1 14
1 14
1 14
1 14
1 14
1 14
1 14
1 14
1 14
1 14
1 14
1 14
1 14
1 14
1 14
1 14
1 14
1 14
1 14
1 14
1 14
1 14
1 14
1 14
1 14
1 14
1 14
1 14
1 14
1 14
1 14
1 14
1 14
1 14
1 14
1 14
1 14
1 14
1 14
1 14
1 14
1 14
1 14
1 14
1 14
1 14
1 14
1 14
1 14
1 14
1 14
1 14
1 14
1 14
1 14
1 14
1 14
1 14
1 14
1 14
1 14
1 14
1 14
1 14
1 14
1 14
1 14
1 14
1 14
1 14
1 14
1 14
1 14
1 14
1 14
1 14
1 14
1 14
1 14
1 14
1 14
1 14
1 14
1 14
1 14
1 14
1 14
1 14
1 14
1 14
1 14
1 14
1 14
1 14
1 14
1 14
1 14
1 14
1 14
1 14
1 14
1 14
1 14
1 14
1 14
1 14
1 14
1 14
1 14
1 14
1 14
1 14
1 14
1 14
1 14
1 14
1 14
1 14
1 14
1 14
1 14
1 14
1 14
1 14
1 14
1 14
1 14
1 14
1 14
1 14
1 14
1 14
1 14
1 14
1 14
1 14
1 14
1 14
1 14
1 14
1 14
1 14
1 14
1 14
1 14
1 14
1 14
1 14
1 14
1 14
1 14
1 14
1 14
1 14
1 14
1 14
1 14
1 14
1 14
1 14
1 14
1 14
1 14
1 14
1 14
1 14
1 14
1 14
1 14
1 14
1 14
1 14
1 14
1 14
1 14
1 14
1 14
1 14
1 14
1 14
1 14
1 14
1 14
1 14
1 14
1 14
1 14
1 14
1 14
1 14
1 14
1 14
1 14
1 14
1 14
1 14
1 14
1 14
1 14
1 14
1 14
1 14
1 14
1 14
1 14
1 14
1 14
1 14
1 14
1 14
1 14
1 14
1 14
1 14
1 14
1 14
1 14
1 14
1 14
1 14
1 14
1 14
1 14
1 14
1 14
1 14
1 14
1 14
1 14
1 14
1 14
1 14
1 14
1 14
1 14
1 14
1 14
1 14
1 14
1 14
1 14
1 14
1 14
1 14
1 14
1 14
1 14
1 14
1 14
1 14
1 14
1 14
1 14
1 14
1 14
1 14
1 14
1 14
1 14
1 14
1 14
1 14
1 14
1 14
1 14
1 14
1 14
1 14
1 14
1 14
1 14
1 14
1 14
1 14
1 14
1 14
1 14
1 14
1 14
1 14
1 14
1 14
1 14
1 14
1 14
1 14
1 14
1 14
1 14
1 14
1 14
1 14
1 14
1 14
1 14
1 14
1 14
1 14
1 14
1 14
1 14
1 14
1 14
1 14
1 14
1 14
1 14
1 14
1 14
1 14
1 14
1 14
1 14
1 14
1 14
1 14
1 14
1 14
1 14
1 14
1 14
1 14
1 14
1 14
1 14
1 14
1 14
1 14
1 14
1 14
1 14
1 14
1 14
1 14
1 14
1 14
1 14
1 14
1 14
1 14
1 14
1 14
1 14
1 14
1 14
1 14
1 14
1 14
1 14
1 14
1 14
1 14
1 14
1 14
1 14
1 14
1 14
1 14
1 14
1 14
1 14
1 14
1 14
1 14
1 14
1 14
1 14
1 14
1 14
1 14
1 14
1 14
1 14
1 14
1 14
1 14
1 14
1 14
1 14
1 14
1 14
1 14
1 14
1 14
1 14
1 14
1 14
1 14
1 14
1 14
1 14
1 14
1 14
1 14
1 14
1 14
1 14
1 14
1 14
1 14
1 14
1 14
1 14
1 14
1 14
1 14
1 14
1 14
1 14
1 14
1 14
1 14
1 14
1 14
1 14
1 14
1 14
1 14
1 14
1 14
1 14
1 14
1 14
1 14
1 14
1 14
1 14
1 14
1 14
1 14
1 14
1 14
1 14
1 14
1 14
1 14
1 14
1 14
1 14
1 14
1 14
1 14
1 14
1 14
1 14
1 14
1 14
1 14
1 14
1 14
1 14
1 14
1 14
1 14
1 14
1 14
1 14
1 14
1 14
1 14
1 14
1 14
1 14
1 14
1 14
1 14
1 14
1 14
1 14
1 14
1 14
1 14
1 14
1 14
1 14
1 14
1 14
1 14
1 14
1 14
1 14
1 14
1 14
1 14
1 14
1 14
1 14
1 14
1 14
1 14
1 14
1 14
1 14
1 14
1 14
1 14
1 14
1 14
1 14
1 14
1 14
1 14
1 14
1 14
1 14
1 14
1 14
1 14
1 14
1 14
1 14
1 14
1 14
1 14
1 14
1 14
1 14
1 14
1 14
1 14
1 14
1 14
1 14
1 14
1 14
1 14
1 14
1 14
1 14
1 14
1 14
1 14
1 14
1 14
1 14
1 14
1 14
1 14
1 14
1 14
1 14
1 14
1 14
1 14
1 14
1 14
1 14
1 14
1 14
1 14
1 14
1 14
1 14
1 14
1 14
1 14
1 14
1 14
1 14
1 14
1 14
1 14
1 14
1 14
1 14
1 14
1 14
1 14
1 14
1 14
1 14
1 14
1 14
1 14
1 14
1 14
1 14
1 14
1 14
1 14
1 14
1 14
1 14
1 14
1 14
1 14
1 14
1 14
1 14
1 14
1 14
1 14
1 14
1 14
1 14
1 14
1 14
1 14
1 14
1 14
1 14
1 14
1 14
1 14
1 14
1 14
1 14
1 14
1 14
1 14
1 14
1 14
1 14
1 14
1 14
1 14
1 14
1 14
1 14
1 14
1 14
1 14
1 14
1 14
1 14
1 14
1 14
1 14
1 14
1 14
1 14
1 14
1 14
1 14
1 14
1 14
1 14
1 14
1 14
1 14
1 14
1 14
1 14
1 14
1 14
1 14
1 14
1 14
1 14
1 14
1 14
1 14
1 14
1 14
1 14
1 14
1 14
1 14
1 14
1 14
1 14
1 14
1 14
1 14
1 14
1 14
1 14
1 14
1 14
1 14
1 14
1 14
1 14
1 14
1 14
1 14
1 14
1 14
1 14
1 14
1 14
1 14
1 14
1 14
1 14
1 14
1 14
1 14
1 14
1 14
1 14
1 14
1 14
1 14
1 14
1 14
1 14
1 14
1 14
1 14
1 14
1 14
1 14
1 14
1 14
1 14
1 14
1 14
1 14
1 14
1 14
1 14
1 14
1 14
1 14
1 14
1 14
1 14
1 14
1 14
1 14
1 14
1 14
1 14
1 14
1 14
1 14
1 14
1 14
1 14
1 14
1 14
1 14
1 14
1 14
1 14
1 14
1 14
1 14
1 14
1 14
1 14
1 14
1 14
1 14
1 14
1 14
1 14
1 14
1 14
1 14
1 14
1 14
1 14
1 14
1 14
1 14
1 14
1 14
1 14
1 14
1 14
1 14
1 14
1 14
1 14
1 14
1 14
1 14
1 14
1 14
1 14
1 14
1 14
1 14
1 14
1 14
1 14
1 14
1 14
1 14
1 14
1 14
1 14
1 14
1 14
1 14
1 14
1 14
1 14
1 14
1 14
1 14
1 14
1 14
1 14
1 14
1 14
1 14
1 14
1 14
1 14
1 14
1 14
1 14
1 14
1 14
1 14
1 14
1 14
1 14
1 14
1 14
1 14
1 14
1 14
1 14
1 14
1 14
1 14
1 14
1 14
1 14
1 14
1 14
1 14
1 14
1 14
1 14
1 14
1 14
1 14
1 14
1 14
1 14
1 14
1 14
1 14
1 14
1 14
1 14
1 14
1 14
1 14
1 14
1 14
1 14
1 14
1 14
1 14
1 14
1 14
1 14
1 14
1 14
1 14
1 14
1 14
1 14
1 14
1 14
1 14
1 14
1 14
1 14
1 14
1 14
1 14
1 14
1 14
1 14
1 14
1 14
1 14
1 14
1 14
1 14
1 14
1 14
1 14
1 14
1 14
1 14
1 14
1 14
1 14
1 14
1 14
1 14
1 14
1 14
1 14
1 14
1 14
1 14
1 14
1 14
1 14
1 14
1 14
1 14
1 14
1 14
1 14
1 14
1 14
1 14
1 14
1 14
1 14
1 14
1 14
1 14
1 14
1 14
1 14
1 14
1 14
1 14
1 14
1 14
1 14
1 14
1 14
1 14
1 14
1 14
1 14
1 14
1 14
1 14
1 14
1 14
1 14
1 14
1 14
1 14
1 14
1 14
1 14
1 14
1 14
1 14
1 14
1 14
1 14
1 14
1 14
1 14
1 14
1 14
1 14
1 14
1 14
1 14
1 14
1 14
1 14
1 14
1 14
1 14
1 14
1 14
1 14
1 14
1 14
1 14
1 14
1 14
1 14
1 14
1 14
1 14
1 14
1 14
1 14
1 14
1 14
1 14
1 14
1 14
1 14
1 14
1 14
1 14
1 14
1 14
1 14
1 14
1 14
1 14
1 14
1 14
1 14
1 14
1 14
1 14
1 14
1 14
1 14
1 14
1 14
1 14
1 14
1 14
1 14
1 14
1 14
1 14
1 14
1 14
1 14
1 14
1 14
1 14
1 14
1 14
1 14
1 14
1 14
1 14
1 14
1 14
1 14
1 14
1 14
1 14
1 14
1 14
1 14
1 14
1 14
1 14
1 14
1 14
1 14
1 14
1 14
1 14
1 14
1 14
1 14
1 14
1 14
1 14
1 14
1 14
1 14
1 14
1 14
1 14
1 14
1 14
1 14
1 14
1 14
1 14
1 14
1 14
1 14
1 14
1 14
1 14
1 14
1 14
1 14
1 14
1 14
1 14
1 14
1 14
1 14
1 14
1 14
1 14
1 14
1 14
1 14
1 14
1 14
1 14
1 14
1 14
1 14
1 14
1 14
1 14
1 14
1 14
1 14
1 14
1 14
1 14
1 14
1 14
1 14
1 14
1 14
1 14
1 14
1 14
1 14
1 14
1 14
1 14
1 14
1 14
1 14
1 14
1 14
1 14
1 14
1 14
1 14
1 14
1 14
1 14
1 14
1 14
1 14
1 14
1 14
1 14
1 14
1 14
1 14
1 14
1 14
1 14
1 14
1 14
1 14
1 14
1 14
1 14
1 14
1 14
1 14
1 14
1 14
1 14
1 14
1 14
1 14
1 14
1 14
1 14
1 14
1 14
1 14
1 14
1 14
1 14
1 14
1 14
1 14
1 14
1 14
1 14
1 14
1 14
1 14
1 14
1 14
1 14
1 14
1 14
1 14
1 14
1 14
1 14
1 14
1 14
1 14
1 14
1 14
1 14
1 14
1 14
1 14
1 14
1 14
1 14
1 14
1 14
1 14
1 14
1 14
1 14
1 14
1 14
1 14
1 14
1 14
1 14
1 14
1 14
1 14
1 14
1 14
1 14
1 14
1 14
1 14
1 14
1 14
1 14
1 14
1 14
1 14
1 14
1 14
1 14
1 14
1 14
1 14
1 14
1 14
1 14
1 14
1 14
1 14
1 14
1 14
1 14
1 14
1 14
1 14
1 14
1 14
1 14
1 14
1 14
1 14
1 14
1 14
1 14
1 14
1 14
1 14
1 14
1 14
1 14
1 14
1 14
1 14
1 14
1 14
1 14
1 14
1 14
1 14
1 14
1 14
1 14
1 14
1 14
1 14
1 14
1 14
1 14
1 14
1 14
1 14
1 14
1 14
1 14
1 14
1 14
1 14
1 14
1 14
1 14
1 14
1 14
1 14
1 14
1 14
1 14
1 14
1 14
1 14
1 14
1 14
1 14
1 14
1 14
1 14
1 14
1 14
1 14
1 14
1 14
1 14
1 14
1 14
1 14
1 14
1 14
1 14
1 14
1 14
1 14
1 14
1 14
1 14
1 14
1 14
1 14
1 14
1 14
1 14
1 14
1 14
1 14
1 14
1 14
1 14
1 14
1 14
1 14
1 14
1 14
1 14
1 14
1 14
1 14
1 14
1 14
1 14
1 14
1 14
1 14
1 14
1 14
1 14
1 14
1 14
1 14
1 14
1 14
1 14
1 14
1 14
1 14
1 14
1 14
1 14
1 14
1 14
1 14
1 14
1 14
1 14
1 14
1 14
1 14
1 14
1 14
1 14
1 14
1 14
1 14
1 14
1 14
1 14
1 14
1 14
1 14
1 14
1 14
1 14
1 14
1 14
1 14
1 14
1 14
1 14
1 14
1 14
1 14
1 14
1 14
1 14
1 14
1 14
1 14
1 14
1 14
1 14
1 14
1 14
1 14
1 14
1 14
1 14
1 14
1 14
1 14
1 14
1 14
1 14
1 14
1 14
1 14
1 14
1 14
1 14
1 14
1 14
1 14
1 14
1 14
1 14
1 14
1 14
1 14
1 14
1 14
1 14
1 14
1 14
1 14
1 14
1 14
1 14
1 14
1 14
1 14
1 14
1 14
1 14
1 14
1 14
1 14
1 14
1 14
1 14
1 14
1 14
1 14
1 14
1 14
1 14
1 14
1 14
1 14
1 14
1 14
1 14
1 14
1 14
1 14
1 14
1 14
1 14
1 14
1 14
1 14
1 14
1 14
1 14
1 14
1 14
1 14
1 14
1 14
1 14
1 14
1 14
1 14
1 14
1 14
1 14
1 14
1 14
1 14
1 14
1 14
1 14
1 14
1 14
1 14
1 14
1 14
1 14
1 14
1 14
1 14
1 14
1 14
1 14
1 14
1 14
1 14
1 14
1 14
1 14
1 14
1 14
1 14
1 14
1 14
1 14
1 14
1 14
1 14
1 14
1 14
1 14
1 14
1 14
1 14
1 14
1 14
1 14
1 14
1 14
1 14
1 14
1 14
1 14
1 14
1 14
1 14
1 14
1 14
1 14
1 14
1 14
1 14
1 14
1 14
1 14
1 14
1 14
1 14
1 14
1 14
1 14
1 14
1 14
1 14
1 14
1 14
1 14
1 14
1 14
1 14
1 14
1 14
1 14
1 14
1 14
1 14
1 14
1 14
1 14
1 14
1 14
1 14
1 14
1 14
1 14
1 14
1 14
1 14
1 14
1 14
1 14
1 14
1 14
1 14
1 14
1 14
1 14
1 14
1 14
1 14
1 14
1 14
1 14
1 14
1 14
1 14
1 14
1 14
1 14
1 14
1 14
1 14
1 14
1 14
1 14
1 14
1 14
1 14
1 14
1 14
1 14
1 14
1 14
1 14
1 14
1 14
1 14
1 14
1 14
1 14
1 14
1 14
1 14
1 14
1 14
1 14
1 14
1 14
1 14
1 14
1 14
1 14
1 14
1 14
1 14
1 14
1 14
1 14
1 14
1 14
1 14
1 14
1 14
1 14
1 14
1 14
1 14
1 14
1 14
1 14
1 14
1 14
1 14
1 14
1 14
1 14
1 14
1 14
1 14
1 14
1 14
1 14
1 14
1 14
1 14
1 14
1 14
1 14
1 14
1 14
1 14
1 14
1 14
1 14
1 14
1 14
1 14
1 14
1 14
1 14
1 14
1 14
1 14
1 14
1 14
1 14
1 14
1 14
1 14
1 14
1 14
1 14
1 14
1 14
1 14
1 14
1 14
1 14
1 14
1 14
1 14
1 14
1 14
1 14
1 14
1 14
1 14
1 14
1 14
1 14
1 14
1 14
1 14
1 14
1 14
1 14
1 14
1 14
1 14
1 14
1 14
1 14
1 14
1 14
1 14
1 14
1 14
1 14
1 14
1 14
1 14
1 14
1 14
1 14
1 14
1 14
1 14
1 14
1 14
1 14
1 14
1 14
1 14
1 14
1 14
1 14
1 14
1 14
1 14
1 14
1 14
1 14
1 14
1 14
1 14
1 14
1 14
1 14
1 14
1 14
1 14
1 14
1 14
1 14
1 14
1 14
1 14
1 14
1 14
1 14
1 14
1 14
1 14
1 14
1 14
1 14
1 14
1 14
1 14
1 14
1 14
1 14
1 14
1 14
1 14
1 14
1 14
1 14
1 14
1 14
1 14
1 14
1 14
1 14
1 14
1 14
1 14
1 14
1 14
1 14
1 14
1 14
1 14
1 14
1 14
1 14
1 14
1 14
1 14
1 14
1 14
1 14
1 14
1 14
1 14
1 14
1 14
1 14
1 14
1 14
1 14
1 14
1 14
1 14
1 14
1 14
1 14
1 14
1 14
1 14
1 14
1 14
1 14
1 14
1 14
1 14
1 14
1 14
1 14
1 14
1 14
1 14
1 14
1 14
1 14
1 14
1 14
1 14
1 14
1 14
1 14
1 14
1 14
1 14
1 14
1 14
1 14
1 14
1 14
1 14
1 14
1 14
1 14
1 14
1 14
1 14
1 14
1 14
1 14
1 14
1 14
1 14
1 14
1 14
1 14
1 14
1 14
1 14
1 14
1 14
1 14
1 14
1 14
1 14
1 14
1 14
1 14
1 14
1 14
1 14
1 14
1 14
1 14
1 14
1 14
1 14
1 14
1 14
1 14
1 14
1 14
1 14
1 14
1 14
1 14
1 14
1 14
1 14
1 14
1 14
1 14
1 14
1 14
1 14
1 14
1 14
1 14
1 14
1 14
1 14
1 14
1 14
1 14
1 14
1 14
1 14
1 14
1 14
1 14
1 14
1 14
1 14
1 14
1 14
1 14
1 14
1 14
1 14
1 14
1 14
1 14
1 14
1 14
1 14
1 14
1 14
1 14
1 14
1 14
1 14
1 14
1 14
1 14
1 14
1 14
1 14
1 14
1 14
1 14
1 14
1 14
1 14
1 14
1 14
1 14
1 14
1 14
1 14
1 14
1 14
1 14
1 14
1 14
1 14
1 14
1 14
1 14
1 14
1 14
1 14
1 14
1 14
1 14
1 14
1 14
1 14
1 14
1 14
1 14
1 14
1 14
1 14
1 14
1 14
1 14
1 14
1 14
1 14
1 14
1 14
1 14
1 14
1 14
1 14
1 14
1 14
1 14
1 14
1 14
1 14
1 14
1 14
1 14
1 14
1 14
1 14
1 14
1 14
1 14
1 14
1 14
1 14
1 14
1 14
1 14
1 14
1 14
1 14
1 14
1 14
1 14
1 14
1 14
1 14
1 14
1 14
1 14
1 14
1 14
1 14
1 14
1 14
1 14
1 14
1 14
1 14
1 14
1 14
1 14
1 14
1 14
1 14
1 14
1 14
1 14
1 14
1 14
1 14
1 14
1 14
1 14
1 14
1 14
1 14
1 14
1 14
1 14
1 14
1 14
1 14
1 14
1 14
1 14
1 14
1 14
1 14
1 14
1 14
1 14
1 14
1 14
1 14
1 14
1 14
1 14
1 14
1 14
1 14
1 14
1 14
1 14
1 14
1 14
1 14
1 14
1 14
1 14
1 14
1 14
1 14
1 14
1 14
1 14
1 14
1 14
1 14
1 14
1 14
1 14
1 14
1 14
1 14
1 14
1 14
1 14
1 14
1 14
1 14
1 14
1 14
1 14
1 14
1 14
1 14
1 14
1 14
1 14
1 14
1 14
1 14
1 14
1 14
1 14
1 14
1 14
1 14
1 14
1 14
1 14
1 14
1 14
1 14
1 14
1 14
1 14
1 14
1 14
1 14
1 14
1 14
1 14
1 14
1 14
1 14
1 14
1 14
1 14
1 14
1 14
1 14
1 14
1 14
1 14
1 14
1 14
1 14
1 14
1 14
1 14
1 14
1 14
1 14
1 14
1 14
1 14
1 14
1 14
1 14
1 14
1 14
1 14
1 14
1 14
1 14
1 14
1 14
1 14
1 14
1 14
1 14
1 14
1 14
1 14
1 14
1 14
1 14
1 14
1 14
1 14
1 14
1 14
1 14
1 14
1 14
1 14
1 14
1 14
1 14
1 14
1 14
1 14
1 14
1 14
1 14
1 14
1 14
1 14
1 14
1 14
1 14
1 14
1 14
1 14
1 14
1 14
1 14
1 14
1 14
1 14
1 14
1 14
1 14
1 14
1 14
1 14
1 14
1 14
1 14
1 14
1 14
1 14
1 14
1 14
1 14
1 14
1 14
1 14
1 14
1 14
1 14
1 14
1 14
1 14
1 14
1 14
1 14
1 14
1 14
1 14
1 14
1 14
1 14
1 14
1 14
1 14
1 14
1 14
1 14
1 14
1 14
1 14
1 14
1 14
1 14
1 14
1 14
1 14
1 14
1 14
1 14
1 14
1 14
1 14
1 14
1 14
1 14
1 14
1 14
1 14
1 14
1 14
1 14
1 14
1 14
1 14
1 14
1 14
1 14
1 14
1 14
1 14
1 14
1 14
1 14
1 14
1 14
1 14
1 14
1 14
1 14
1 14
1 14
1 14
1 14
1 14
1 14
1 14
1 14
1 14
1 14
1 14
1 14
1 14
1 14
1 14
1 14
1 14
1 14
1 14
1 14
1 14
1 14
1 14
1 14
1 14
1 14
1 14
1 14
1 14
1 14
1 14
1 14
1 14
1 14
1 14
1 14
1 14
1 14
1 14
1 14
1 14
1 14
1 14
1 14
1 14
1 14
1 14
1 14
1 14
1 14
1 14
1 14
1 14
1 14
1 14
1 14
1 14
1 14
1 14
1 14
1 14
1 14
1 14
1 14
1 14
1 14
1 14
1 14
1 14
1 14
1 14
1 14
1 14
1 14
1 14
1 14
1 14
1 14
1 14
1 14
1 14
1 14
1 14
1 14
1 14
1 14
1 14
1 14
1 14
1 14
1 14
1 14
1 14
1 14
1 14
1 14
1 14
1 14
1 14
1 14
1 14
1 14
1 14
1 14
1 14
1 14
1 14
1 14
1 14
1 14
1 14
1 14
1 14
1 14
1 14
1 14
1 14
1 14
1 14
1 14
1 14
1 14
1 14
1 14
1 14
1 14
1 14
1 14
1 14
1 14
1 14
1 14
1 14
1 14
1 14
1 14
1 14
1 14
1 14
1 14
1 14
1 14
1 14
1 14
1 14
1 14
1 14
1 14
1 14
1 14
1 14
1 14
1 14
1 14
1 14
1 14
1 14
1 14
1 14
1 14
1 14
1 14
1 14
1 14
1 14
1 14
1 14
1 14
1 14
1 14
1 14
1 14
1 14
1 14
1 14
1 14
1 14
1 14
1 14
1 14
1 14
1 14
1 14
1 14
1 14
1 14
1 14
1 14
1 14
1 14
1 14
1 14
1 14
1 14
1 14
1 14
1 14
1 14
1 14
1 14
1 14
1 14
1 14
1 14
1 14
1 14
1 14
1 14
1 14
1 14
1 14
1 14
1 14
1 14
1 14
1 14
1 14
1 14
1 14
1 14
1 14
1 14
1 14
1 14
1 14
1 14
1 14
1 14
1 14
1 14
1 14
1 14
1 14
1 14
1 14
1 14
1 14
1 14
1 14
1 14
1 14
1 14
1 14
1 14
1 14
1 14
1 14
1 14
1 14
1 14
1 14
1 14
1 14
1 14
1 14
1 14
1 14
1 14
1 14
1 14
1 14
1 14
1 14
1 14
1 14
1 14
1 14
1 14
1 14
1 14
1 14
1 14
1 14
1 14
1 14
1 14
1 14
1 14
1 14
1 14
1 14
1 14
1 14
1 14
1 14
1 14
1 14
1 14
1 14
1 14
1 14
1 14
1 14
1 14
1 14
1 14
1 14
1 14
1 14
1 14
1 14
1 14
1 14
1 14
1 14
1 14
1 14
1 14
1 14
1 14
1 14
1 14
1 14
1 14
1 14
1 14
1 14
1 14
1 14
1 14
1 14
1 14
1 14
1 14
1 14
1 14
1 14
1 14
1 14
1 14
1 14
1 14
1 14
1 14
1 14
1 14
1 14
1 14
1 14
1 14
1 14
1 14
1 14
1 14
1 14
1 14
1 14
1 14
1 14
1 14
1 14
1 14
1 14
1 14
1 14
1 14
1 14
1 14
1 14
1 14
1 14
1 14
1 14
1 14
1 14
1 14
1 14
1 14
1 14
1 14
1 14
1 14
1 14
1 14
1 14
1 14
1 14
1 14
1 14
1 14
1 14
1 14
1 14
1 14
1 14
1 14
1 14
1 14
1 14
1 14
1 14
1 14
1 14
1 14
1 14
1 14
1 14
1 14
1 14
1 14
1 14
1 14
1 14
1 14
1 14
1 14
1 14
1 14
1 14
1 14
1 14
1 14
1 14
1 14
1 14
1 14
1 14
1 14
1 14
1 14
1 14
1 14
1 14
1 14
1 14
1 14
1 14
1 14
1 14
1 14
1 14
1 14
1 14
1 14
1 14
1 14
1 14
1 14
1 14
1 14
1 14
1 14
1 14
1 14
1 14
1 14
1 14
1 14
1 14
1 14
1 14
1 14
1 14
1 14
1 14
1 14
1 14
1 14
1 14
1 14
1 14
1 14
1 14
1 14
1 14
1 14
1 14
1 14
1 14
1 14
1 14
1 14
1 14
1 14
1 14
1 14
1 14
1 14
1 14
1 14
1 14
1 14
1 14
1 14
1 14
1 14
1 14
1 14
1 14
1 14
1 14
1 14
1 14
1 14
1 14
1 14
1 14
1 14
1 14
1 14
1 14
1 14
1 14
1 14
1 14
1 14
1 14
1 14
1 14
1 14
1 14
1 14
1 14
1 14
1 14
1 14
1 14
1 14
1 14
1 14
1 14
1 14
1 14
1 14
1 14
1 14
1 14
1 14
1 14
1 14
1 14
1 14
1 14
1 14
1 14
1 14
1 14
1 14
1 14
1 14
1 14
1 14
1 14
1 14
1 14
1 14
1 14
1 14
1 14
1 14
1 14
1 14
1 14
1 14
1 14
1 14
1 14
1 14
1 14
1 14
1 14
1 14
1 14
1 14
1 14
1 14
1 14
1 14
1 14
1 14
1 14
1 14
1 14
1 14
1 14
1 14
1 14
1 14
1 14
1 14
1 14
1 14
1 14
1 14
1 14
1 14
1 14
1 14
1 14
1 14
1 14
1 14
1 14
1 14
1 14
1 14
1 14
1 14
1 14
1 14
1 14
1 14
1 14
1 14
1 14
1 14
1 14
1 14
1 14
1 14
1 14
1 14
1 14
1 14
1 14
1 14
1 14
1 14
1 14
1 14
1 14
1 14
1 14
1 14
1 14
1 14
1 14
1 14
1 14
1 14
1 14
1 14
1 14
1 14
1 14
1 14
1 14
1 14
1 14
1 14
1 14
1 14
1 14
1 14
1 14
1 14
1 14
1 14
1 14
1 14
1 14
1 14
1 14
1 14
1 14
1 14
1 14
1 14
1 14
1 14
1 14
1 14
1 14
1 14
1 14
1 14
1 14
1 14
1 14
1 14
1 14
1 14
1 14
1 14
1 14
1 14
1 14
1 14
1 14
1 14
1 14
1 14
1 14
1 14
1 14
1 14
1 14
1 14
1 14
1 14
1 14
1 14
1 14
1 14
1 14
1 14
1 14
1 14
1 14
1 14
1 14
1 14
1 14
1 14
1 14
1 14
1 14
1 14
1 14
1 14
1 14
1 14
1 14
1 14
1 14
1 14
1 14
1 14
1 14
1 14
1 14
1 14
1 14
1 14
1 14
1 14
1 14
1 14
1 14
1 14
1 14
1 14
1 14
1 14
1 14
1 14
1 14
1 14
1 14
1 14
1 14
1 14
1 14
1 14
1 14
1 14
1 14
1 14
1 14
1 14
1 14
1 14
1 14
1 14
1 14
1 14
1 14
1 14
1 14
1 14
1 14
1 14
1 14
1 14
1 14
1 14
1 14
1 14
1 14
1 14
1 14
1 14
1 14
1 14
1 14
1 14
1 14
1 14
1 14
1 14
1 14
1 14
1 14
1 14
1 14
1 14
1 14
1 14
1 14
1 14
1 14
1 14
1 14
1 14
1 14
1 14
1 14
1 14
1 14
1 14
1 14
1 14
1 14
1 14
1 14
1 14
1 14
1 14
1 14
1 14
1 14
1 14
1 14
1 14
1 14
1 14
1 14
1 14
1 14
1 14
1 14
1 14
1 14
1 14
1 14
1 14
1 14
1 14
1 14
1 14
1 14
1 14
1 14
1 14
1 14
1 14
1 14
1 14
1 14
1 14
1 14
1 14
1 14
1 14
1 14
1 14
1 14
1 14
1 14
1 14
1 14
1 14
1 14
1 14
1 14
1 14
1 14
1 14
1 14
1 14
1 14
1 14
1 14
1 14
1 14
1 14
1 14
1 14
1 14
1 14
1 14
1 14
1 14
1 14
1 14
1 14
1 14
1 14
1 14
1 14
1 14
1 14
1 14
1 14
1 14
1 14
1 14
1 14
1 14
1 14
1 14
1 14
1 14
1 14
1 14
1 14
1 14
1 14
1 14
1 14
1 14
1 14
1 14
1 14
1 14
1 14
1 14
1 14
1 14
1 14
1 14
1 14
1 14
1 14
1 14
1 14
1 14
1 14
1 14
1 14
1 14
1 14
1 14
1 14
1 14
1 14
1 14
1 14
1 14
1 14
1 14
1 14
1 14
1 14
1 14
1 14
1 14
1 14
1 14
1 14
1 14
1 14
1 14
1 14
1 14
1 14
1 14
1 14
1 14
1 14
1 14
1 14
1 14
1 14
1 14
1 14
1 14
1 14
1 14
1 14
1 14
1 14
1 14
1 14
1 14
1 14
1 14
1 14
1 14
1 14
1 14
1 14
1 14
1 14
1 14
1 14
1 14
1 14
1 14
1 14
1 14
1 14
1 14
1 14
1 14
1 14
1 14
1 14
1 14
1 14
1 14
1 14
1 14
1 14
1 14
1 14
1 14
1 14
1 14
1 14
1 14
1 14
1 14
1 14
1 14
1 14
1 14
1 14
1 14
1 14
1 14
1 14
1 14
1 14
1 14
1 14
1 14
1 14
1 14
1 14
1 14
1 14
1 14
1 14
1 14
1 14
1 14
1 14
1 14
1 14
1 14
1 14
1 14
1 14
1 14
1 14
1 14
1 14
1 14
1 14
1 14
1 14
1 14
1 14
1 14
1 14
1 14
1 14
1 14
1 14
1 14
1 14
1 14
1 14
1 14
1 14
1 14
1 14
1 14
1 14
1 14
1 14
1 14
1 14
1 14
1 14
1 14
1 14
1 14
1 14
1 14
1 14
1 14
1 14
1 14
1 14
1 14
1 14
1 14
1 14
1 14
1 14
1 14
1 14
1 14
1 14
1 14
1 14
1 14
1 14
1 14
1 14
1 14
1 14
1 14
1 14
1 14
1 14
1 14
1 14
1 14
1 14
1 14
1 14
1 14
1 14
1 14
1 14
1 14
1 14
1 14
1 14
1 14
1 14
1 14
1 14
1 14
1 14
1 14
1 14
1 14
1 14
1 14
1 14
1 14
1 14
1 14
1 14
1 14
1 14
1 14
1 14
1 14
2 13
2 13
2 13
2 13
2 13
2 13
2 13
2 13
2 13
2 13
2 13
2 13
2 13
2 13
2 13
2 13
2 13
2 13
2 13
2 13
2 13
2 13
2 13
2 13
2 13
2 13
2 13
2 13
2 13
2 13
2 13
2 13
2 13
2 13
2 13
2 13
2 13
2 13
2 13
2 13
2 13
2 13
2 13
2 13
2 13
2 13
2 13
2 13
2 13
2 13
2 13
2 13
2 13
2 13
2 13
2 13
2 13
2 13
2 13
2 13
2 13
2 13
2 13
2 13
2 13
2 13
2 13
2 13
2 13
2 13
2 13
2 13
2 13
2 13
2 13
2 13
2 13
2 13
2 13
2 13
2 13
2 13
2 13
2 13
2 13
2 13
2 13
2 13
2 13
2 13
2 13
2 13
2 13
2 13
2 13
2 13
2 13
2 13
2 13
2 13
2 13
2 13
2 13
2 13
2 13
2 13
2 13
2 13
2 13
2 13
2 13
2 13
2 13
2 13
2 13
2 13
2 13
2 13
2 13
2 13
2 13
2 13
2 13
2 13
2 13
2 13
2 13
2 13
2 13
2 13
2 13
2 13
2 13
2 13
2 13
2 13
2 13
2 13
2 13
2 13
2 13
2 13
2 13
2 13
2 13
2 13
2 13
2 13
2 13
2 13
2 13
2 13
2 13
2 13
2 13
2 13
2 13
2 13
2 13
2 13
2 13
2 13
2 13
2 13
2 13
2 13
2 13
2 13
2 13
2 13
2 13
2 13
2 13
2 13
2 13
2 13
2 13
2 13
2 13
2 13
2 13
2 13
2 13
2 13
2 13
2 13
2 13
2 13
2 13
2 13
2 13
2 13
2 13
2 13
2 13
2 13
2 13
2 13
2 13
2 13
2 13
2 13
2 13
2 13
2 13
2 13
2 13
2 13
2 13
2 13
2 13
2 13
2 13
2 13
2 13
2 13
2 13
2 13
2 13
2 13
2 13
2 13
2 13
2 13
2 13
2 13
2 13
2 13
2 13
2 13
2 13
2 13
2 13
2 13
2 13
2 13
2 13
2 13
2 13
2 13
2 13
2 13
2 13
2 13
2 13
2 13
2 13
2 13
2 13
2 13
2 13
2 13
2 13
2 13
2 13
2 13
2 13
2 13
2 13
2 13
2 13
2 13
2 13
2 13
2 13
2 13
2 13
2 13
2 13
2 13
2 13
2 13
2 13
2 13
2 13
2 13
2 13
2 13
2 13
2 13
2 13
2 13
2 13
2 13
2 13
2 13
2 13
2 13
2 13
2 13
2 13
2 13
2 13
2 13
2 13
2 13
2 13
2 13
2 13
2 13
2 13
2 13
2 13
2 13
2 13
2 13
2 13
2 13
2 13
2 13
2 13
2 13
2 13
2 13
2 13
2 13
2 13
2 13
2 13
2 13
2 13
2 13
2 13
2 13
2 13
2 13
2 13
2 13
2 13
2 13
2 13
2 13
2 13
2 13
2 13
2 13
2 13
2 13
2 13
2 13
2 13
2 13
2 13
2 13
2 13
2 13
2 13
2 13
2 13
2 13
2 13
2 13
2 13
2 13
2 13
2 13
2 13
2 13
2 13
2 13
2 13
2 13
2 13
2 13
2 13
2 13
2 13
2 13
2 13
2 13
2 13
2 13
2 13
2 13
2 13
2 13
2 13
2 13
2 13
2 13
2 13
2 13
2 13
2 13
2 13
2 13
2 13
2 13
2 13
2 13
2 13
2 13
2 13
2 13
2 13
2 13
2 13
2 13
2 13
2 13
2 13
2 13
2 13
2 13
2 13
2 13
2 13
2 13
2 13
2 13
2 13
2 13
2 13
2 13
2 13
2 13
2 13
2 13
2 13
2 13
2 13
2 13
2 13
2 13
2 13
2 13
2 13
2 13
2 13
2 13
2 13
2 13
2 13
2 13
2 13
2 13
2 13
2 13
2 13
2 13
2 13
2 13
2 13
2 13
2 13
2 13
2 13
2 13
2 13
2 13
2 13
2 13
2 13
2 13
2 13
2 13
2 13
2 13
2 13
2 13
2 13
2 13
2 13
2 13
2 13
2 13
2 13
2 13
2 13
2 13
2 13
2 13
2 13
2 13
2 13
2 13
2 13
2 13
2 13
2 13
2 13
2 13
2 13
2 13
2 13
2 13
2 13
2 13
2 13
2 13
2 13
2 13
2 13
2 13
2 13
2 13
2 13
2 13
2 13
2 13
2 13
2 13
2 13
2 13
2 13
2 13
2 13
2 13
2 13
2 13
2 13
2 13
2 13
2 13
2 13
2 13
2 13
2 13
2 13
2 13
2 13
2 13
2 13
2 13
2 13
2 13
2 13
2 13
2 13
2 13
2 13
2 13
2 13
2 13
2 13
2 13
2 13
2 13
2 13
2 13
2 13
2 13
2 13
2 13
2 13
2 13
2 13
2 13
2 13
2 13
2 13
2 13
2 13
2 13
2 13
2 13
2 13
2 13
2 13
2 13
2 13
2 13
2 13
2 13
2 13
2 13
2 13
2 13
2 13
2 13
2 13
2 13
2 13
2 13
2 13
2 13
2 13
2 13
2 13
2 13
2 13
2 13
2 13
2 13
2 13
2 13
2 13
2 13
2 13
2 13
2 13
2 13
2 13
2 13
2 13
2 13
2 13
2 13
2 13
2 13
2 13
2 13
2 13
2 13
2 13
2 13
2 13
2 13
2 13
2 13
2 13
2 13
2 13
2 13
2 13
2 13
2 13
2 13
2 13
2 13
2 13
2 13
2 13
2 13
2 13
2 13
2 13
2 13
2 13
2 13
2 13
2 13
2 13
2 13
2 13
2 13
2 13
2 13
2 13
2 13
2 13
2 13
2 13
2 13
2 13
2 13
2 13
2 13
2 13
2 13
2 13
2 13
2 13
2 13
2 13
2 13
2 13
2 13
2 13
2 13
2 13
2 13
2 13
2 13
2 13
2 13
2 13
2 13
2 13
2 13
2 13
2 13
2 13
2 13
2 13
2 13
2 13
2 13
2 13
2 13
2 13
2 13
2 13
2 13
2 13
2 13
2 13
2 13
2 13
2 13
2 13
2 13
2 13
2 13
2 13
2 13
2 13
2 13
2 13
2 13
2 13
2 13
2 13
2 13
2 13
2 13
2 13
2 13
2 13
2 13
2 13
2 13
2 13
2 13
2 13
2 13
2 13
2 13
2 13
2 13
2 13
2 13
2 13
2 13
2 13
2 13
2 13
2 13
2 13
2 13
2 13
2 13
2 13
2 13
2 13
2 13
2 13
2 13
2 13
2 13
2 13
2 13
2 13
2 13
2 13
2 13
2 13
2 13
2 13
2 13
2 13
2 13
2 13
2 13
2 13
2 13
2 13
2 13
2 13
2 13
2 13
2 13
2 13
2 13
2 13
2 13
2 13
2 13
2 13
2 13
2 13
2 13
2 13
2 13
2 13
2 13
2 13
2 13
2 13
2 13
2 13
2 13
2 13
2 13
2 13
2 13
2 13
2 13
2 13
2 13
2 13
2 13
2 13
2 13
2 13
2 13
2 13
2 13
2 13
2 13
2 13
2 13
2 13
2 13
2 13
2 13
2 13
2 13
2 13
2 13
2 13
2 13
2 13
2 13
2 13
2 13
2 13
2 13
2 13
2 13
2 13
2 13
2 13
2 13
2 13
2 13
2 13
2 13
2 13
2 13
2 13
2 13
2 13
2 13
2 13
2 13
2 13
2 13
2 13
2 13
2 13
2 13
2 13
2 13
2 13
2 13
2 13
2 13
2 13
2 13
2 13
2 13
2 13
2 13
2 13
2 13
2 13
2 13
2 13
2 13
2 13
2 13
2 13
2 13
2 13
2 13
2 13
2 13
2 13
2 13
2 13
2 13
2 13
2 13
2 13
2 13
2 13
2 13
2 13
2 13
2 13
2 13
2 13
2 13
2 13
2 13
2 13
2 13
2 13
2 13
2 13
2 13
2 13
2 13
2 13
2 13
2 13
2 13
2 13
2 13
2 13
2 13
2 13
2 13
2 13
2 13
2 13
2 13
2 13
2 13
2 13
2 13
2 13
2 13
2 13
2 13
2 13
2 13
2 13
2 13
2 13
2 13
2 13
2 13
2 13
2 13
2 13
2 13
2 13
2 13
2 13
2 13
2 13
2 13
2 13
2 13
2 13
2 13
2 13
2 13
2 13
2 13
2 13
2 13
2 13
2 13
2 13
2 13
2 13
2 13
2 13
2 13
2 13
2 13
2 13
2 13
2 13
2 13
2 13
2 13
2 13
2 13
2 13
2 13
2 13
2 13
2 13
2 13
2 13
2 13
2 13
2 13
2 13
2 13
2 13
2 13
2 13
2 13
2 13
2 13
2 13
2 13
2 13
2 13
2 13
2 13
2 13
2 13
2 13
2 13
2 13
2 13
2 13
2 13
2 13
2 13
2 13
2 13
2 13
2 13
2 13
2 13
2 13
2 13
2 13
2 13
2 13
2 13
2 13
2 13
2 13
2 13
2 13
2 13
2 13
2 13
2 13
2 13
2 13
2 13
2 13
2 13
2 13
2 13
2 13
2 13
2 13
2 13
2 13
2 13
2 13
2 13
2 13
2 13
2 13
2 13
2 13
2 13
2 13
2 13
2 13
2 13
2 13
2 13
2 13
2 13
2 13
2 13
2 13
2 13
2 13
2 13
2 13
2 13
2 13
2 13
2 13
2 13
2 13
2 13
2 13
2 13
2 13
2 13
2 13
2 13
2 13
2 13
2 13
2 13
2 13
2 13
2 13
2 13
2 13
2 13
2 13
2 13
2 13
2 13
2 13
2 13
2 13
2 13
2 13
2 13
2 13
2 13
2 13
2 13
2 13
2 13
2 13
2 13
2 13
2 13
2 13
2 13
2 13
2 13
2 13
2 13
2 13
2 13
2 13
2 13
2 13
2 13
2 13
2 13
2 13
2 13
2 13
2 13
2 13
2 13
2 13
2 13
2 13
2 13
2 13
2 13
2 13
2 13
2 13
2 13
2 13
2 13
2 13
2 13
2 13
2 13
2 13
2 13
2 13
2 13
2 13
2 13
2 13
2 13
2 13
2 13
2 13
2 13
2 13
2 13
2 13
2 13
2 13
2 13
2 13
2 13
2 13
2 13
2 13
2 13
2 13
2 13
2 13
2 13
2 13
2 13
2 13
2 13
2 13
2 13
2 13
2 13
2 13
2 13
2 13
2 13
2 13
2 13
2 13
2 13
2 13
2 13
2 13
2 13
2 13
2 13
2 13
2 13
2 13
2 13
2 13
2 13
2 13
2 13
2 13
2 13
2 13
2 13
2 13
2 13
2 13
2 13
2 13
2 13
2 13
2 13
2 13
2 13
2 13
2 13
2 13
2 13
2 13
2 13
2 13
2 13
2 13
2 13
2 13
2 13
2 13
2 13
2 13
2 13
2 13
2 13
2 13
2 13
2 13
2 13
2 13
2 13
2 13
2 13
2 13
2 13
2 13
2 13
2 13
2 13
2 13
2 13
2 13
2 13
2 13
2 13
2 13
2 13
2 13
2 13
2 13
2 13
2 13
2 13
2 13
2 13
2 13
2 13
2 13
2 13
2 13
2 13
2 13
2 13
2 13
2 13
2 13
2 13
2 13
2 13
2 13
2 13
2 13
2 13
2 13
2 13
2 13
2 13
2 13
2 13
2 13
2 13
2 13
2 13
2 13
2 13
2 13
2 13
2 13
2 13
2 13
2 13
2 13
2 13
2 13
2 13
2 13
2 13
2 13
2 13
2 13
2 13
2 13
2 13
2 13
2 13
2 13
2 13
2 13
2 13
2 13
2 13
2 13
2 13
2 13
2 13
2 13
2 13
2 13
2 13
2 13
2 13
2 13
2 13
2 13
2 13
2 13
2 13
2 13
2 13
2 13
2 13
2 13
2 13
2 13
2 13
2 13
2 13
2 13
2 13
2 13
2 13
2 13
2 13
2 13
2 13
2 13
2 13
2 13
2 13
2 13
2 13
2 13
2 13
2 13
2 13
2 13
2 13
2 13
2 13
2 13
2 13
2 13
2 13
2 13
2 13
2 13
2 13
2 13
2 13
2 13
2 13
2 13
2 13
2 13
2 13
2 13
2 13
2 13
2 13
2 13
2 13
2 13
2 13
2 13
2 13
2 13
2 13
2 13
2 13
2 13
2 13
2 13
2 13
2 13
2 13
2 13
2 13
2 13
2 13
2 13
2 13
2 13
2 13
2 13
2 13
2 13
2 13
2 13
2 13
2 13
2 13
2 13
2 13
2 13
2 13
2 13
2 13
2 13
2 13
2 13
2 13
2 13
2 13
2 13
2 13
2 13
2 13
2 13
2 13
2 13
2 13
2 13
2 13
2 13
2 13
2 13
2 13
2 13
2 13
2 13
2 13
2 13
2 13
2 13
2 13
2 13
2 13
2 13
2 13
2 13
2 13
2 13
2 13
2 13
2 13
2 13
2 13
2 13
2 13
2 13
2 13
2 13
2 13
2 13
2 13
2 13
2 13
2 13
2 13
2 13
2 13
2 13
2 13
2 13
2 13
2 13
2 13
2 13
2 13
2 13
2 13
2 13
2 13
2 13
2 13
2 13
2 13
2 13
2 13
2 13
2 13
2 13
2 13
2 13
2 13
2 13
2 13
2 13
2 13
2 13
2 13
2 13
2 13
2 13
2 13
2 13
2 13
2 13
2 13
2 13
2 13
2 13
2 13
2 13
2 13
2 13
2 13
2 13
2 13
2 13
2 13
2 13
2 13
2 13
2 13
2 13
2 13
2 13
2 13
2 13
2 13
2 13
2 13
2 13
2 13
2 13
2 13
2 13
2 13
2 13
2 13
2 13
2 13
2 13
2 13
2 13
2 13
2 13
2 13
2 13
2 13
2 13
2 13
2 13
2 13
2 13
2 13
2 13
2 13
2 13
2 13
2 13
2 13
2 13
2 13
2 13
2 13
2 13
2 13
2 13
2 13
2 13
2 13
2 13
2 13
2 13
2 13
2 13
2 13
2 13
2 13
2 13
2 13
2 13
2 13
2 13
2 13
2 13
2 13
2 13
2 13
2 13
2 13
2 13
2 13
2 13
2 13
2 13
2 13
2 13
2 13
2 13
2 13
2 13
2 13
2 13
2 13
2 13
2 13
2 13
2 13
2 13
2 13
2 13
2 13
2 13
2 13
2 13
2 13
2 13
2 13
2 13
2 13
2 13
2 13
2 13
2 13
2 13
2 13
2 13
2 13
2 13
2 13
2 13
2 13
2 13
2 13
2 13
2 13
2 13
2 13
2 13
2 13
2 13
2 13
2 13
2 13
2 13
2 13
2 13
2 13
2 13
2 13
2 13
2 13
2 13
2 13
2 13
2 13
2 13
2 13
2 13
2 13
2 13
2 13
2 13
2 13
2 13
2 13
2 13
2 13
2 13
2 13
2 13
2 13
2 13
2 13
2 13
2 13
2 13
2 13
2 13
2 13
2 13
2 13
2 13
2 13
2 13
2 13
2 13
2 13
2 13
2 13
2 13
2 13
2 13
2 13
2 13
2 13
2 13
2 13
2 13
2 13
2 13
2 13
2 13
2 13
2 13
2 13
2 13
2 13
2 13
2 13
2 13
2 13
2 13
2 13
2 13
2 13
2 13
2 13
2 13
2 13
2 13
2 13
2 13
2 13
2 13
2 13
2 13
2 13
2 13
2 13
2 13
2 13
2 13
2 13
2 13
2 13
2 13
2 13
2 13
2 13
2 13
2 13
2 13
2 13
2 13
2 13
2 13
2 13
2 13
2 13
2 13
2 13
2 13
2 13
2 13
2 13
2 13
2 13
2 13
2 13
2 13
2 13
2 13
2 13
2 13
2 13
2 13
2 13
2 13
2 13
2 13
2 13
2 13
2 13
2 13
2 13
2 13
2 13
2 13
2 13
2 13
2 13
2 13
2 13
2 13
2 13
2 13
2 13
2 13
2 13
2 13
2 13
2 13
2 13
2 13
2 13
2 13
2 13
2 13
2 13
2 13
2 13
2 13
2 13
2 13
2 13
2 13
2 13
2 13
2 13
2 13
2 13
2 13
2 13
2 13
2 13
2 13
2 13
2 13
2 13
2 13
2 13
2 13
2 13
2 13
2 13
2 13
2 13
2 13
2 13
2 13
2 13
2 13
2 13
2 13
2 13
2 13
2 13
2 13
2 13
2 13
2 13
2 13
2 13
2 13
2 13
2 13
2 13
2 13
2 13
2 13
2 13
2 13
2 13
2 13
2 13
2 13
2 13
2 13
2 13
2 13
2 13
2 13
2 13
2 13
2 13
2 13
2 13
2 13
2 13
2 13
2 13
2 13
2 13
2 13
2 13
2 13
2 13
2 13
2 13
2 13
2 13
2 13
2 13
2 13
2 13
2 13
2 13
2 13
2 13
2 13
2 13
2 13
2 13
2 13
2 13
2 13
2 13
2 13
2 13
2 13
2 13
2 13
2 13
2 13
2 13
2 13
2 13
2 13
2 13
2 13
2 13
2 13
2 13
2 13
2 13
2 13
2 13
2 13
2 13
2 13
2 13
2 13
2 13
2 13
2 13
2 13
2 13
2 13
2 13
2 13
2 13
2 13
2 13
2 13
2 13
2 13
2 13
2 13
2 13
2 13
2 13
2 13
2 13
2 13
2 13
2 13
2 13
2 13
2 13
2 13
2 13
2 13
2 13
2 13
2 13
2 13
2 13
2 13
2 13
2 13
2 13
2 13
2 13
2 13
2 13
2 13
2 13
2 13
2 13
2 13
2 13
2 13
2 13
2 13
2 13
2 13
2 13
2 13
2 13
2 13
2 13
2 13
2 13
2 13
2 13
2 13
2 13
2 13
2 13
2 13
2 13
2 13
2 13
2 13
2 13
2 13
2 13
2 13
2 13
2 13
2 13
2 13
2 13
2 13
2 13
2 13
2 13
2 13
2 13
2 13
2 13
2 13
2 13
2 13
2 13
2 13
2 13
2 13
2 13
2 13
2 13
2 13
2 13
2 13
2 13
2 13
2 13
2 13
2 13
2 13
2 13
2 13
2 13
2 13
2 13
2 13
2 13
2 13
2 13
2 13
2 13
2 13
2 13
2 13
2 13
2 13
2 13
2 13
2 13
2 13
2 13
2 13
2 13
2 13
2 13
2 13
2 13
2 13
2 13
2 13
2 13
2 13
2 13
2 13
2 13
2 13
2 13
2 13
2 13
2 13
2 13
2 13
2 13
2 13
2 13
2 13
2 13
2 13
2 13
2 13
2 13
2 13
2 13
2 13
2 13
2 13
2 13
2 13
2 13
2 13
2 13
2 13
2 13
2 13
2 13
2 13
2 13
2 13
2 13
2 13
2 13
2 13
2 13
2 13
2 13
2 13
2 13
2 13
2 13
2 13
2 13
2 13
2 13
2 13
2 13
2 13
2 13
2 13
2 13
2 13
2 13
2 13
2 13
2 13
2 13
2 13
2 13
2 13
2 13
2 13
2 13
2 13
2 13
2 13
2 13
2 13
2 13
2 13
2 13
2 13
2 13
2 13
2 13
2 13
2 13
2 13
2 13
2 13
2 13
2 13
2 13
2 13
2 13
2 13
2 13
2 13
2 13
2 13
2 13
2 13
2 13
2 13
2 13
2 13
2 13
2 13
2 13
2 13
2 13
2 13
2 13
2 13
2 13
2 13
2 13
2 13
2 13
2 13
2 13
2 13
2 13
2 13
2 13
2 13
2 13
2 13
2 13
2 13
2 13
2 13
2 13
2 13
2 13
2 13
2 13
2 13
2 13
2 13
2 13
2 13
2 13
2 13
2 13
2 13
2 13
2 13
2 13
2 13
2 13
2 13
2 13
2 13
2 13
2 13
2 13
2 13
2 13
2 13
2 13
2 13
2 13
2 13
2 13
2 13
2 13
2 13
2 13
2 13
2 13
2 13
2 13
2 13
2 13
2 13
2 13
2 13
2 13
2 13
2 13
2 13
2 13
2 13
2 13
2 13
2 13
2 13
2 13
2 13
2 13
2 13
2 13
2 13
2 13
2 13
2 13
2 13
2 13
2 13
2 13
2 13
2 13
2 13
2 13
2 13
2 13
2 13
2 13
2 13
2 13
2 13
2 13
2 13
2 13
2 13
2 13
2 13
2 13
2 13
2 13
2 13
2 13
2 13
2 13
2 13
2 13
2 13
2 13
2 13
2 13
2 13
2 13
2 13
2 13
2 13
2 13
2 13
2 13
2 13
2 13
2 13
2 13
2 13
2 13
2 13
2 13
2 13
2 13
2 13
2 13
2 13
2 13
2 13
2 13
2 13
2 13
2 13
2 13
2 13
2 13
2 13
2 13
2 13
2 13
2 13
2 13
2 13
2 13
2 13
2 13
2 13
2 13
2 13
2 13
2 13
2 13
2 13
2 13
2 13
2 13
2 13
2 13
2 13
2 13
2 13
2 13
2 13
2 13
2 13
2 13
2 13
2 13
2 13
2 13
2 13
2 13
2 13
2 13
2 13
2 13
2 13
2 13
2 13
2 13
2 13
2 13
2 13
2 13
2 13
2 13
2 13
2 13
2 13
2 13
2 13
2 13
2 13
2 13
2 13
2 13
2 13
2 13
2 13
2 13
2 13
2 13
2 13
2 13
2 13
2 13
2 13
2 13
2 13
2 13
2 13
2 13
2 13
2 13
2 13
2 13
2 13
2 13
2 13
2 13
2 13
2 13
2 13
2 13
2 13
2 13
2 13
2 13
2 13
2 13
2 13
2 13
2 13
2 13
2 13
2 13
2 13
2 13
2 13
2 13
2 13
2 13
2 13
2 13
2 13
2 13
2 13
2 13
2 13
2 13
2 13
2 13
2 13
2 13
2 13
2 13
2 13
2 13
2 13
2 13
2 13
2 13
2 13
2 13
2 13
2 13
2 13
2 13
2 13
2 13
2 13
2 13
2 13
2 13
2 13
2 13
2 13
2 13
2 13
2 13
2 13
2 13
2 13
2 13
2 13
2 13
2 13
2 13
2 13
2 13
2 13
2 13
2 13
2 13
2 13
2 13
2 13
2 13
2 13
2 13
2 13
2 13
2 13
2 13
2 13
2 13
2 13
2 13
2 13
2 13
2 13
2 13
2 13
2 13
2 13
2 13
2 13
2 13
2 13
2 13
2 13
2 13
2 13
2 13
2 13
2 13
2 13
2 13
2 13
2 13
2 13
2 13
2 13
2 13
2 13
2 13
2 13
2 13
2 13
2 13
2 13
2 13
2 13
2 13
2 13
2 13
2 13
2 13
2 13
2 13
2 13
2 13
2 13
2 13
2 13
2 13
2 13
2 13
2 13
2 13
2 13
2 13
2 13
2 13
2 13
2 13
2 13
2 13
2 13
2 13
2 13
2 13
2 13
2 13
2 13
2 13
2 13
2 13
2 13
2 13
2 13
2 13
2 13
2 13
2 13
2 13
2 13
2 13
2 13
2 13
2 13
2 13
2 13
2 13
2 13
2 13
2 13
2 13
2 13
2 13
2 13
2 13
2 13
2 13
2 13
2 13
2 13
2 13
2 13
2 13
2 13
2 13
2 13
2 13
2 13
2 13
2 13
2 13
2 13
2 13
2 13
2 13
2 13
2 13
2 13
2 13
2 13
2 13
2 13
2 13
2 13
2 13
2 13
2 13
2 13
2 13
2 13
2 13
2 13
2 13
2 13
2 13
2 13
2 13
2 13
2 13
2 13
2 13
2 13
2 13
2 13
2 13
2 13
2 13
2 13
2 13
2 13
2 13
2 13
2 13
2 13
2 13
2 13
2 13
2 13
2 13
2 13
2 13
2 13
2 13
2 13
2 13
2 13
2 13
2 13
2 13
2 13
2 13
2 13
2 13
2 13
2 13
2 13
2 13
2 13
2 13
2 13
2 13
2 13
2 13
2 13
2 13
2 13
2 13
2 13
2 13
2 13
2 13
2 13
2 13
2 13
2 13
2 13
2 13
2 13
2 13
2 13
2 13
2 13
2 13
2 13
2 13
2 13
2 13
2 13
2 13
2 13
2 13
2 13
2 13
2 13
2 13
2 13
2 13
2 13
2 13
2 13
2 13
2 13
2 13
2 13
2 13
2 13
2 13
2 13
2 13
2 13
2 13
2 13
2 13
2 13
2 13
2 13
2 13
2 13
2 13
2 13
2 13
2 13
2 13
2 13
2 13
2 13
2 13
2 13
2 13
2 13
2 13
2 13
2 13
2 13
2 13
2 13
2 13
2 13
2 13
2 13
2 13
2 13
2 13
2 13
2 13
2 13
2 13
2 13
2 13
2 13
2 13
2 13
2 13
2 13
2 13
2 13
2 13
2 13
2 13
2 13
2 13
2 13
2 13
2 13
2 13
2 13
2 13
2 13
2 13
2 13
2 13
2 13
2 13
2 13
2 13
2 13
2 13
2 13
2 13
2 13
2 13
2 13
2 13
2 13
2 13
2 13
2 13
2 13
2 13
2 13
2 13
2 13
2 13
2 13
2 13
2 13
2 13
2 13
2 13
2 13
2 13
2 13
2 13
2 13
2 13
2 13
2 13
2 13
2 13
2 13
2 13
2 13
2 13
2 13
2 13
2 13
2 13
2 13
2 13
2 13
2 13
2 13
2 13
2 13
2 13
2 13
2 13
2 13
2 13
2 13
2 13
2 13
2 13
2 13
2 13
2 13
2 13
2 13
2 13
2 13
2 13
2 13
2 13
2 13
2 13
2 13
2 13
2 13
2 13
2 13
2 13
2 13
2 13
2 13
2 13
2 13
2 13
2 13
2 13
2 13
2 13
2 13
2 13
2 13
2 13
2 13
2 13
2 13
2 13
2 13
2 13
2 13
2 13
2 13
2 13
2 13
2 13
2 13
2 13
2 13
2 13
2 13
2 13
2 13
2 13
2 13
2 13
2 13
2 13
2 13
2 13
2 13
2 13
2 13
2 13
2 13
2 13
2 13
2 13
2 13
2 13
2 13
2 13
2 13
2 13
2 13
2 13
2 13
2 13
2 13
2 13
2 13
2 13
2 13
2 13
2 13
2 13
2 13
2 13
2 13
2 13
2 13
2 13
2 13
2 13
2 13
2 13
2 13
2 13
2 13
2 13
2 13
2 13
2 13
2 13
2 13
2 13
2 13
2 13
2 13
2 13
2 13
2 13
2 13
2 13
2 13
2 13
2 13
2 13
2 13
2 13
2 13
2 13
2 13
2 13
2 13
2 13
2 13
2 13
2 13
2 13
2 13
2 13
2 13
2 13
2 13
2 13
2 13
2 13
2 13
2 13
2 13
2 13
2 13
2 13
2 13
2 13
2 13
2 13
2 13
2 13
2 13
2 13
2 13
2 13
2 13
2 13
2 13
2 13
2 13
2 13
2 13
2 13
2 13
2 13
2 13
2 13
2 13
2 13
2 13
2 13
2 13
2 13
2 13
2 13
2 13
2 13
2 13
2 13
2 13
2 13
2 13
2 13
2 13
2 13
2 13
2 13
2 13
2 13
2 13
2 13
2 13
2 13
2 13
2 13
2 13
2 13
2 13
2 13
2 13
2 13
2 13
2 13
2 13
2 13
2 13
2 13
2 13
2 13
2 13
2 13
2 13
2 13
2 13
2 13
2 13
2 13
2 13
2 13
2 13
2 13
2 13
2 13
2 13
2 13
2 13
2 13
2 13
2 13
2 13
2 13
2 13
2 13
2 13
2 13
2 13
2 13
2 13
2 13
2 13
2 13
2 13
2 13
2 13
2 13
2 13
2 13
2 13
2 13
2 13
2 13
2 13
2 13
2 13
2 13
2 13
2 13
2 13
2 13
2 13
2 13
2 13
2 13
2 13
2 13
2 13
2 13
2 13
2 13
2 13
2 13
2 13
2 13
2 13
2 13
2 13
2 13
2 13
2 13
2 13
2 13
2 13
2 13
2 13
2 13
2 13
2 13
2 13
2 13
2 13
2 13
2 13
2 13
2 13
2 13
2 13
2 13
2 13
2 13
2 13
2 13
2 13
2 13
2 13
2 13
2 13
2 13
2 13
2 13
2 13
2 13
2 13
2 13
2 13
2 13
2 13
2 13
2 13
2 13
2 13
2 13
2 13
2 13
2 13
2 13
2 13
2 13
2 13
2 13
2 13
2 13
2 13
2 13
2 13
2 13
2 13
2 13
2 13
2 13
2 13
2 13
2 13
2 13
2 13
2 13
2 13
2 13
2 13
2 13
2 13
2 13
2 13
2 13
2 13
2 13
2 13
2 13
2 13
2 13
2 13
2 13
2 13
2 13
2 13
2 13
2 13
2 13
2 13
2 13
2 13
2 13
2 13
2 13
2 13
2 13
2 13
2 13
2 13
2 13
2 13
2 13
2 13
2 13
2 13
2 13
2 13
2 13
2 13
2 13
2 13
2 13
2 13
2 13
2 13
2 13
2 13
2 13
2 13
2 13
2 13
2 13
2 13
2 13
2 13
2 13
2 13
2 13
2 13
2 13
2 13
2 13
2 13
2 13
2 13
2 13
2 13
2 13
2 13
2 13
2 13
2 13
2 13
2 13
2 13
2 13
2 13
2 13
2 13
2 13
2 13
2 13
2 13
2 13
2 13
2 13
2 13
2 13
2 13
2 13
2 13
2 13
2 13
2 13
2 13
2 13
2 13
2 13
2 13
2 13
2 13
2 13
2 13
2 13
2 13
2 13
2 13
2 13
2 13
2 13
2 13
2 13
2 13
2 13
2 13
2 13
2 13
2 13
2 13
2 13
2 13
2 13
2 13
2 13
2 13
2 13
2 13
2 13
2 13
2 13
2 13
2 13
2 13
2 13
2 13
2 13
2 13
2 13
2 13
2 13
2 13
2 13
2 13
2 13
2 13
2 13
2 13
2 13
2 13
2 13
2 13
2 13
2 13
2 13
2 13
2 13
2 13
2 13
2 13
2 13
2 13
2 13
2 13
2 13
2 13
2 13
2 13
2 13
2 13
2 13
2 13
2 13
2 13
2 13
2 13
2 13
2 13
2 13
2 13
2 13
2 13
2 13
2 13
2 13
2 13
2 13
2 13
2 13
2 13
2 13
2 13
2 13
2 13
2 13
2 13
2 13
2 13
2 13
2 13
2 13
2 13
2 13
2 13
2 13
2 13
2 13
2 13
2 13
2 13
2 13
2 13
2 13
2 13
2 13
2 13
2 13
2 13
2 13
2 13
2 13
2 13
2 13
2 13
2 13
2 13
2 13
2 13
2 13
2 13
2 13
2 13
2 13
2 13
2 13
2 13
2 13
2 13
2 13
2 13
2 13
2 13
2 13
2 13
2 13
2 13
2 13
2 13
2 13
2 13
2 13
2 13
2 13
2 13
2 13
2 13
2 13
2 13
2 13
2 13
2 13
2 13
2 13
2 13
2 13
2 13
2 13
2 13
2 13
2 13
2 13
2 13
2 13
2 13
2 13
2 13
2 13
2 13
2 13
2 13
2 13
2 13
2 13
2 13
2 13
2 13
2 13
2 13
2 13
2 13
2 13
2 13
2 13
2 13
2 13
2 13
2 13
2 13
2 13
2 13
2 13
2 13
2 13
2 13
2 13
2 13
2 13
2 13
2 13
2 13
2 13
2 13
2 13
2 13
2 13
2 13
2 13
2 13
2 13
2 13
2 13
2 13
2 13
2 13
2 13
2 13
2 13
2 13
2 13
2 13
2 13
2 13
2 13
2 13
2 13
2 13
2 13
2 13
2 13
2 13
2 13
2 13
2 13
2 13
2 13
2 13
2 13
2 13
2 13
2 13
2 13
2 13
2 13
2 13
2 13
2 13
2 13
2 13
2 13
2 13
2 13
2 13
2 13
2 13
2 13
2 13
2 13
2 13
2 13
2 13
2 13
2 13
2 13
2 13
2 13
2 13
2 13
2 13
2 13
2 13
2 13
2 13
2 13
2 13
2 13
2 13
2 13
2 13
2 13
2 13
2 13
2 13
2 13
2 13
2 13
2 13
2 13
2 13
2 13
2 13
2 13
2 13
2 13
2 13
2 13
2 13
2 13
2 13
2 13
2 13
2 13
2 13
2 13
2 13
2 13
2 13
2 13
2 13
2 13
2 13
2 13
2 13
2 13
2 13
2 13
2 13
2 13
2 13
2 13
2 13
2 13
2 13
2 13
2 13
2 13
2 13
2 13
2 13
2 13
2 13
2 13
2 13
2 13
2 13
2 13
2 13
2 13
2 13
2 13
2 13
2 13
2 13
2 13
2 13
2 13
2 13
2 13
2 13
2 13
2 13
2 13
2 13
2 13
2 13
2 13
2 13
2 13
2 13
2 13
2 13
2 13
2 13
2 13
2 13
2 13
2 13
2 13
2 13
2 13
2 13
2 13
2 13
2 13
2 13
2 13
2 13
2 13
2 13
2 13
2 13
2 13
2 13
2 13
2 13
2 13
2 13
2 13
2 13
2 13
2 13
2 13
2 13
2 13
2 13
2 13
2 13
2 13
2 13
2 13
2 13
2 13
2 13
2 13
2 13
2 13
2 13
2 13
2 13
2 13
2 13
2 13
2 13
2 13
2 13
2 13
2 13
2 13
2 13
2 13
2 13
2 13
2 13
2 13
2 13
2 13
2 13
2 13
2 13
2 13
2 13
2 13
2 13
2 13
2 13
2 13
2 13
2 13
2 13
2 13
2 13
2 13
2 13
2 13
2 13
2 13
2 13
2 13
2 13
2 13
2 13
2 13
2 13
2 13
2 13
2 13
2 13
2 13
2 13
2 13
2 13
2 13
2 13
2 13
2 13
2 13
2 13
2 13
2 13
2 13
2 13
2 13
2 13
2 13
2 13
2 13
2 13
2 13
2 13
2 13
2 13
2 13
2 13
2 13
2 13
2 13
2 13
2 13
2 13
2 13
2 13
2 13
2 13
2 13
2 13
2 13
2 13
2 13
2 13
2 13
2 13
2 13
2 13
2 13
2 13
2 13
2 13
2 13
2 13
2 13
2 13
2 13
2 13
2 13
2 13
2 13
2 13
2 13
2 13
2 13
2 13
2 13
2 13
2 13
2 13
2 13
2 13
2 13
2 13
2 13
2 13
2 13
2 13
2 13
2 13
2 13
2 13
2 13
2 13
2 13
2 13
2 13
2 13
2 13
2 13
2 13
2 13
2 13
2 13
2 13
2 13
2 13
2 13
2 13
2 13
2 13
2 13
2 13
2 13
2 13
2 13
2 13
2 13
2 13
2 13
2 13
2 13
2 13
2 13
2 13
2 13
2 13
2 13
2 13
2 13
2 13
2 13
2 13
2 13
2 13
2 13
2 13
2 13
2 13
2 13
2 13
2 13
2 13
2 13
2 13
2 13
2 13
2 13
2 13
2 13
2 13
2 13
2 13
2 13
2 13
2 13
2 13
2 13
2 13
2 13
2 13
2 13
2 13
2 13
2 13
2 13
2 13
2 13
2 13
2 13
2 13
2 13
2 13
2 13
2 13
2 13
2 13
2 13
2 13
2 13
2 13
2 13
2 13
2 13
2 13
2 13
2 13
2 13
2 13
2 13
2 13
2 13
2 13
2 13
2 13
2 13
2 13
2 13
2 13
2 13
2 13
2 13
2 13
2 13
2 13
2 13
2 13
2 13
2 13
2 13
2 13
2 13
2 13
2 13
2 13
2 13
2 13
2 13
2 13
2 13
2 13
2 13
2 13
2 13
2 13
2 13
2 13
2 13
2 13
2 13
2 13
2 13
2 13
2 13
2 13
2 13
2 13
2 13
2 13
2 13
2 13
2 13
2 13
2 13
2 13
2 13
2 13
2 13
2 13
2 13
2 13
2 13
2 13
2 13
2 13
2 13
2 13
2 13
2 13
2 13
2 13
2 13
2 13
2 13
2 13
2 13
2 13
2 13
2 13
2 13
2 13
2 13
2 13
2 13
2 13
2 13
2 13
2 13
2 13
2 13
2 13
2 13
2 13
2 13
2 13
2 13
2 13
2 13
2 13
2 13
2 13
2 13
2 13
2 13
2 13
2 13
2 13
2 13
2 13
2 13
2 13
2 13
2 13
2 13
2 13
2 13
2 13
2 13
2 13
2 13
2 13
2 13
2 13
2 13
2 13
2 13
2 13
2 13
2 13
2 13
2 13
2 13
2 13
2 13
2 13
2 13
2 13
2 13
2 13
2 13
2 13
2 13
2 13
2 13
2 13
2 13
2 13
2 13
2 13
2 13
2 13
2 13
2 13
2 13
2 13
2 13
2 13
2 13
2 13
2 13
2 13
2 13
2 13
2 13
2 13
2 13
2 13
2 13
2 13
2 13
2 13
2 13
2 13
2 13
2 13
2 13
2 13
2 13
2 13
2 13
2 13
2 13
2 13
2 13
2 13
2 13
2 13
2 13
2 13
2 13
2 13
2 13
2 13
2 13
2 13
2 13
2 13
2 13
2 13
2 13
2 13
2 13
2 13
2 13
2 13
2 13
2 13
2 13
2 13
2 13
2 13
2 13
2 13
2 13
2 13
2 13
2 13
2 13
2 13
2 13
2 13
2 13
2 13
2 13
2 13
2 13
2 13
2 13
2 13
2 13
2 13
2 13
2 13
2 13
2 13
2 13
2 13
2 13
2 13
2 13
2 13
2 13
2 13
2 13
2 13
2 13
2 13
2 13
2 13
2 13
2 13
2 13
2 13
2 13
2 13
2 13
2 13
2 13
2 13
2 13
2 13
2 13
2 13
2 13
2 13
2 13
2 13
2 13
2 13
2 13
2 13
2 13
2 13
2 13
2 13
2 13
2 13
2 13
2 13
2 13
2 13
2 13
2 13
2 13
2 13
2 13
2 13
2 13
2 13
2 13
2 13
2 13
2 13
2 13
2 13
2 13
2 13
2 13
2 13
2 13
2 13
2 13
2 13
2 13
2 13
2 13
2 13
2 13
2 13
2 13
2 13
2 13
2 13
2 13
2 13
2 13
2 13
2 13
2 13
2 13
2 13
2 13
2 13
2 13
2 13
2 13
2 13
2 13
2 13
2 13
2 13
2 13
2 13
2 13
2 13
2 13
2 13
2 13
2 13
2 13
2 13
2 13
2 13
2 13
2 13
2 13
2 13
2 13
2 13
2 13
2 13
2 13
2 13
2 13
2 13
2 13
2 13
2 13
2 13
2 13
2 13
2 13
2 13
2 13
2 13
2 13
2 13
2 13
2 13
2 13
2 13
2 13
2 13
2 13
2 13
2 13
2 13
2 13
2 13
2 13
2 13
2 13
2 13
2 13
2 13
2 13
2 13
2 13
2 13
2 13
2 13
2 13
2 13
2 13
2 13
2 13
2 13
2 13
2 13
2 13
2 13
2 13
2 13
2 13
2 13
2 13
2 13
2 13
2 13
2 13
2 13
2 13
2 13
2 13
2 13
2 13
2 13
2 13
2 13
2 13
2 13
2 13
2 13
2 13
2 13
2 13
2 13
2 13
2 13
2 13
2 13
2 13
2 13
2 13
2 13
2 13
2 13
2 13
2 13
2 13
2 13
2 13
2 13
2 13
2 13
2 13
2 13
2 13
2 13
2 13
2 13
2 13
2 13
2 13
2 13
2 13
2 13
2 13
2 13
2 13
2 13
2 13
2 13
2 13
2 13
2 13
2 13
2 13
2 13
2 13
2 13
2 13
2 13
2 13
2 13
2 13
2 13
2 13
2 13
2 13
2 13
2 13
2 13
2 13
2 13
2 13
2 13
2 13
2 13
2 13
2 13
2 13
2 13
2 13
2 13
2 13
2 13
2 13
2 13
2 13
2 13
2 13
2 13
2 13
2 13
2 13
2 13
2 13
2 13
2 13
2 13
2 13
2 13
2 13
2 13
2 13
2 13
2 13
2 13
2 13
2 13
2 13
2 13
2 13
2 13
2 13
2 13
2 13
2 13
2 13
2 13
2 13
2 13
2 13
2 13
2 13
2 13
2 13
2 13
2 13
2 13
2 13
2 13
2 13
2 13
2 13
2 13
2 13
2 13
2 13
2 13
2 13
2 13
2 13
2 13
2 13
2 13
2 13
2 13
2 13
2 13
2 13
2 13
2 13
2 13
2 13
2 13
2 13
2 13
2 13
2 13
2 13
2 13
2 13
2 13
2 13
2 13
2 13
2 13
2 13
2 13
2 13
2 13
2 13
2 13
2 13
2 13
2 13
2 13
2 13
2 13
2 13
2 13
2 13
2 13
2 13
2 13
2 13
2 13
2 13
2 13
2 13
2 13
2 13
2 13
2 13
2 13
2 13
2 13
2 13
2 13
2 13
2 13
2 13
2 13
2 13
2 13
2 13
2 13
2 13
2 13
2 13
2 13
2 13
2 13
2 13
2 13
2 13
2 13
2 13
2 13
2 13
2 13
2 13
2 13
2 13
2 13
2 13
2 13
2 13
2 13
2 13
2 13
2 13
2 13
2 13
2 13
2 13
2 13
2 13
2 13
2 13
2 13
2 13
2 13
2 13
2 13
2 13
2 13
2 13
2 13
2 13
2 13
2 13
2 13
2 13
2 13
2 13
2 13
2 13
2 13
2 13
2 13
2 13
2 13
2 13
2 13
2 13
2 13
2 13
2 13
2 13
2 13
2 13
2 13
2 13
2 13
2 13
2 13
2 13
2 13
2 13
2 13
2 13
2 13
2 13
2 13
2 13
2 13
2 13
2 13
2 13
2 13
2 13
2 13
2 13
2 13
2 13
2 13
2 13
2 13
2 13
2 13
2 13
2 13
2 13
2 13
2 13
2 13
2 13
2 13
2 13
2 13
2 13
2 13
2 13
2 13
2 13
2 13
2 13
2 13
2 13
2 13
2 13
2 13
2 13
2 13
2 13
2 13
2 13
2 13
2 13
2 13
2 13
2 13
2 13
2 13
2 13
2 13
2 13
2 13
2 13
2 13
2 13
2 13
2 13
2 13
2 13
2 13
2 13
2 13
2 13
2 13
2 13
2 13
2 13
2 13
2 13
2 13
2 13
2 13
2 13
2 13
2 13
2 13
2 13
2 13
2 13
2 13
2 13
2 13
2 13
2 13
2 13
2 13
2 13
2 13
2 13
2 13
2 13
2 13
2 13
2 13
2 13
2 13
2 13
2 13
2 13
2 13
2 13
2 13
2 13
2 13
2 13
2 13
2 13
2 13
2 13
2 13
2 13
2 13
2 13
2 13
2 13
2 13
2 13
2 13
2 13
2 13
2 13
2 13
2 13
2 13
2 13
2 13
2 13
2 13
2 13
2 13
2 13
2 13
2 13
2 13
2 13
2 13
2 13
2 13
2 13
2 13
2 13
2 13
2 13
2 13
2 13
2 13
2 13
2 13
2 13
2 13
2 13
2 13
2 13
2 13
2 13
2 13
3 12
3 12
3 12
3 12
3 12
3 12
3 12
3 12
3 12
3 12
3 12
3 12
3 12
3 12
3 12
3 12
3 12
3 12
3 12
3 12
3 12
3 12
3 12
3 12
3 12
3 12
3 12
3 12
3 12
3 12
3 12
3 12
3 12
3 12
3 12
3 12
3 12
3 12
3 12
3 12
3 12
3 12
3 12
3 12
3 12
3 12
3 12
3 12
3 12
3 12
3 12
3 12
3 12
3 12
3 12
3 12
3 12
3 12
3 12
3 12
3 12
3 12
3 12
3 12
3 12
3 12
3 12
3 12
3 12
3 12
3 12
3 12
3 12
3 12
3 12
3 12
3 12
3 12
3 12
3 12
3 12
3 12
3 12
3 12
3 12
3 12
3 12
3 12
3 12
3 12
3 12
3 12
3 12
3 12
3 12
3 12
3 12
3 12
3 12
3 12
3 12
3 12
3 12
3 12
3 12
3 12
3 12
3 12
3 12
3 12
3 12
3 12
3 12
3 12
3 12
3 12
3 12
3 12
3 12
3 12
3 12
3 12
3 12
3 12
3 12
3 12
3 12
3 12
3 12
3 12
3 12
3 12
3 12
3 12
3 12
3 12
3 12
3 12
3 12
3 12
3 12
3 12
3 12
3 12
3 12
3 12
3 12
3 12
3 12
3 12
3 12
3 12
3 12
3 12
3 12
3 12
3 12
3 12
3 12
3 12
3 12
3 12
3 12
3 12
3 12
3 12
3 12
3 12
3 12
3 12
3 12
3 12
3 12
3 12
3 12
3 12
3 12
3 12
3 12
3 12
3 12
3 12
3 12
3 12
3 12
3 12
3 12
3 12
3 12
3 12
3 12
3 12
3 12
3 12
3 12
3 12
3 12
3 12
3 12
3 12
3 12
3 12
3 12
3 12
3 12
3 12
3 12
3 12
3 12
3 12
3 12
3 12
3 12
3 12
3 12
3 12
3 12
3 12
3 12
3 12
3 12
3 12
3 12
3 12
3 12
3 12
3 12
3 12
3 12
3 12
3 12
3 12
3 12
3 12
3 12
3 12
3 12
3 12
3 12
3 12
3 12
3 12
3 12
3 12
3 12
3 12
3 12
3 12
3 12
3 12
3 12
3 12
3 12
3 12
3 12
3 12
3 12
3 12
3 12
3 12
3 12
3 12
3 12
3 12
3 12
3 12
3 12
3 12
3 12
3 12
3 12
3 12
3 12
3 12
3 12
3 12
3 12
3 12
3 12
3 12
3 12
3 12
3 12
3 12
3 12
3 12
3 12
3 12
3 12
3 12
3 12
3 12
3 12
3 12
3 12
3 12
3 12
3 12
3 12
3 12
3 12
3 12
3 12
3 12
3 12
3 12
3 12
3 12
3 12
3 12
3 12
3 12
3 12
3 12
3 12
3 12
3 12
3 12
3 12
3 12
3 12
3 12
3 12
3 12
3 12
3 12
3 12
3 12
3 12
3 12
3 12
3 12
3 12
3 12
3 12
3 12
3 12
3 12
3 12
3 12
3 12
3 12
3 12
3 12
3 12
3 12
3 12
3 12
3 12
3 12
3 12
3 12
3 12
3 12
3 12
3 12
3 12
3 12
3 12
3 12
3 12
3 12
3 12
3 12
3 12
3 12
3 12
3 12
3 12
3 12
3 12
3 12
3 12
3 12
3 12
3 12
3 12
3 12
3 12
3 12
3 12
3 12
3 12
3 12
3 12
3 12
3 12
3 12
3 12
3 12
3 12
3 12
3 12
3 12
3 12
3 12
3 12
3 12
3 12
3 12
3 12
3 12
3 12
3 12
3 12
3 12
3 12
3 12
3 12
3 12
3 12
3 12
3 12
3 12
3 12
3 12
3 12
3 12
3 12
3 12
3 12
3 12
3 12
3 12
3 12
3 12
3 12
3 12
3 12
3 12
3 12
3 12
3 12
3 12
3 12
3 12
3 12
3 12
3 12
3 12
3 12
3 12
3 12
3 12
3 12
3 12
3 12
3 12
3 12
3 12
3 12
3 12
3 12
3 12
3 12
3 12
3 12
3 12
3 12
3 12
3 12
3 12
3 12
3 12
3 12
3 12
3 12
3 12
3 12
3 12
3 12
3 12
3 12
3 12
3 12
3 12
3 12
3 12
3 12
3 12
3 12
3 12
3 12
3 12
3 12
3 12
3 12
3 12
3 12
3 12
3 12
3 12
3 12
3 12
3 12
3 12
3 12
3 12
3 12
3 12
3 12
3 12
3 12
3 12
3 12
3 12
3 12
3 12
3 12
3 12
3 12
3 12
3 12
3 12
3 12
3 12
3 12
3 12
3 12
3 12
3 12
3 12
3 12
3 12
3 12
3 12
3 12
3 12
3 12
3 12
3 12
3 12
3 12
3 12
3 12
3 12
3 12
3 12
3 12
3 12
3 12
3 12
3 12
3 12
3 12
3 12
3 12
3 12
3 12
3 12
3 12
3 12
3 12
3 12
3 12
3 12
3 12
3 12
3 12
3 12
3 12
3 12
3 12
3 12
3 12
3 12
3 12
3 12
3 12
3 12
3 12
3 12
3 12
3 12
3 12
3 12
3 12
3 12
3 12
3 12
3 12
3 12
3 12
3 12
3 12
3 12
3 12
3 12
3 12
3 12
3 12
3 12
3 12
3 12
3 12
3 12
3 12
3 12
3 12
3 12
3 12
3 12
3 12
3 12
3 12
3 12
3 12
3 12
3 12
3 12
3 12
3 12
3 12
3 12
3 12
3 12
3 12
3 12
3 12
3 12
3 12
3 12
3 12
3 12
3 12
3 12
3 12
3 12
3 12
3 12
3 12
3 12
3 12
3 12
3 12
3 12
3 12
3 12
3 12
3 12
3 12
3 12
3 12
3 12
3 12
3 12
3 12
3 12
3 12
3 12
3 12
3 12
3 12
3 12
3 12
3 12
3 12
3 12
3 12
3 12
3 12
3 12
3 12
3 12
3 12
3 12
3 12
3 12
3 12
3 12
3 12
3 12
3 12
3 12
3 12
3 12
3 12
3 12
3 12
3 12
3 12
3 12
3 12
3 12
3 12
3 12
3 12
3 12
3 12
3 12
3 12
3 12
3 12
3 12
3 12
3 12
3 12
3 12
3 12
3 12
3 12
3 12
3 12
3 12
3 12
3 12
3 12
3 12
3 12
3 12
3 12
3 12
3 12
3 12
3 12
3 12
3 12
3 12
3 12
3 12
3 12
3 12
3 12
3 12
3 12
3 12
3 12
3 12
3 12
3 12
3 12
3 12
3 12
3 12
3 12
3 12
3 12
3 12
3 12
3 12
3 12
3 12
3 12
3 12
3 12
3 12
3 12
3 12
3 12
3 12
3 12
3 12
3 12
3 12
3 12
3 12
3 12
3 12
3 12
3 12
3 12
3 12
3 12
3 12
3 12
3 12
3 12
3 12
3 12
3 12
3 12
3 12
3 12
3 12
3 12
3 12
3 12
3 12
3 12
3 12
3 12
3 12
3 12
3 12
3 12
3 12
3 12
3 12
3 12
3 12
3 12
3 12
3 12
3 12
3 12
3 12
3 12
3 12
3 12
3 12
3 12
3 12
3 12
3 12
3 12
3 12
3 12
3 12
3 12
3 12
3 12
3 12
3 12
3 12
3 12
3 12
3 12
3 12
3 12
3 12
3 12
3 12
3 12
3 12
3 12
3 12
3 12
3 12
3 12
3 12
3 12
3 12
3 12
3 12
3 12
3 12
3 12
3 12
3 12
3 12
3 12
3 12
3 12
3 12
3 12
3 12
3 12
3 12
3 12
3 12
3 12
3 12
3 12
3 12
3 12
3 12
3 12
3 12
3 12
3 12
3 12
3 12
3 12
3 12
3 12
3 12
3 12
3 12
3 12
3 12
3 12
3 12
3 12
3 12
3 12
3 12
3 12
3 12
3 12
3 12
3 12
3 12
3 12
3 12
3 12
3 12
3 12
3 12
3 12
3 12
3 12
3 12
3 12
3 12
3 12
3 12
3 12
3 12
3 12
3 12
3 12
3 12
3 12
3 12
3 12
3 12
3 12
3 12
3 12
3 12
3 12
3 12
3 12
3 12
3 12
3 12
3 12
3 12
3 12
3 12
3 12
3 12
3 12
3 12
3 12
3 12
3 12
3 12
3 12
3 12
3 12
3 12
3 12
3 12
3 12
3 12
3 12
3 12
3 12
3 12
3 12
3 12
3 12
3 12
3 12
3 12
3 12
3 12
3 12
3 12
3 12
3 12
3 12
3 12
3 12
3 12
3 12
3 12
3 12
3 12
3 12
3 12
3 12
3 12
3 12
3 12
3 12
3 12
3 12
3 12
3 12
3 12
3 12
3 12
3 12
3 12
3 12
3 12
3 12
3 12
3 12
3 12
3 12
3 12
3 12
3 12
3 12
3 12
3 12
3 12
3 12
3 12
3 12
3 12
3 12
3 12
3 12
3 12
3 12
3 12
3 12
3 12
3 12
3 12
3 12
3 12
3 12
3 12
3 12
3 12
3 12
3 12
3 12
3 12
3 12
3 12
3 12
3 12
3 12
3 12
3 12
3 12
3 12
3 12
3 12
3 12
3 12
3 12
3 12
3 12
3 12
3 12
3 12
3 12
3 12
3 12
3 12
3 12
3 12
3 12
3 12
3 12
3 12
3 12
3 12
3 12
3 12
3 12
3 12
3 12
3 12
3 12
3 12
3 12
3 12
3 12
3 12
3 12
3 12
3 12
3 12
3 12
3 12
3 12
3 12
3 12
3 12
3 12
3 12
3 12
3 12
3 12
3 12
3 12
3 12
3 12
3 12
3 12
3 12
3 12
3 12
3 12
3 12
3 12
3 12
3 12
3 12
3 12
3 12
3 12
3 12
3 12
3 12
3 12
3 12
3 12
3 12
3 12
3 12
3 12
3 12
3 12
3 12
3 12
3 12
3 12
3 12
3 12
3 12
3 12
3 12
3 12
3 12
3 12
3 12
3 12
3 12
3 12
3 12
3 12
3 12
3 12
3 12
3 12
3 12
3 12
3 12
3 12
3 12
3 12
3 12
3 12
3 12
3 12
3 12
3 12
3 12
3 12
3 12
3 12
3 12
3 12
3 12
3 12
3 12
3 12
3 12
3 12
3 12
3 12
3 12
3 12
3 12
3 12
3 12
3 12
3 12
3 12
3 12
3 12
3 12
3 12
3 12
3 12
3 12
3 12
3 12
3 12
3 12
3 12
3 12
3 12
3 12
3 12
3 12
3 12
3 12
3 12
3 12
3 12
3 12
3 12
3 12
3 12
3 12
3 12
3 12
3 12
3 12
3 12
3 12
3 12
3 12
3 12
3 12
3 12
3 12
3 12
3 12
3 12
3 12
3 12
3 12
3 12
3 12
3 12
3 12
3 12
3 12
3 12
3 12
3 12
3 12
3 12
3 12
3 12
3 12
3 12
3 12
3 12
3 12
3 12
3 12
3 12
3 12
3 12
3 12
3 12
3 12
3 12
3 12
3 12
3 12
3 12
3 12
3 12
3 12
3 12
3 12
3 12
3 12
3 12
3 12
3 12
3 12
3 12
3 12
3 12
3 12
3 12
3 12
3 12
3 12
3 12
3 12
3 12
3 12
3 12
3 12
3 12
3 12
3 12
3 12
3 12
3 12
3 12
3 12
3 12
3 12
3 12
3 12
3 12
3 12
3 12
3 12
3 12
3 12
3 12
3 12
3 12
3 12
3 12
3 12
3 12
3 12
3 12
3 12
3 12
3 12
3 12
3 12
3 12
3 12
3 12
3 12
3 12
3 12
3 12
3 12
3 12
3 12
3 12
3 12
3 12
3 12
3 12
3 12
3 12
3 12
3 12
3 12
3 12
3 12
3 12
3 12
3 12
3 12
3 12
3 12
3 12
3 12
3 12
3 12
3 12
3 12
3 12
3 12
3 12
3 12
3 12
3 12
3 12
3 12
3 12
3 12
3 12
3 12
3 12
3 12
3 12
3 12
3 12
3 12
3 12
3 12
3 12
3 12
3 12
3 12
3 12
3 12
3 12
3 12
3 12
3 12
3 12
3 12
3 12
3 12
3 12
3 12
3 12
3 12
3 12
3 12
3 12
3 12
3 12
3 12
3 12
3 12
3 12
3 12
3 12
3 12
3 12
3 12
3 12
3 12
3 12
3 12
3 12
3 12
3 12
3 12
3 12
3 12
3 12
3 12
3 12
3 12
3 12
3 12
3 12
3 12
3 12
3 12
3 12
3 12
3 12
3 12
3 12
3 12
3 12
3 12
3 12
3 12
3 12
3 12
3 12
3 12
3 12
3 12
3 12
3 12
3 12
3 12
3 12
3 12
3 12
3 12
3 12
3 12
3 12
3 12
3 12
3 12
3 12
3 12
3 12
3 12
3 12
3 12
3 12
3 12
3 12
3 12
3 12
3 12
3 12
3 12
3 12
3 12
3 12
3 12
3 12
3 12
3 12
3 12
3 12
3 12
3 12
3 12
3 12
3 12
3 12
3 12
3 12
3 12
3 12
3 12
3 12
3 12
3 12
3 12
3 12
3 12
3 12
3 12
3 12
3 12
3 12
3 12
3 12
3 12
3 12
3 12
3 12
3 12
3 12
3 12
3 12
3 12
3 12
3 12
3 12
3 12
3 12
3 12
3 12
3 12
3 12
3 12
3 12
3 12
3 12
3 12
3 12
3 12
3 12
3 12
3 12
3 12
3 12
3 12
3 12
3 12
3 12
3 12
3 12
3 12
3 12
3 12
3 12
3 12
3 12
3 12
3 12
3 12
3 12
3 12
3 12
3 12
3 12
3 12
3 12
3 12
3 12
3 12
3 12
3 12
3 12
3 12
3 12
3 12
3 12
3 12
3 12
3 12
3 12
3 12
3 12
3 12
3 12
3 12
3 12
3 12
3 12
3 12
3 12
3 12
3 12
3 12
3 12
3 12
3 12
3 12
3 12
3 12
3 12
3 12
3 12
3 12
3 12
3 12
3 12
3 12
3 12
3 12
3 12
3 12
3 12
3 12
3 12
3 12
3 12
3 12
3 12
3 12
3 12
3 12
3 12
3 12
3 12
3 12
3 12
3 12
3 12
3 12
3 12
3 12
3 12
3 12
3 12
3 12
3 12
3 12
3 12
3 12
3 12
3 12
3 12
3 12
3 12
3 12
3 12
3 12
3 12
3 12
3 12
3 12
3 12
3 12
3 12
3 12
3 12
3 12
3 12
3 12
3 12
3 12
3 12
3 12
3 12
3 12
3 12
3 12
3 12
3 12
3 12
3 12
3 12
3 12
3 12
3 12
3 12
3 12
3 12
3 12
3 12
3 12
3 12
3 12
3 12
3 12
3 12
3 12
3 12
3 12
3 12
3 12
3 12
3 12
3 12
3 12
3 12
3 12
3 12
3 12
3 12
3 12
3 12
3 12
3 12
3 12
3 12
3 12
3 12
3 12
3 12
3 12
3 12
3 12
3 12
3 12
3 12
3 12
3 12
3 12
3 12
3 12
3 12
3 12
3 12
3 12
3 12
3 12
3 12
3 12
3 12
3 12
3 12
3 12
3 12
3 12
3 12
3 12
3 12
3 12
3 12
3 12
3 12
3 12
3 12
3 12
3 12
3 12
3 12
3 12
3 12
3 12
3 12
3 12
3 12
3 12
3 12
3 12
3 12
3 12
3 12
3 12
3 12
3 12
3 12
3 12
3 12
3 12
3 12
3 12
3 12
3 12
3 12
3 12
3 12
3 12
3 12
3 12
3 12
3 12
3 12
3 12
3 12
3 12
3 12
3 12
3 12
3 12
3 12
3 12
3 12
3 12
3 12
3 12
3 12
3 12
3 12
3 12
3 12
3 12
3 12
3 12
3 12
3 12
3 12
3 12
3 12
3 12
3 12
3 12
3 12
3 12
3 12
3 12
3 12
3 12
3 12
3 12
3 12
3 12
3 12
3 12
3 12
3 12
3 12
3 12
3 12
3 12
3 12
3 12
3 12
3 12
3 12
3 12
3 12
3 12
3 12
3 12
3 12
3 12
3 12
3 12
3 12
3 12
3 12
3 12
3 12
3 12
3 12
3 12
3 12
3 12
3 12
3 12
3 12
3 12
3 12
3 12
3 12
3 12
3 12
3 12
3 12
3 12
3 12
3 12
3 12
3 12
3 12
3 12
3 12
3 12
3 12
3 12
3 12
3 12
3 12
3 12
3 12
3 12
3 12
3 12
3 12
3 12
3 12
3 12
3 12
3 12
3 12
3 12
3 12
3 12
3 12
3 12
3 12
3 12
3 12
3 12
3 12
3 12
3 12
3 12
3 12
3 12
3 12
3 12
3 12
3 12
3 12
3 12
3 12
3 12
3 12
3 12
3 12
3 12
3 12
3 12
3 12
3 12
3 12
3 12
3 12
3 12
3 12
3 12
3 12
3 12
3 12
3 12
3 12
3 12
3 12
3 12
3 12
3 12
3 12
3 12
3 12
3 12
3 12
3 12
3 12
3 12
3 12
3 12
3 12
3 12
3 12
3 12
3 12
3 12
3 12
3 12
3 12
3 12
3 12
3 12
3 12
3 12
3 12
3 12
3 12
3 12
3 12
3 12
3 12
3 12
3 12
3 12
3 12
3 12
3 12
3 12
3 12
3 12
3 12
3 12
3 12
3 12
3 12
3 12
3 12
3 12
3 12
3 12
3 12
3 12
3 12
3 12
3 12
3 12
3 12
3 12
3 12
3 12
3 12
3 12
3 12
3 12
3 12
3 12
3 12
3 12
3 12
3 12
3 12
3 12
3 12
3 12
3 12
3 12
3 12
3 12
3 12
3 12
3 12
3 12
3 12
3 12
3 12
3 12
3 12
3 12
3 12
3 12
3 12
3 12
3 12
3 12
3 12
3 12
3 12
3 12
3 12
3 12
3 12
3 12
3 12
3 12
3 12
3 12
3 12
3 12
3 12
3 12
3 12
3 12
3 12
3 12
3 12
3 12
3 12
3 12
3 12
3 12
3 12
3 12
3 12
3 12
3 12
3 12
3 12
3 12
3 12
3 12
3 12
3 12
3 12
3 12
3 12
3 12
3 12
3 12
3 12
3 12
3 12
3 12
3 12
3 12
3 12
3 12
3 12
3 12
3 12
3 12
3 12
3 12
3 12
3 12
3 12
3 12
3 12
3 12
3 12
3 12
3 12
3 12
3 12
3 12
3 12
3 12
3 12
3 12
3 12
3 12
3 12
3 12
3 12
3 12
3 12
3 12
3 12
3 12
3 12
3 12
3 12
3 12
3 12
3 12
3 12
3 12
3 12
3 12
3 12
3 12
3 12
3 12
3 12
3 12
3 12
3 12
3 12
3 12
3 12
3 12
3 12
3 12
3 12
3 12
3 12
3 12
3 12
3 12
3 12
3 12
3 12
3 12
3 12
3 12
3 12
3 12
3 12
3 12
3 12
3 12
3 12
3 12
3 12
3 12
3 12
3 12
3 12
3 12
3 12
3 12
3 12
3 12
3 12
3 12
3 12
3 12
3 12
3 12
3 12
3 12
3 12
3 12
3 12
3 12
3 12
3 12
3 12
3 12
3 12
3 12
3 12
3 12
3 12
3 12
3 12
3 12
3 12
3 12
3 12
3 12
3 12
3 12
3 12
3 12
3 12
3 12
3 12
3 12
3 12
3 12
3 12
3 12
3 12
3 12
3 12
3 12
3 12
3 12
3 12
3 12
3 12
3 12
3 12
3 12
3 12
3 12
3 12
3 12
3 12
3 12
3 12
3 12
3 12
3 12
3 12
3 12
3 12
3 12
3 12
3 12
3 12
3 12
3 12
3 12
3 12
3 12
3 12
3 12
3 12
3 12
3 12
3 12
3 12
3 12
3 12
3 12
3 12
3 12
3 12
3 12
3 12
3 12
3 12
3 12
3 12
3 12
3 12
3 12
3 12
3 12
3 12
3 12
3 12
3 12
3 12
3 12
3 12
3 12
3 12
3 12
3 12
3 12
3 12
3 12
3 12
3 12
3 12
3 12
3 12
3 12
3 12
3 12
3 12
3 12
3 12
3 12
3 12
3 12
3 12
3 12
3 12
3 12
3 12
3 12
3 12
3 12
3 12
3 12
3 12
3 12
3 12
3 12
3 12
3 12
3 12
3 12
3 12
3 12
3 12
3 12
3 12
3 12
3 12
3 12
3 12
3 12
3 12
3 12
3 12
3 12
3 12
3 12
3 12
3 12
3 12
3 12
3 12
3 12
3 12
3 12
3 12
3 12
3 12
3 12
3 12
3 12
3 12
3 12
3 12
3 12
3 12
3 12
3 12
3 12
3 12
3 12
3 12
3 12
3 12
3 12
3 12
3 12
3 12
3 12
3 12
3 12
3 12
3 12
3 12
3 12
3 12
3 12
3 12
3 12
3 12
3 12
3 12
3 12
3 12
3 12
3 12
3 12
3 12
3 12
3 12
3 12
3 12
3 12
3 12
3 12
3 12
3 12
3 12
3 12
3 12
3 12
3 12
3 12
3 12
3 12
3 12
3 12
3 12
3 12
3 12
3 12
3 12
3 12
3 12
3 12
3 12
3 12
3 12
3 12
3 12
3 12
3 12
3 12
3 12
3 12
3 12
3 12
3 12
3 12
3 12
3 12
3 12
3 12
3 12
3 12
3 12
3 12
3 12
3 12
3 12
3 12
3 12
3 12
3 12
3 12
3 12
3 12
3 12
3 12
3 12
3 12
3 12
3 12
3 12
3 12
3 12
3 12
3 12
3 12
3 12
3 12
3 12
3 12
3 12
3 12
3 12
3 12
3 12
3 12
3 12
3 12
3 12
3 12
3 12
3 12
3 12
3 12
3 12
3 12
3 12
3 12
3 12
3 12
3 12
3 12
3 12
3 12
3 12
3 12
3 12
3 12
3 12
3 12
3 12
3 12
3 12
3 12
3 12
3 12
3 12
3 12
3 12
3 12
3 12
3 12
3 12
3 12
3 12
3 12
3 12
3 12
3 12
3 12
3 12
3 12
3 12
3 12
3 12
3 12
3 12
3 12
3 12
3 12
3 12
3 12
3 12
3 12
3 12
3 12
3 12
3 12
3 12
3 12
3 12
3 12
3 12
3 12
3 12
3 12
3 12
3 12
3 12
3 12
3 12
3 12
3 12
3 12
3 12
3 12
3 12
3 12
3 12
3 12
3 12
3 12
3 12
3 12
3 12
3 12
3 12
3 12
3 12
3 12
3 12
3 12
3 12
3 12
3 12
3 12
3 12
3 12
3 12
3 12
3 12
3 12
3 12
3 12
3 12
3 12
3 12
3 12
3 12
3 12
3 12
3 12
3 12
3 12
3 12
3 12
3 12
3 12
3 12
3 12
3 12
3 12
3 12
3 12
3 12
3 12
3 12
3 12
3 12
3 12
3 12
3 12
3 12
3 12
3 12
3 12
3 12
3 12
3 12
3 12
3 12
3 12
3 12
3 12
3 12
3 12
3 12
3 12
3 12
3 12
3 12
3 12
3 12
3 12
3 12
3 12
3 12
3 12
3 12
3 12
3 12
3 12
3 12
3 12
3 12
3 12
3 12
3 12
3 12
3 12
3 12
3 12
3 12
3 12
3 12
3 12
3 12
3 12
3 12
3 12
3 12
3 12
3 12
3 12
3 12
3 12
3 12
3 12
3 12
3 12
3 12
3 12
3 12
3 12
3 12
3 12
3 12
3 12
3 12
3 12
3 12
3 12
3 12
3 12
3 12
3 12
3 12
3 12
3 12
3 12
3 12
3 12
3 12
3 12
3 12
3 12
3 12
3 12
3 12
3 12
3 12
3 12
3 12
3 12
3 12
3 12
3 12
3 12
3 12
3 12
3 12
3 12
3 12
3 12
3 12
3 12
3 12
3 12
3 12
3 12
3 12
3 12
3 12
3 12
3 12
3 12
3 12
3 12
3 12
3 12
3 12
3 12
3 12
3 12
3 12
3 12
3 12
3 12
3 12
3 12
3 12
3 12
3 12
3 12
3 12
3 12
3 12
3 12
3 12
3 12
3 12
3 12
3 12
3 12
3 12
3 12
3 12
3 12
3 12
3 12
3 12
3 12
3 12
3 12
3 12
3 12
3 12
3 12
3 12
3 12
3 12
3 12
3 12
3 12
3 12
3 12
3 12
3 12
3 12
3 12
3 12
3 12
3 12
3 12
3 12
3 12
3 12
3 12
3 12
3 12
3 12
3 12
3 12
3 12
3 12
3 12
3 12
3 12
3 12
3 12
3 12
3 12
3 12
3 12
3 12
3 12
3 12
3 12
3 12
3 12
3 12
3 12
3 12
3 12
3 12
3 12
3 12
3 12
3 12
3 12
3 12
3 12
3 12
3 12
3 12
3 12
3 12
3 12
3 12
3 12
3 12
3 12
3 12
3 12
3 12
3 12
3 12
3 12
3 12
3 12
3 12
3 12
3 12
3 12
3 12
3 12
3 12
3 12
3 12
3 12
3 12
3 12
3 12
3 12
3 12
3 12
3 12
3 12
3 12
3 12
3 12
3 12
3 12
3 12
3 12
3 12
3 12
3 12
3 12
3 12
3 12
3 12
3 12
3 12
3 12
3 12
3 12
3 12
3 12
3 12
3 12
3 12
3 12
3 12
3 12
3 12
3 12
3 12
3 12
3 12
3 12
3 12
3 12
3 12
3 12
3 12
3 12
3 12
3 12
3 12
3 12
3 12
3 12
3 12
3 12
3 12
3 12
3 12
3 12
3 12
3 12
3 12
3 12
3 12
3 12
3 12
3 12
3 12
3 12
3 12
3 12
3 12
3 12
3 12
3 12
3 12
3 12
3 12
3 12
3 12
3 12
3 12
3 12
3 12
3 12
3 12
3 12
3 12
3 12
3 12
3 12
3 12
3 12
3 12
3 12
3 12
3 12
3 12
3 12
3 12
3 12
3 12
3 12
3 12
3 12
3 12
3 12
3 12
3 12
3 12
3 12
3 12
3 12
3 12
3 12
3 12
3 12
3 12
3 12
3 12
3 12
3 12
3 12
3 12
3 12
3 12
3 12
3 12
3 12
3 12
3 12
3 12
3 12
3 12
3 12
3 12
3 12
3 12
3 12
3 12
3 12
3 12
3 12
3 12
3 12
3 12
3 12
3 12
3 12
3 12
3 12
3 12
3 12
3 12
3 12
3 12
3 12
3 12
3 12
3 12
3 12
3 12
3 12
3 12
3 12
3 12
3 12
3 12
3 12
3 12
3 12
3 12
3 12
3 12
3 12
3 12
3 12
3 12
3 12
3 12
3 12
3 12
3 12
3 12
3 12
3 12
3 12
3 12
3 12
3 12
3 12
3 12
3 12
3 12
3 12
3 12
3 12
3 12
3 12
3 12
3 12
3 12
3 12
3 12
3 12
3 12
3 12
3 12
3 12
3 12
3 12
3 12
3 12
3 12
3 12
3 12
3 12
3 12
3 12
3 12
3 12
3 12
3 12
3 12
3 12
3 12
3 12
3 12
3 12
3 12
3 12
3 12
3 12
3 12
3 12
3 12
3 12
3 12
3 12
3 12
3 12
3 12
3 12
3 12
3 12
3 12
3 12
3 12
3 12
3 12
3 12
3 12
3 12
3 12
3 12
3 12
3 12
3 12
3 12
3 12
3 12
3 12
3 12
3 12
3 12
3 12
3 12
3 12
3 12
3 12
3 12
3 12
3 12
3 12
3 12
3 12
3 12
3 12
3 12
3 12
3 12
3 12
3 12
3 12
3 12
3 12
3 12
3 12
3 12
3 12
3 12
3 12
3 12
3 12
3 12
3 12
3 12
3 12
3 12
3 12
3 12
3 12
3 12
3 12
3 12
3 12
3 12
3 12
3 12
3 12
3 12
3 12
3 12
3 12
3 12
3 12
3 12
3 12
3 12
3 12
3 12
3 12
3 12
3 12
3 12
3 12
3 12
3 12
3 12
3 12
3 12
3 12
3 12
3 12
3 12
3 12
3 12
3 12
3 12
3 12
3 12
3 12
3 12
3 12
3 12
3 12
3 12
3 12
3 12
3 12
3 12
3 12
3 12
3 12
3 12
3 12
3 12
3 12
3 12
3 12
3 12
3 12
3 12
3 12
3 12
3 12
3 12
3 12
3 12
3 12
3 12
3 12
3 12
3 12
3 12
3 12
3 12
3 12
3 12
3 12
3 12
3 12
3 12
3 12
3 12
3 12
3 12
3 12
3 12
3 12
3 12
3 12
3 12
3 12
3 12
3 12
3 12
3 12
3 12
3 12
3 12
3 12
3 12
3 12
3 12
3 12
3 12
3 12
3 12
3 12
3 12
3 12
3 12
3 12
3 12
3 12
3 12
3 12
3 12
3 12
3 12
3 12
3 12
3 12
3 12
3 12
3 12
3 12
3 12
3 12
3 12
3 12
3 12
3 12
3 12
3 12
3 12
3 12
3 12
3 12
3 12
3 12
3 12
3 12
3 12
3 12
3 12
3 12
3 12
3 12
3 12
3 12
3 12
3 12
3 12
3 12
3 12
3 12
3 12
3 12
3 12
3 12
3 12
3 12
3 12
3 12
3 12
3 12
3 12
3 12
3 12
3 12
3 12
3 12
3 12
3 12
3 12
3 12
3 12
3 12
3 12
3 12
3 12
3 12
3 12
3 12
3 12
3 12
3 12
3 12
3 12
3 12
3 12
3 12
3 12
3 12
3 12
3 12
3 12
3 12
3 12
3 12
3 12
3 12
3 12
3 12
3 12
3 12
3 12
3 12
3 12
3 12
3 12
3 12
3 12
3 12
3 12
3 12
3 12
3 12
3 12
3 12
3 12
3 12
3 12
3 12
3 12
3 12
3 12
3 12
3 12
3 12
3 12
3 12
3 12
3 12
3 12
3 12
3 12
3 12
3 12
3 12
3 12
3 12
3 12
3 12
3 12
3 12
3 12
3 12
3 12
3 12
3 12
3 12
3 12
3 12
3 12
3 12
3 12
3 12
3 12
3 12
3 12
3 12
3 12
3 12
3 12
3 12
3 12
3 12
3 12
3 12
3 12
3 12
3 12
3 12
3 12
3 12
3 12
3 12
3 12
3 12
3 12
3 12
3 12
3 12
3 12
3 12
3 12
3 12
3 12
3 12
3 12
3 12
3 12
3 12
3 12
3 12
3 12
3 12
3 12
3 12
3 12
3 12
3 12
3 12
3 12
3 12
3 12
3 12
3 12
3 12
3 12
3 12
3 12
3 12
3 12
3 12
3 12
3 12
3 12
3 12
3 12
3 12
3 12
3 12
3 12
3 12
3 12
3 12
3 12
3 12
3 12
3 12
3 12
3 12
3 12
3 12
3 12
3 12
3 12
3 12
3 12
3 12
3 12
3 12
3 12
3 12
3 12
3 12
3 12
3 12
3 12
3 12
3 12
3 12
3 12
3 12
3 12
3 12
3 12
3 12
3 12
3 12
3 12
3 12
3 12
3 12
3 12
3 12
3 12
3 12
3 12
3 12
3 12
3 12
3 12
3 12
3 12
3 12
3 12
3 12
3 12
3 12
3 12
3 12
3 12
3 12
3 12
3 12
3 12
3 12
3 12
3 12
3 12
3 12
3 12
3 12
3 12
3 12
3 12
3 12
3 12
3 12
3 12
3 12
3 12
3 12
3 12
3 12
3 12
3 12
3 12
3 12
3 12
3 12
3 12
3 12
3 12
3 12
3 12
3 12
3 12
3 12
3 12
3 12
3 12
3 12
3 12
3 12
3 12
3 12
3 12
3 12
3 12
3 12
3 12
3 12
3 12
3 12
3 12
3 12
3 12
3 12
3 12
3 12
3 12
3 12
3 12
3 12
3 12
3 12
3 12
3 12
3 12
3 12
3 12
3 12
3 12
3 12
3 12
3 12
3 12
3 12
3 12
3 12
3 12
3 12
3 12
3 12
3 12
3 12
3 12
3 12
3 12
3 12
3 12
3 12
3 12
3 12
3 12
3 12
3 12
3 12
3 12
3 12
3 12
3 12
3 12
3 12
3 12
3 12
3 12
3 12
3 12
3 12
3 12
3 12
3 12
3 12
3 12
3 12
3 12
3 12
3 12
3 12
3 12
3 12
3 12
3 12
3 12
3 12
3 12
3 12
3 12
3 12
3 12
3 12
3 12
3 12
3 12
3 12
3 12
3 12
3 12
3 12
3 12
3 12
3 12
3 12
3 12
3 12
3 12
3 12
3 12
3 12
3 12
3 12
3 12
3 12
3 12
3 12
3 12
3 12
3 12
3 12
3 12
3 12
3 12
3 12
3 12
3 12
3 12
3 12
3 12
3 12
3 12
3 12
3 12
3 12
3 12
3 12
3 12
3 12
3 12
3 12
3 12
3 12
3 12
3 12
3 12
3 12
3 12
3 12
3 12
3 12
3 12
3 12
3 12
3 12
3 12
3 12
3 12
3 12
3 12
3 12
3 12
3 12
3 12
3 12
3 12
3 12
3 12
3 12
3 12
3 12
3 12
3 12
3 12
3 12
3 12
3 12
3 12
3 12
3 12
3 12
3 12
3 12
3 12
3 12
3 12
3 12
3 12
3 12
3 12
3 12
3 12
3 12
3 12
3 12
3 12
3 12
3 12
3 12
3 12
3 12
3 12
3 12
3 12
3 12
3 12
3 12
3 12
3 12
3 12
3 12
3 12
3 12
3 12
3 12
3 12
3 12
3 12
3 12
3 12
3 12
3 12
3 12
3 12
3 12
3 12
3 12
3 12
3 12
3 12
3 12
3 12
3 12
3 12
3 12
3 12
3 12
3 12
3 12
3 12
3 12
3 12
3 12
3 12
3 12
3 12
3 12
3 12
3 12
3 12
3 12
3 12
3 12
3 12
3 12
3 12
3 12
3 12
3 12
3 12
3 12
3 12
3 12
3 12
3 12
3 12
3 12
3 12
3 12
3 12
3 12
3 12
3 12
3 12
3 12
3 12
3 12
3 12
3 12
3 12
3 12
3 12
3 12
3 12
3 12
3 12
3 12
3 12
3 12
3 12
3 12
3 12
3 12
3 12
3 12
3 12
3 12
3 12
3 12
3 12
3 12
3 12
3 12
3 12
3 12
3 12
3 12
3 12
3 12
3 12
3 12
3 12
3 12
3 12
3 12
3 12
3 12
3 12
3 12
3 12
3 12
3 12
3 12
3 12
3 12
3 12
3 12
3 12
3 12
3 12
3 12
3 12
3 12
3 12
3 12
3 12
3 12
3 12
3 12
3 12
3 12
3 12
3 12
3 12
3 12
3 12
3 12
3 12
3 12
3 12
3 12
3 12
3 12
3 12
3 12
3 12
3 12
3 12
3 12
3 12
3 12
3 12
3 12
3 12
3 12
3 12
3 12
3 12
3 12
3 12
3 12
3 12
3 12
3 12
3 12
3 12
3 12
3 12
3 12
3 12
3 12
3 12
3 12
3 12
3 12
3 12
3 12
3 12
3 12
3 12
3 12
3 12
3 12
3 12
3 12
3 12
3 12
3 12
3 12
3 12
3 12
3 12
3 12
3 12
3 12
3 12
3 12
3 12
3 12
3 12
3 12
3 12
3 12
3 12
3 12
3 12
3 12
3 12
3 12
3 12
3 12
3 12
3 12
3 12
3 12
3 12
3 12
3 12
3 12
3 12
3 12
3 12
3 12
3 12
3 12
3 12
3 12
3 12
3 12
3 12
3 12
3 12
3 12
3 12
3 12
3 12
3 12
3 12
3 12
3 12
3 12
3 12
3 12
3 12
3 12
3 12
3 12
3 12
3 12
3 12
3 12
3 12
3 12
3 12
3 12
3 12
3 12
3 12
3 12
3 12
3 12
3 12
3 12
3 12
3 12
3 12
3 12
3 12
3 12
3 12
3 12
3 12
3 12
3 12
3 12
3 12
3 12
3 12
3 12
3 12
3 12
3 12
3 12
3 12
3 12
3 12
3 12
3 12
3 12
3 12
3 12
3 12
3 12
3 12
3 12
3 12
3 12
3 12
3 12
3 12
3 12
3 12
3 12
3 12
3 12
3 12
3 12
3 12
3 12
3 12
3 12
3 12
3 12
3 12
3 12
3 12
3 12
3 12
3 12
3 12
3 12
3 12
3 12
3 12
3 12
3 12
3 12
3 12
3 12
3 12
3 12
3 12
3 12
3 12
3 12
3 12
3 12
3 12
3 12
3 12
3 12
3 12
3 12
3 12
3 12
3 12
3 12
3 12
3 12
3 12
3 12
3 12
3 12
3 12
3 12
3 12
3 12
3 12
3 12
3 12
3 12
3 12
3 12
3 12
3 12
3 12
3 12
3 12
3 12
3 12
3 12
3 12
3 12
3 12
3 12
3 12
3 12
3 12
3 12
3 12
3 12
3 12
3 12
3 12
3 12
3 12
3 12
3 12
3 12
3 12
3 12
3 12
3 12
3 12
3 12
3 12
3 12
3 12
3 12
3 12
3 12
3 12
3 12
3 12
3 12
3 12
3 12
3 12
3 12
3 12
3 12
3 12
3 12
3 12
3 12
3 12
3 12
3 12
3 12
3 12
3 12
3 12
3 12
3 12
3 12
3 12
3 12
3 12
3 12
3 12
3 12
3 12
3 12
3 12
3 12
3 12
3 12
3 12
3 12
3 12
3 12
3 12
3 12
3 12
3 12
3 12
3 12
3 12
3 12
3 12
3 12
3 12
3 12
3 12
3 12
3 12
3 12
3 12
3 12
3 12
3 12
3 12
3 12
3 12
3 12
3 12
3 12
3 12
3 12
3 12
3 12
3 12
3 12
3 12
3 12
3 12
3 12
3 12
3 12
3 12
3 12
3 12
3 12
3 12
3 12
3 12
3 12
3 12
3 12
3 12
3 12
3 12
3 12
3 12
3 12
3 12
3 12
3 12
3 12
3 12
3 12
3 12
3 12
3 12
3 12
3 12
3 12
3 12
3 12
3 12
3 12
3 12
3 12
3 12
3 12
3 12
3 12
3 12
3 12
3 12
3 12
3 12
3 12
3 12
3 12
3 12
3 12
3 12
3 12
3 12
3 12
3 12
3 12
3 12
3 12
3 12
3 12
3 12
3 12
3 12
3 12
3 12
3 12
3 12
3 12
3 12
3 12
3 12
3 12
3 12
3 12
3 12
3 12
3 12
3 12
3 12
3 12
3 12
3 12
3 12
3 12
3 12
3 12
3 12
3 12
3 12
3 12
3 12
3 12
3 12
3 12
3 12
3 12
3 12
3 12
3 12
3 12
3 12
3 12
3 12
3 12
3 12
3 12
3 12
3 12
3 12
3 12
3 12
3 12
3 12
3 12
3 12
3 12
3 12
3 12
3 12
3 12
3 12
3 12
3 12
3 12
3 12
3 12
3 12
3 12
3 12
3 12
3 12
3 12
3 12
3 12
3 12
3 12
3 12
3 12
3 12
3 12
3 12
3 12
3 12
3 12
3 12
3 12
3 12
3 12
3 12
3 12
3 12
3 12
3 12
3 12
3 12
3 12
3 12
3 12
3 12
3 12
3 12
3 12
3 12
3 12
3 12
3 12
3 12
3 12
3 12
3 12
3 12
3 12
3 12
3 12
3 12
3 12
3 12
3 12
3 12
3 12
3 12
3 12
3 12
3 12
3 12
3 12
3 12
3 12
3 12
3 12
3 12
3 12
3 12
3 12
3 12
3 12
3 12
3 12
3 12
3 12
3 12
3 12
3 12
3 12
3 12
3 12
3 12
3 12
3 12
3 12
3 12
3 12
3 12
3 12
3 12
3 12
3 12
3 12
3 12
3 12
3 12
3 12
3 12
3 12
3 12
3 12
3 12
3 12
3 12
3 12
3 12
3 12
3 12
3 12
3 12
3 12
3 12
3 12
3 12
3 12
3 12
3 12
3 12
3 12
3 12
3 12
3 12
3 12
3 12
3 12
3 12
3 12
3 12
3 12
3 12
3 12
3 12
3 12
3 12
3 12
3 12
3 12
3 12
3 12
3 12
3 12
3 12
3 12
3 12
3 12
3 12
3 12
3 12
3 12
3 12
3 12
3 12
3 12
3 12
3 12
3 12
3 12
3 12
3 12
3 12
3 12
3 12
3 12
3 12
3 12
3 12
3 12
3 12
3 12
3 12
3 12
3 12
3 12
3 12
3 12
3 12
3 12
3 12
3 12
3 12
3 12
3 12
3 12
3 12
3 12
3 12
3 12
3 12
3 12
3 12
3 12
3 12
3 12
3 12
3 12
3 12
3 12
3 12
3 12
3 12
3 12
3 12
3 12
3 12
3 12
3 12
3 12
3 12
3 12
3 12
3 12
3 12
3 12
3 12
3 12
3 12
3 12
3 12
3 12
3 12
3 12
3 12
3 12
3 12
3 12
3 12
3 12
3 12
3 12
3 12
3 12
3 12
3 12
3 12
3 12
3 12
3 12
3 12
3 12
3 12
3 12
3 12
3 12
3 12
3 12
3 12
3 12
3 12
3 12
3 12
3 12
3 12
3 12
3 12
3 12
3 12
3 12
3 12
3 12
3 12
3 12
3 12
3 12
3 12
3 12
3 12
3 12
3 12
3 12
3 12
3 12
3 12
3 12
3 12
3 12
3 12
3 12
3 12
3 12
3 12
3 12
3 12
3 12
3 12
3 12
3 12
3 12
3 12
3 12
3 12
3 12
3 12
3 12
3 12
3 12
3 12
3 12
3 12
3 12
3 12
3 12
3 12
3 12
3 12
3 12
3 12
3 12
3 12
3 12
3 12
3 12
3 12
3 12
3 12
3 12
3 12
3 12
3 12
3 12
3 12
3 12
3 12
3 12
3 12
3 12
3 12
3 12
3 12
3 12
3 12
3 12
3 12
3 12
3 12
3 12
3 12
3 12
3 12
3 12
3 12
3 12
3 12
3 12
3 12
3 12
3 12
3 12
3 12
3 12
3 12
3 12
3 12
3 12
3 12
3 12
3 12
3 12
3 12
3 12
3 12
3 12
3 12
3 12
3 12
3 12
3 12
3 12
3 12
3 12
3 12
3 12
3 12
3 12
3 12
3 12
3 12
3 12
3 12
3 12
3 12
3 12
3 12
3 12
3 12
3 12
3 12
3 12
3 12
3 12
3 12
3 12
3 12
3 12
3 12
3 12
3 12
3 12
3 12
3 12
3 12
3 12
3 12
3 12
3 12
3 12
3 12
3 12
3 12
3 12
3 12
3 12
3 12
3 12
3 12
3 12
3 12
3 12
3 12
3 12
3 12
3 12
3 12
3 12
3 12
3 12
3 12
3 12
3 12
3 12
3 12
4 11
4 11
4 11
4 11
4 11
4 11
4 11
4 11
4 11
4 11
4 11
4 11
4 11
4 11
4 11
4 11
4 11
4 11
4 11
4 11
4 11
4 11
4 11
4 11
4 11
4 11
4 11
4 11
4 11
4 11
4 11
4 11
4 11
4 11
4 11
4 11
4 11
4 11
4 11
4 11
4 11
4 11
4 11
4 11
4 11
4 11
4 11
4 11
4 11
4 11
4 11
4 11
4 11
4 11
4 11
4 11
4 11
4 11
4 11
4 11
4 11
4 11
4 11
4 11
4 11
4 11
4 11
4 11
4 11
4 11
4 11
4 11
4 11
4 11
4 11
4 11
4 11
4 11
4 11
4 11
4 11
4 11
4 11
4 11
4 11
4 11
4 11
4 11
4 11
4 11
4 11
4 11
4 11
4 11
4 11
4 11
4 11
4 11
4 11
4 11
4 11
4 11
4 11
4 11
4 11
4 11
4 11
4 11
4 11
4 11
4 11
4 11
4 11
4 11
4 11
4 11
4 11
4 11
4 11
4 11
4 11
4 11
4 11
4 11
4 11
4 11
4 11
4 11
4 11
4 11
4 11
4 11
4 11
4 11
4 11
4 11
4 11
4 11
4 11
4 11
4 11
4 11
4 11
4 11
4 11
4 11
4 11
4 11
4 11
4 11
4 11
4 11
4 11
4 11
4 11
4 11
4 11
4 11
4 11
4 11
4 11
4 11
4 11
4 11
4 11
4 11
4 11
4 11
4 11
4 11
4 11
4 11
4 11
4 11
4 11
4 11
4 11
4 11
4 11
4 11
4 11
4 11
4 11
4 11
4 11
4 11
4 11
4 11
4 11
4 11
4 11
4 11
4 11
4 11
4 11
4 11
4 11
4 11
4 11
4 11
4 11
4 11
4 11
4 11
4 11
4 11
4 11
4 11
4 11
4 11
4 11
4 11
4 11
4 11
4 11
4 11
4 11
4 11
4 11
4 11
4 11
4 11
4 11
4 11
4 11
4 11
4 11
4 11
4 11
4 11
4 11
4 11
4 11
4 11
4 11
4 11
4 11
4 11
4 11
4 11
4 11
4 11
4 11
4 11
4 11
4 11
4 11
4 11
4 11
4 11
4 11
4 11
4 11
4 11
4 11
4 11
4 11
4 11
4 11
4 11
4 11
4 11
4 11
4 11
4 11
4 11
4 11
4 11
4 11
4 11
4 11
4 11
4 11
4 11
4 11
4 11
4 11
4 11
4 11
4 11
4 11
4 11
4 11
4 11
4 11
4 11
4 11
4 11
4 11
4 11
4 11
4 11
4 11
4 11
4 11
4 11
4 11
4 11
4 11
4 11
4 11
4 11
4 11
4 11
4 11
4 11
4 11
4 11
4 11
4 11
4 11
4 11
4 11
4 11
4 11
4 11
4 11
4 11
4 11
4 11
4 11
4 11
4 11
4 11
4 11
4 11
4 11
4 11
4 11
4 11
4 11
4 11
4 11
4 11
4 11
4 11
4 11
4 11
4 11
4 11
4 11
4 11
4 11
4 11
4 11
4 11
4 11
4 11
4 11
4 11
4 11
4 11
4 11
4 11
4 11
4 11
4 11
4 11
4 11
4 11
4 11
4 11
4 11
4 11
4 11
4 11
4 11
4 11
4 11
4 11
4 11
4 11
4 11
4 11
4 11
4 11
4 11
4 11
4 11
4 11
4 11
4 11
4 11
4 11
4 11
4 11
4 11
4 11
4 11
4 11
4 11
4 11
4 11
4 11
4 11
4 11
4 11
4 11
4 11
4 11
4 11
4 11
4 11
4 11
4 11
4 11
4 11
4 11
4 11
4 11
4 11
4 11
4 11
4 11
4 11
4 11
4 11
4 11
4 11
4 11
4 11
4 11
4 11
4 11
4 11
4 11
4 11
4 11
4 11
4 11
4 11
4 11
4 11
4 11
4 11
4 11
4 11
4 11
4 11
4 11
4 11
4 11
4 11
4 11
4 11
4 11
4 11
4 11
4 11
4 11
4 11
4 11
4 11
4 11
4 11
4 11
4 11
4 11
4 11
4 11
4 11
4 11
4 11
4 11
4 11
4 11
4 11
4 11
4 11
4 11
4 11
4 11
4 11
4 11
4 11
4 11
4 11
4 11
4 11
4 11
4 11
4 11
4 11
4 11
4 11
4 11
4 11
4 11
4 11
4 11
4 11
4 11
4 11
4 11
4 11
4 11
4 11
4 11
4 11
4 11
4 11
4 11
4 11
4 11
4 11
4 11
4 11
4 11
4 11
4 11
4 11
4 11
4 11
4 11
4 11
4 11
4 11
4 11
4 11
4 11
4 11
4 11
4 11
4 11
4 11
4 11
4 11
4 11
4 11
4 11
4 11
4 11
4 11
4 11
4 11
4 11
4 11
4 11
4 11
4 11
4 11
4 11
4 11
4 11
4 11
4 11
4 11
4 11
4 11
4 11
4 11
4 11
4 11
4 11
4 11
4 11
4 11
4 11
4 11
4 11
4 11
4 11
4 11
4 11
4 11
4 11
4 11
4 11
4 11
4 11
4 11
4 11
4 11
4 11
4 11
4 11
4 11
4 11
4 11
4 11
4 11
4 11
4 11
4 11
4 11
4 11
4 11
4 11
4 11
4 11
4 11
4 11
4 11
4 11
4 11
4 11
4 11
4 11
4 11
4 11
4 11
4 11
4 11
4 11
4 11
4 11
4 11
4 11
4 11
4 11
4 11
4 11
4 11
4 11
4 11
4 11
4 11
4 11
4 11
4 11
4 11
4 11
4 11
4 11
4 11
4 11
4 11
4 11
4 11
4 11
4 11
4 11
4 11
4 11
4 11
4 11
4 11
4 11
4 11
4 11
4 11
4 11
4 11
4 11
4 11
4 11
4 11
4 11
4 11
4 11
4 11
4 11
4 11
4 11
4 11
4 11
4 11
4 11
4 11
4 11
4 11
4 11
4 11
4 11
4 11
4 11
4 11
4 11
4 11
4 11
4 11
4 11
4 11
4 11
4 11
4 11
4 11
4 11
4 11
4 11
4 11
4 11
4 11
4 11
4 11
4 11
4 11
4 11
4 11
4 11
4 11
4 11
4 11
4 11
4 11
4 11
4 11
4 11
4 11
4 11
4 11
4 11
4 11
4 11
4 11
4 11
4 11
4 11
4 11
4 11
4 11
4 11
4 11
4 11
4 11
4 11
4 11
4 11
4 11
4 11
4 11
4 11
4 11
4 11
4 11
4 11
4 11
4 11
4 11
4 11
4 11
4 11
4 11
4 11
4 11
4 11
4 11
4 11
4 11
4 11
4 11
4 11
4 11
4 11
4 11
4 11
4 11
4 11
4 11
4 11
4 11
4 11
4 11
4 11
4 11
4 11
4 11
4 11
4 11
4 11
4 11
4 11
4 11
4 11
4 11
4 11
4 11
4 11
4 11
4 11
4 11
4 11
4 11
4 11
4 11
4 11
4 11
4 11
4 11
4 11
4 11
4 11
4 11
4 11
4 11
4 11
4 11
4 11
4 11
4 11
4 11
4 11
4 11
4 11
4 11
4 11
4 11
4 11
4 11
4 11
4 11
4 11
4 11
4 11
4 11
4 11
4 11
4 11
4 11
4 11
4 11
4 11
4 11
4 11
4 11
4 11
4 11
4 11
4 11
4 11
4 11
4 11
4 11
4 11
4 11
4 11
4 11
4 11
4 11
4 11
4 11
4 11
4 11
4 11
4 11
4 11
4 11
4 11
4 11
4 11
4 11
4 11
4 11
4 11
4 11
4 11
4 11
4 11
4 11
4 11
4 11
4 11
4 11
4 11
4 11
4 11
4 11
4 11
4 11
4 11
4 11
4 11
4 11
4 11
4 11
4 11
4 11
4 11
4 11
4 11
4 11
4 11
4 11
4 11
4 11
4 11
4 11
4 11
4 11
4 11
4 11
4 11
4 11
4 11
4 11
4 11
4 11
4 11
4 11
4 11
4 11
4 11
4 11
4 11
4 11
4 11
4 11
4 11
4 11
4 11
4 11
4 11
4 11
4 11
4 11
4 11
4 11
4 11
4 11
4 11
4 11
4 11
4 11
4 11
4 11
4 11
4 11
4 11
4 11
4 11
4 11
4 11
4 11
4 11
4 11
4 11
4 11
4 11
4 11
4 11
4 11
4 11
4 11
4 11
4 11
4 11
4 11
4 11
4 11
4 11
4 11
4 11
4 11
4 11
4 11
4 11
4 11
4 11
4 11
4 11
4 11
4 11
4 11
4 11
4 11
4 11
4 11
4 11
4 11
4 11
4 11
4 11
4 11
4 11
4 11
4 11
4 11
4 11
4 11
4 11
4 11
4 11
4 11
4 11
4 11
4 11
4 11
4 11
4 11
4 11
4 11
4 11
4 11
4 11
4 11
4 11
4 11
4 11
4 11
4 11
4 11
4 11
4 11
4 11
4 11
4 11
4 11
4 11
4 11
4 11
4 11
4 11
4 11
4 11
4 11
4 11
4 11
4 11
4 11
4 11
4 11
4 11
4 11
4 11
4 11
4 11
4 11
4 11
4 11
4 11
4 11
4 11
4 11
4 11
4 11
4 11
4 11
4 11
4 11
4 11
4 11
4 11
4 11
4 11
4 11
4 11
4 11
4 11
4 11
4 11
4 11
4 11
4 11
4 11
4 11
4 11
4 11
4 11
4 11
4 11
4 11
4 11
4 11
4 11
4 11
4 11
4 11
4 11
4 11
4 11
4 11
4 11
4 11
4 11
4 11
4 11
4 11
4 11
4 11
4 11
4 11
4 11
4 11
4 11
4 11
4 11
4 11
4 11
4 11
4 11
4 11
4 11
4 11
4 11
4 11
4 11
4 11
4 11
4 11
4 11
4 11
4 11
4 11
4 11
4 11
4 11
4 11
4 11
4 11
4 11
4 11
4 11
4 11
4 11
4 11
4 11
4 11
4 11
4 11
4 11
4 11
4 11
4 11
4 11
4 11
4 11
4 11
4 11
4 11
4 11
4 11
4 11
4 11
4 11
4 11
4 11
4 11
4 11
4 11
4 11
4 11
4 11
4 11
4 11
4 11
4 11
4 11
4 11
4 11
4 11
4 11
4 11
4 11
4 11
4 11
4 11
4 11
4 11
4 11
4 11
4 11
4 11
4 11
4 11
4 11
4 11
4 11
4 11
4 11
4 11
4 11
4 11
4 11
4 11
4 11
4 11
4 11
4 11
4 11
4 11
4 11
4 11
4 11
4 11
4 11
4 11
4 11
4 11
4 11
4 11
4 11
4 11
4 11
4 11
4 11
4 11
4 11
4 11
4 11
4 11
4 11
4 11
4 11
4 11
4 11
4 11
4 11
4 11
4 11
4 11
4 11
4 11
4 11
4 11
4 11
4 11
4 11
4 11
4 11
4 11
4 11
4 11
4 11
4 11
4 11
4 11
4 11
4 11
4 11
4 11
4 11
4 11
4 11
4 11
4 11
4 11
4 11
4 11
4 11
4 11
4 11
4 11
4 11
4 11
4 11
4 11
4 11
4 11
4 11
4 11
4 11
4 11
4 11
4 11
4 11
4 11
4 11
4 11
4 11
4 11
4 11
4 11
4 11
4 11
4 11
4 11
4 11
4 11
4 11
4 11
4 11
4 11
4 11
4 11
4 11
4 11
4 11
4 11
4 11
4 11
4 11
4 11
4 11
4 11
4 11
4 11
4 11
4 11
4 11
4 11
4 11
4 11
4 11
4 11
4 11
4 11
4 11
4 11
4 11
4 11
4 11
4 11
4 11
4 11
4 11
4 11
4 11
4 11
4 11
4 11
4 11
4 11
4 11
4 11
4 11
4 11
4 11
4 11
4 11
4 11
4 11
4 11
4 11
4 11
4 11
4 11
4 11
4 11
4 11
4 11
4 11
4 11
4 11
4 11
4 11
4 11
4 11
4 11
4 11
4 11
4 11
4 11
4 11
4 11
4 11
4 11
4 11
4 11
4 11
4 11
4 11
4 11
4 11
4 11
4 11
4 11
4 11
4 11
4 11
4 11
4 11
4 11
4 11
4 11
4 11
4 11
4 11
4 11
4 11
4 11
4 11
4 11
4 11
4 11
4 11
4 11
4 11
4 11
4 11
4 11
4 11
4 11
4 11
4 11
4 11
4 11
4 11
4 11
4 11
4 11
4 11
4 11
4 11
4 11
4 11
4 11
4 11
4 11
4 11
4 11
4 11
4 11
4 11
4 11
4 11
4 11
4 11
4 11
4 11
4 11
4 11
4 11
4 11
4 11
4 11
4 11
4 11
4 11
4 11
4 11
4 11
4 11
4 11
4 11
4 11
4 11
4 11
4 11
4 11
4 11
4 11
4 11
4 11
4 11
4 11
4 11
4 11
4 11
4 11
4 11
4 11
4 11
4 11
4 11
4 11
4 11
4 11
4 11
4 11
4 11
4 11
4 11
4 11
4 11
4 11
4 11
4 11
4 11
4 11
4 11
4 11
4 11
4 11
4 11
4 11
4 11
4 11
4 11
4 11
4 11
4 11
4 11
4 11
4 11
4 11
4 11
4 11
4 11
4 11
4 11
4 11
4 11
4 11
4 11
4 11
4 11
4 11
4 11
4 11
4 11
4 11
4 11
4 11
4 11
4 11
4 11
4 11
4 11
4 11
4 11
4 11
4 11
4 11
4 11
4 11
4 11
4 11
4 11
4 11
4 11
4 11
4 11
4 11
4 11
4 11
4 11
4 11
4 11
4 11
4 11
4 11
4 11
4 11
4 11
4 11
4 11
4 11
4 11
4 11
4 11
4 11
4 11
4 11
4 11
4 11
4 11
4 11
4 11
4 11
4 11
4 11
4 11
4 11
4 11
4 11
4 11
4 11
4 11
4 11
4 11
4 11
4 11
4 11
4 11
4 11
4 11
4 11
4 11
4 11
4 11
4 11
4 11
4 11
4 11
4 11
4 11
4 11
4 11
4 11
4 11
4 11
4 11
4 11
4 11
4 11
4 11
4 11
4 11
4 11
4 11
4 11
4 11
4 11
4 11
4 11
4 11
4 11
4 11
4 11
4 11
4 11
4 11
4 11
4 11
4 11
4 11
4 11
4 11
4 11
4 11
4 11
4 11
4 11
4 11
4 11
4 11
4 11
4 11
4 11
4 11
4 11
4 11
4 11
4 11
4 11
4 11
4 11
4 11
4 11
4 11
4 11
4 11
4 11
4 11
4 11
4 11
4 11
4 11
4 11
4 11
4 11
4 11
4 11
4 11
4 11
4 11
4 11
4 11
4 11
4 11
4 11
4 11
4 11
4 11
4 11
4 11
4 11
4 11
4 11
4 11
4 11
4 11
4 11
4 11
4 11
4 11
4 11
4 11
4 11
4 11
4 11
4 11
4 11
4 11
4 11
4 11
4 11
4 11
4 11
4 11
4 11
4 11
4 11
4 11
4 11
4 11
4 11
4 11
4 11
4 11
4 11
4 11
4 11
4 11
4 11
4 11
4 11
4 11
4 11
4 11
4 11
4 11
4 11
4 11
4 11
4 11
4 11
4 11
4 11
4 11
4 11
4 11
4 11
4 11
4 11
4 11
4 11
4 11
4 11
4 11
4 11
4 11
4 11
4 11
4 11
4 11
4 11
4 11
4 11
4 11
4 11
4 11
4 11
4 11
4 11
4 11
4 11
4 11
4 11
4 11
4 11
4 11
4 11
4 11
4 11
4 11
4 11
4 11
4 11
4 11
4 11
4 11
4 11
4 11
4 11
4 11
4 11
4 11
4 11
4 11
4 11
4 11
4 11
4 11
4 11
4 11
4 11
4 11
4 11
4 11
4 11
4 11
4 11
4 11
4 11
4 11
4 11
4 11
4 11
4 11
4 11
4 11
4 11
4 11
4 11
4 11
4 11
4 11
4 11
4 11
4 11
4 11
4 11
4 11
4 11
4 11
4 11
4 11
4 11
4 11
4 11
4 11
4 11
4 11
4 11
4 11
4 11
4 11
4 11
4 11
4 11
4 11
4 11
4 11
4 11
4 11
4 11
4 11
4 11
4 11
4 11
4 11
4 11
4 11
4 11
4 11
4 11
4 11
4 11
4 11
4 11
4 11
4 11
4 11
4 11
4 11
4 11
4 11
4 11
4 11
4 11
4 11
4 11
4 11
4 11
4 11
4 11
4 11
4 11
4 11
4 11
4 11
4 11
4 11
4 11
4 11
4 11
4 11
4 11
4 11
4 11
4 11
4 11
4 11
4 11
4 11
4 11
4 11
4 11
4 11
4 11
4 11
4 11
4 11
4 11
4 11
4 11
4 11
4 11
4 11
4 11
4 11
4 11
4 11
4 11
4 11
4 11
4 11
4 11
4 11
4 11
4 11
4 11
4 11
4 11
4 11
4 11
4 11
4 11
4 11
4 11
4 11
4 11
4 11
4 11
4 11
4 11
4 11
4 11
4 11
4 11
4 11
4 11
4 11
4 11
4 11
4 11
4 11
4 11
4 11
4 11
4 11
4 11
4 11
4 11
4 11
4 11
4 11
4 11
4 11
4 11
4 11
4 11
4 11
4 11
4 11
4 11
4 11
4 11
4 11
4 11
4 11
4 11
4 11
4 11
4 11
4 11
4 11
4 11
4 11
4 11
4 11
4 11
4 11
4 11
4 11
4 11
4 11
4 11
4 11
4 11
4 11
4 11
4 11
4 11
4 11
4 11
4 11
4 11
4 11
4 11
4 11
4 11
4 11
4 11
4 11
4 11
4 11
4 11
4 11
4 11
4 11
4 11
4 11
4 11
4 11
4 11
4 11
4 11
4 11
4 11
4 11
4 11
4 11
4 11
4 11
4 11
4 11
4 11
4 11
4 11
4 11
4 11
4 11
4 11
4 11
4 11
4 11
4 11
4 11
4 11
4 11
4 11
4 11
4 11
4 11
4 11
4 11
4 11
4 11
4 11
4 11
4 11
4 11
4 11
4 11
4 11
4 11
4 11
4 11
4 11
4 11
4 11
4 11
4 11
4 11
4 11
4 11
4 11
4 11
4 11
4 11
4 11
4 11
4 11
4 11
4 11
4 11
4 11
4 11
4 11
4 11
4 11
4 11
4 11
4 11
4 11
4 11
4 11
4 11
4 11
4 11
4 11
4 11
4 11
4 11
4 11
4 11
4 11
4 11
4 11
4 11
4 11
4 11
4 11
4 11
4 11
4 11
4 11
4 11
4 11
4 11
4 11
4 11
4 11
4 11
4 11
4 11
4 11
4 11
4 11
4 11
4 11
4 11
4 11
4 11
4 11
4 11
4 11
4 11
4 11
4 11
4 11
4 11
4 11
4 11
4 11
4 11
4 11
4 11
4 11
4 11
4 11
4 11
4 11
4 11
4 11
4 11
4 11
4 11
4 11
4 11
4 11
4 11
4 11
4 11
4 11
4 11
4 11
4 11
4 11
4 11
4 11
4 11
4 11
4 11
4 11
4 11
4 11
4 11
4 11
4 11
4 11
4 11
4 11
4 11
4 11
4 11
4 11
4 11
4 11
4 11
4 11
4 11
4 11
4 11
4 11
4 11
4 11
4 11
4 11
4 11
4 11
4 11
4 11
4 11
4 11
4 11
4 11
4 11
4 11
4 11
4 11
4 11
4 11
4 11
4 11
4 11
4 11
4 11
4 11
4 11
4 11
4 11
4 11
4 11
4 11
4 11
4 11
4 11
4 11
4 11
4 11
4 11
4 11
4 11
4 11
4 11
4 11
4 11
4 11
4 11
4 11
4 11
4 11
4 11
4 11
4 11
4 11
4 11
4 11
4 11
4 11
4 11
4 11
4 11
4 11
4 11
4 11
4 11
4 11
4 11
4 11
4 11
4 11
4 11
4 11
4 11
4 11
4 11
4 11
4 11
4 11
4 11
4 11
4 11
4 11
4 11
4 11
4 11
4 11
4 11
4 11
4 11
4 11
4 11
4 11
4 11
4 11
4 11
4 11
4 11
4 11
4 11
4 11
4 11
4 11
4 11
4 11
4 11
4 11
4 11
4 11
4 11
4 11
4 11
4 11
4 11
4 11
4 11
4 11
4 11
4 11
4 11
4 11
4 11
4 11
4 11
4 11
4 11
4 11
4 11
4 11
4 11
4 11
4 11
4 11
4 11
4 11
4 11
4 11
4 11
4 11
4 11
4 11
4 11
4 11
4 11
4 11
4 11
4 11
4 11
4 11
4 11
4 11
4 11
4 11
4 11
4 11
4 11
4 11
4 11
4 11
4 11
4 11
4 11
4 11
4 11
4 11
4 11
4 11
4 11
4 11
4 11
4 11
4 11
4 11
4 11
4 11
4 11
4 11
4 11
4 11
4 11
4 11
4 11
4 11
4 11
4 11
4 11
4 11
4 11
4 11
4 11
4 11
4 11
4 11
4 11
4 11
4 11
4 11
4 11
4 11
4 11
4 11
4 11
4 11
4 11
4 11
4 11
4 11
4 11
4 11
4 11
4 11
4 11
4 11
4 11
4 11
4 11
4 11
4 11
4 11
4 11
4 11
4 11
4 11
4 11
4 11
4 11
4 11
4 11
4 11
4 11
4 11
4 11
4 11
4 11
4 11
4 11
4 11
4 11
4 11
4 11
4 11
4 11
4 11
4 11
4 11
4 11
4 11
4 11
4 11
4 11
4 11
4 11
4 11
4 11
4 11
4 11
4 11
4 11
4 11
4 11
4 11
4 11
4 11
4 11
4 11
4 11
4 11
4 11
4 11
4 11
4 11
4 11
4 11
4 11
4 11
4 11
4 11
4 11
4 11
4 11
4 11
4 11
4 11
4 11
4 11
4 11
4 11
4 11
4 11
4 11
4 11
4 11
4 11
4 11
4 11
4 11
4 11
4 11
4 11
4 11
4 11
4 11
4 11
4 11
4 11
4 11
4 11
4 11
4 11
4 11
4 11
4 11
4 11
4 11
4 11
4 11
4 11
4 11
4 11
4 11
4 11
4 11
4 11
4 11
4 11
4 11
4 11
4 11
4 11
4 11
4 11
4 11
4 11
4 11
4 11
4 11
4 11
4 11
4 11
4 11
4 11
4 11
4 11
4 11
4 11
4 11
4 11
4 11
4 11
4 11
4 11
4 11
4 11
4 11
4 11
4 11
4 11
4 11
4 11
4 11
4 11
4 11
4 11
4 11
4 11
4 11
4 11
4 11
4 11
4 11
4 11
4 11
4 11
4 11
4 11
4 11
4 11
4 11
4 11
4 11
4 11
4 11
4 11
4 11
4 11
4 11
4 11
4 11
4 11
4 11
4 11
4 11
4 11
4 11
4 11
4 11
4 11
4 11
4 11
4 11
4 11
4 11
4 11
4 11
4 11
4 11
4 11
4 11
4 11
4 11
4 11
4 11
4 11
4 11
4 11
4 11
4 11
4 11
4 11
4 11
4 11
4 11
4 11
4 11
4 11
4 11
4 11
4 11
4 11
4 11
4 11
4 11
4 11
4 11
4 11
4 11
4 11
4 11
4 11
4 11
4 11
4 11
4 11
4 11
4 11
4 11
4 11
4 11
4 11
4 11
4 11
4 11
4 11
4 11
4 11
4 11
4 11
4 11
4 11
4 11
4 11
4 11
4 11
4 11
4 11
4 11
4 11
4 11
4 11
4 11
4 11
4 11
4 11
4 11
4 11
4 11
4 11
4 11
4 11
4 11
4 11
4 11
4 11
4 11
4 11
4 11
4 11
4 11
4 11
4 11
4 11
4 11
4 11
4 11
4 11
4 11
4 11
4 11
4 11
4 11
4 11
4 11
4 11
4 11
4 11
4 11
4 11
4 11
4 11
4 11
4 11
4 11
4 11
4 11
4 11
4 11
4 11
4 11
4 11
4 11
4 11
4 11
4 11
4 11
4 11
4 11
4 11
4 11
4 11
4 11
4 11
4 11
4 11
4 11
4 11
4 11
4 11
4 11
4 11
4 11
4 11
4 11
4 11
4 11
4 11
4 11
4 11
4 11
4 11
4 11
4 11
4 11
4 11
4 11
4 11
4 11
4 11
4 11
4 11
4 11
4 11
4 11
4 11
4 11
4 11
4 11
4 11
4 11
4 11
4 11
4 11
4 11
4 11
4 11
4 11
4 11
4 11
4 11
4 11
4 11
4 11
4 11
4 11
4 11
4 11
4 11
4 11
4 11
4 11
4 11
4 11
4 11
4 11
4 11
4 11
4 11
4 11
4 11
4 11
4 11
4 11
4 11
4 11
4 11
4 11
4 11
4 11
4 11
4 11
4 11
4 11
4 11
4 11
4 11
4 11
4 11
4 11
4 11
4 11
4 11
4 11
4 11
4 11
4 11
4 11
4 11
4 11
4 11
4 11
4 11
4 11
4 11
4 11
4 11
4 11
4 11
4 11
4 11
4 11
4 11
4 11
4 11
4 11
4 11
4 11
4 11
4 11
4 11
4 11
4 11
4 11
4 11
4 11
4 11
4 11
4 11
4 11
4 11
4 11
4 11
4 11
4 11
4 11
4 11
4 11
4 11
4 11
4 11
4 11
4 11
4 11
4 11
4 11
4 11
4 11
4 11
4 11
4 11
4 11
4 11
4 11
4 11
4 11
4 11
4 11
4 11
4 11
4 11
4 11
4 11
4 11
4 11
4 11
4 11
4 11
4 11
4 11
4 11
4 11
4 11
4 11
4 11
4 11
4 11
4 11
4 11
4 11
4 11
4 11
4 11
4 11
4 11
4 11
4 11
4 11
4 11
4 11
4 11
4 11
4 11
4 11
4 11
4 11
4 11
4 11
4 11
4 11
4 11
4 11
4 11
4 11
4 11
4 11
4 11
4 11
4 11
4 11
4 11
4 11
4 11
4 11
4 11
4 11
4 11
4 11
4 11
4 11
4 11
4 11
4 11
4 11
4 11
4 11
4 11
4 11
4 11
4 11
4 11
4 11
4 11
4 11
4 11
4 11
4 11
4 11
4 11
4 11
4 11
4 11
4 11
4 11
4 11
4 11
4 11
4 11
4 11
4 11
4 11
4 11
4 11
4 11
4 11
4 11
4 11
4 11
4 11
4 11
4 11
4 11
4 11
4 11
4 11
4 11
4 11
4 11
4 11
4 11
4 11
4 11
4 11
4 11
4 11
4 11
4 11
4 11
4 11
4 11
4 11
4 11
4 11
4 11
4 11
4 11
4 11
4 11
4 11
4 11
4 11
4 11
4 11
4 11
4 11
4 11
4 11
4 11
4 11
4 11
4 11
4 11
4 11
4 11
4 11
4 11
4 11
4 11
4 11
4 11
4 11
4 11
4 11
4 11
4 11
4 11
4 11
4 11
4 11
4 11
4 11
4 11
4 11
4 11
4 11
4 11
4 11
4 11
4 11
4 11
4 11
4 11
4 11
4 11
4 11
4 11
4 11
4 11
4 11
4 11
4 11
4 11
4 11
4 11
4 11
4 11
4 11
4 11
4 11
4 11
4 11
4 11
4 11
4 11
4 11
4 11
4 11
4 11
4 11
4 11
4 11
4 11
4 11
4 11
4 11
4 11
4 11
4 11
4 11
4 11
4 11
4 11
4 11
4 11
4 11
4 11
4 11
4 11
4 11
4 11
4 11
4 11
4 11
4 11
4 11
4 11
4 11
4 11
4 11
4 11
4 11
4 11
4 11
4 11
4 11
4 11
4 11
4 11
4 11
4 11
4 11
4 11
4 11
4 11
4 11
4 11
4 11
4 11
4 11
4 11
4 11
4 11
4 11
4 11
4 11
4 11
4 11
4 11
4 11
4 11
4 11
4 11
4 11
4 11
4 11
4 11
4 11
4 11
4 11
4 11
4 11
4 11
4 11
4 11
4 11
4 11
4 11
4 11
4 11
4 11
4 11
4 11
4 11
4 11
4 11
4 11
4 11
4 11
4 11
4 11
4 11
4 11
4 11
4 11
4 11
4 11
4 11
4 11
4 11
4 11
4 11
4 11
4 11
4 11
4 11
4 11
4 11
4 11
4 11
4 11
4 11
4 11
4 11
4 11
4 11
4 11
4 11
4 11
4 11
4 11
4 11
4 11
4 11
4 11
4 11
4 11
4 11
4 11
4 11
4 11
4 11
4 11
4 11
4 11
4 11
4 11
4 11
4 11
4 11
4 11
4 11
4 11
4 11
4 11
4 11
4 11
4 11
4 11
4 11
4 11
4 11
4 11
4 11
4 11
4 11
4 11
4 11
4 11
4 11
4 11
4 11
4 11
4 11
4 11
4 11
4 11
4 11
4 11
4 11
4 11
4 11
4 11
4 11
4 11
4 11
4 11
4 11
4 11
4 11
4 11
4 11
4 11
4 11
4 11
4 11
4 11
4 11
4 11
4 11
4 11
4 11
4 11
4 11
4 11
4 11
4 11
4 11
4 11
4 11
4 11
4 11
4 11
4 11
4 11
4 11
4 11
4 11
4 11
4 11
4 11
4 11
4 11
4 11
4 11
4 11
4 11
4 11
4 11
4 11
4 11
4 11
4 11
4 11
4 11
4 11
4 11
4 11
4 11
4 11
4 11
4 11
4 11
4 11
4 11
4 11
4 11
4 11
4 11
4 11
4 11
4 11
4 11
4 11
4 11
4 11
4 11
4 11
4 11
4 11
4 11
4 11
4 11
4 11
4 11
4 11
4 11
4 11
4 11
4 11
4 11
4 11
4 11
4 11
4 11
4 11
4 11
4 11
4 11
4 11
4 11
4 11
4 11
4 11
4 11
4 11
4 11
4 11
4 11
4 11
4 11
4 11
4 11
4 11
4 11
4 11
4 11
4 11
4 11
4 11
4 11
4 11
4 11
4 11
4 11
4 11
4 11
4 11
4 11
4 11
4 11
4 11
4 11
4 11
4 11
4 11
4 11
4 11
4 11
4 11
4 11
4 11
4 11
4 11
4 11
4 11
4 11
4 11
4 11
4 11
4 11
4 11
4 11
4 11
4 11
4 11
4 11
4 11
4 11
4 11
4 11
4 11
4 11
4 11
4 11
4 11
4 11
4 11
4 11
4 11
4 11
4 11
4 11
4 11
4 11
4 11
4 11
4 11
4 11
4 11
4 11
4 11
4 11
4 11
4 11
4 11
4 11
4 11
4 11
4 11
4 11
4 11
4 11
4 11
4 11
4 11
4 11
4 11
4 11
4 11
4 11
4 11
4 11
4 11
4 11
4 11
4 11
4 11
4 11
4 11
4 11
4 11
4 11
4 11
4 11
4 11
4 11
4 11
4 11
4 11
4 11
4 11
4 11
4 11
4 11
4 11
4 11
4 11
4 11
4 11
4 11
4 11
4 11
4 11
4 11
4 11
4 11
4 11
4 11
4 11
4 11
4 11
4 11
4 11
4 11
4 11
4 11
4 11
4 11
4 11
4 11
4 11
4 11
4 11
4 11
4 11
4 11
4 11
4 11
4 11
4 11
4 11
4 11
4 11
4 11
4 11
4 11
4 11
4 11
4 11
4 11
4 11
4 11
4 11
4 11
4 11
4 11
4 11
4 11
4 11
4 11
4 11
4 11
4 11
4 11
4 11
4 11
4 11
4 11
4 11
4 11
4 11
4 11
4 11
4 11
4 11
4 11
4 11
4 11
4 11
4 11
4 11
4 11
4 11
4 11
4 11
4 11
4 11
4 11
4 11
4 11
4 11
4 11
4 11
4 11
4 11
4 11
4 11
4 11
4 11
4 11
4 11
4 11
4 11
4 11
4 11
4 11
4 11
4 11
4 11
4 11
4 11
4 11
4 11
4 11
4 11
4 11
4 11
4 11
4 11
4 11
4 11
4 11
4 11
4 11
4 11
4 11
4 11
4 11
4 11
4 11
4 11
4 11
4 11
4 11
4 11
4 11
4 11
4 11
4 11
4 11
4 11
4 11
4 11
4 11
4 11
4 11
4 11
4 11
4 11
4 11
4 11
4 11
4 11
4 11
4 11
4 11
4 11
4 11
4 11
4 11
4 11
4 11
4 11
4 11
4 11
4 11
4 11
4 11
4 11
4 11
4 11
4 11
4 11
4 11
4 11
4 11
4 11
4 11
4 11
4 11
4 11
4 11
4 11
4 11
4 11
4 11
4 11
4 11
4 11
4 11
4 11
4 11
4 11
4 11
4 11
4 11
4 11
4 11
4 11
4 11
4 11
4 11
4 11
4 11
4 11
4 11
4 11
4 11
4 11
4 11
4 11
4 11
4 11
4 11
4 11
4 11
4 11
4 11
4 11
4 11
4 11
4 11
4 11
4 11
4 11
4 11
4 11
4 11
4 11
4 11
4 11
4 11
4 11
4 11
4 11
4 11
4 11
4 11
4 11
4 11
4 11
4 11
4 11
4 11
4 11
4 11
4 11
4 11
4 11
4 11
4 11
4 11
4 11
4 11
4 11
4 11
4 11
4 11
4 11
4 11
4 11
4 11
4 11
4 11
4 11
4 11
4 11
4 11
4 11
4 11
4 11
4 11
4 11
4 11
4 11
4 11
4 11
4 11
4 11
4 11
4 11
4 11
4 11
4 11
4 11
4 11
4 11
4 11
4 11
4 11
4 11
4 11
4 11
4 11
4 11
4 11
4 11
4 11
4 11
4 11
4 11
4 11
4 11
4 11
4 11
4 11
4 11
4 11
4 11
4 11
4 11
4 11
4 11
4 11
4 11
4 11
4 11
4 11
4 11
4 11
4 11
4 11
4 11
4 11
4 11
4 11
4 11
4 11
4 11
4 11
4 11
4 11
4 11
4 11
4 11
4 11
4 11
4 11
4 11
4 11
4 11
4 11
4 11
4 11
4 11
4 11
4 11
4 11
4 11
4 11
4 11
4 11
4 11
4 11
4 11
4 11
4 11
4 11
4 11
4 11
4 11
4 11
4 11
4 11
4 11
4 11
4 11
4 11
4 11
4 11
4 11
4 11
4 11
4 11
4 11
4 11
4 11
4 11
4 11
4 11
4 11
4 11
4 11
4 11
4 11
4 11
4 11
4 11
4 11
4 11
4 11
4 11
4 11
4 11
4 11
4 11
4 11
4 11
4 11
4 11
4 11
4 11
4 11
4 11
4 11
4 11
4 11
4 11
4 11
4 11
4 11
4 11
4 11
4 11
4 11
4 11
4 11
4 11
4 11
4 11
4 11
4 11
4 11
4 11
4 11
4 11
4 11
4 11
4 11
4 11
4 11
4 11
4 11
4 11
4 11
4 11
4 11
4 11
4 11
4 11
4 11
4 11
4 11
4 11
4 11
4 11
4 11
4 11
4 11
4 11
4 11
4 11
4 11
4 11
4 11
4 11
4 11
4 11
4 11
4 11
4 11
4 11
4 11
4 11
4 11
4 11
4 11
4 11
4 11
4 11
4 11
4 11
4 11
4 11
4 11
4 11
4 11
4 11
4 11
4 11
4 11
4 11
4 11
4 11
4 11
4 11
4 11
4 11
4 11
4 11
4 11
4 11
4 11
4 11
4 11
4 11
4 11
4 11
4 11
4 11
4 11
4 11
4 11
4 11
4 11
4 11
4 11
4 11
4 11
4 11
4 11
4 11
4 11
4 11
4 11
4 11
4 11
4 11
4 11
4 11
4 11
4 11
4 11
4 11
4 11
4 11
4 11
4 11
4 11
4 11
4 11
4 11
4 11
4 11
4 11
4 11
4 11
4 11
4 11
4 11
4 11
4 11
4 11
4 11
4 11
4 11
4 11
4 11
4 11
4 11
4 11
4 11
4 11
4 11
4 11
4 11
4 11
4 11
4 11
4 11
4 11
4 11
4 11
4 11
4 11
4 11
4 11
4 11
4 11
4 11
4 11
4 11
4 11
4 11
4 11
4 11
4 11
4 11
4 11
4 11
4 11
4 11
4 11
4 11
4 11
4 11
4 11
4 11
4 11
4 11
4 11
4 11
4 11
4 11
4 11
4 11
4 11
4 11
4 11
4 11
4 11
4 11
4 11
4 11
4 11
4 11
4 11
4 11
4 11
4 11
4 11
4 11
4 11
4 11
4 11
4 11
4 11
4 11
4 11
4 11
4 11
4 11
4 11
4 11
4 11
4 11
4 11
4 11
4 11
4 11
4 11
4 11
4 11
4 11
4 11
4 11
4 11
4 11
4 11
4 11
4 11
4 11
4 11
4 11
4 11
4 11
4 11
4 11
4 11
4 11
4 11
4 11
4 11
4 11
4 11
4 11
4 11
4 11
4 11
4 11
4 11
4 11
4 11
4 11
4 11
4 11
4 11
4 11
4 11
4 11
4 11
4 11
4 11
4 11
4 11
4 11
4 11
4 11
4 11
4 11
4 11
4 11
4 11
4 11
4 11
4 11
4 11
4 11
4 11
4 11
4 11
4 11
4 11
4 11
4 11
4 11
4 11
4 11
4 11
4 11
4 11
4 11
4 11
4 11
4 11
4 11
4 11
4 11
4 11
4 11
4 11
4 11
4 11
4 11
4 11
4 11
4 11
4 11
4 11
4 11
4 11
4 11
4 11
4 11
4 11
4 11
4 11
4 11
4 11
4 11
4 11
4 11
4 11
4 11
4 11
4 11
4 11
4 11
4 11
4 11
4 11
4 11
4 11
4 11
4 11
4 11
4 11
4 11
4 11
4 11
4 11
4 11
4 11
4 11
4 11
4 11
4 11
4 11
4 11
4 11
4 11
4 11
4 11
4 11
4 11
4 11
4 11
4 11
4 11
4 11
4 11
4 11
4 11
4 11
4 11
4 11
4 11
4 11
4 11
4 11
4 11
4 11
4 11
4 11
4 11
4 11
4 11
4 11
4 11
4 11
4 11
4 11
4 11
4 11
4 11
4 11
4 11
4 11
4 11
4 11
4 11
4 11
4 11
4 11
4 11
4 11
4 11
4 11
4 11
4 11
4 11
4 11
4 11
4 11
4 11
4 11
4 11
4 11
4 11
4 11
4 11
4 11
4 11
4 11
4 11
4 11
4 11
4 11
4 11
4 11
4 11
4 11
4 11
4 11
4 11
4 11
4 11
4 11
4 11
4 11
4 11
4 11
4 11
4 11
4 11
4 11
4 11
4 11
4 11
4 11
4 11
4 11
4 11
4 11
4 11
4 11
4 11
4 11
4 11
4 11
4 11
4 11
4 11
4 11
4 11
4 11
4 11
4 11
4 11
4 11
4 11
4 11
4 11
4 11
4 11
4 11
4 11
4 11
4 11
4 11
4 11
4 11
4 11
4 11
4 11
4 11
4 11
4 11
4 11
4 11
4 11
4 11
4 11
4 11
4 11
4 11
4 11
4 11
4 11
4 11
4 11
4 11
4 11
4 11
4 11
4 11
4 11
4 11
4 11
4 11
4 11
4 11
4 11
4 11
4 11
4 11
4 11
4 11
4 11
4 11
4 11
4 11
4 11
4 11
4 11
4 11
4 11
4 11
4 11
4 11
4 11
4 11
4 11
4 11
4 11
4 11
4 11
4 11
4 11
4 11
4 11
4 11
4 11
4 11
4 11
4 11
4 11
4 11
4 11
4 11
4 11
4 11
4 11
4 11
4 11
4 11
4 11
4 11
4 11
4 11
4 11
4 11
4 11
4 11
4 11
4 11
4 11
4 11
4 11
4 11
4 11
4 11
4 11
4 11
4 11
4 11
4 11
4 11
4 11
4 11
4 11
4 11
4 11
4 11
4 11
4 11
4 11
4 11
4 11
4 11
4 11
4 11
4 11
4 11
4 11
4 11
4 11
4 11
4 11
4 11
4 11
4 11
4 11
4 11
4 11
4 11
4 11
4 11
4 11
4 11
4 11
4 11
4 11
4 11
4 11
4 11
4 11
4 11
4 11
4 11
4 11
4 11
4 11
4 11
4 11
4 11
4 11
4 11
4 11
4 11
4 11
4 11
4 11
4 11
4 11
4 11
4 11
4 11
4 11
4 11
4 11
4 11
4 11
4 11
4 11
4 11
4 11
4 11
4 11
4 11
4 11
4 11
4 11
4 11
4 11
4 11
4 11
4 11
4 11
4 11
4 11
4 11
4 11
4 11
4 11
4 11
4 11
4 11
4 11
4 11
4 11
4 11
4 11
4 11
4 11
4 11
4 11
4 11
4 11
4 11
4 11
4 11
4 11
4 11
4 11
4 11
4 11
4 11
4 11
4 11
4 11
4 11
4 11
4 11
4 11
4 11
4 11
4 11
4 11
4 11
4 11
4 11
4 11
4 11
4 11
4 11
4 11
4 11
4 11
4 11
4 11
4 11
4 11
4 11
4 11
4 11
4 11
4 11
4 11
4 11
4 11
4 11
4 11
4 11
4 11
4 11
4 11
4 11
4 11
4 11
4 11
4 11
4 11
4 11
4 11
4 11
4 11
4 11
4 11
4 11
4 11
4 11
4 11
4 11
4 11
4 11
4 11
4 11
4 11
4 11
4 11
4 11
4 11
4 11
4 11
4 11
4 11
4 11
4 11
4 11
4 11
4 11
4 11
4 11
4 11
4 11
4 11
4 11
4 11
4 11
4 11
4 11
4 11
4 11
4 11
4 11
4 11
4 11
4 11
4 11
4 11
4 11
4 11
4 11
4 11
4 11
4 11
4 11
4 11
4 11
4 11
4 11
4 11
4 11
4 11
4 11
4 11
4 11
4 11
4 11
4 11
4 11
4 11
4 11
4 11
4 11
4 11
4 11
4 11
4 11
4 11
4 11
4 11
4 11
4 11
4 11
4 11
4 11
4 11
4 11
4 11
4 11
4 11
4 11
4 11
4 11
4 11
4 11
4 11
4 11
4 11
4 11
4 11
4 11
4 11
4 11
4 11
4 11
4 11
4 11
4 11
4 11
4 11
4 11
4 11
4 11
4 11
4 11
4 11
4 11
4 11
4 11
4 11
4 11
4 11
4 11
4 11
4 11
4 11
4 11
4 11
4 11
4 11
4 11
4 11
4 11
4 11
4 11
4 11
4 11
4 11
4 11
4 11
4 11
4 11
4 11
4 11
4 11
4 11
4 11
4 11
4 11
4 11
4 11
4 11
4 11
4 11
4 11
4 11
4 11
4 11
4 11
4 11
4 11
4 11
4 11
4 11
4 11
4 11
4 11
4 11
4 11
4 11
4 11
4 11
4 11
4 11
4 11
4 11
4 11
4 11
4 11
4 11
4 11
4 11
4 11
4 11
4 11
4 11
4 11
4 11
4 11
4 11
4 11
4 11
4 11
4 11
4 11
4 11
4 11
4 11
4 11
4 11
4 11
4 11
4 11
4 11
4 11
4 11
4 11
4 11
4 11
4 11
4 11
4 11
5 10
5 10
5 10
5 10
5 10
5 10
5 10
5 10
5 10
5 10
5 10
5 10
5 10
5 10
5 10
5 10
5 10
5 10
5 10
5 10
5 10
5 10
5 10
5 10
5 10
5 10
5 10
5 10
5 10
5 10
5 10
5 10
5 10
5 10
5 10
5 10
5 10
5 10
5 10
5 10
5 10
5 10
5 10
5 10
5 10
5 10
5 10
5 10
5 10
5 10
5 10
5 10
5 10
5 10
5 10
5 10
5 10
5 10
5 10
5 10
5 10
5 10
5 10
5 10
5 10
5 10
5 10
5 10
5 10
5 10
5 10
5 10
5 10
5 10
5 10
5 10
5 10
5 10
5 10
5 10
5 10
5 10
5 10
5 10
5 10
5 10
5 10
5 10
5 10
5 10
5 10
5 10
5 10
5 10
5 10
5 10
5 10
5 10
5 10
5 10
5 10
5 10
5 10
5 10
5 10
5 10
5 10
5 10
5 10
5 10
5 10
5 10
5 10
5 10
5 10
5 10
5 10
5 10
5 10
5 10
5 10
5 10
5 10
5 10
5 10
5 10
5 10
5 10
5 10
5 10
5 10
5 10
5 10
5 10
5 10
5 10
5 10
5 10
5 10
5 10
5 10
5 10
5 10
5 10
5 10
5 10
5 10
5 10
5 10
5 10
5 10
5 10
5 10
5 10
5 10
5 10
5 10
5 10
5 10
5 10
5 10
5 10
5 10
5 10
5 10
5 10
5 10
5 10
5 10
5 10
5 10
5 10
5 10
5 10
5 10
5 10
5 10
5 10
5 10
5 10
5 10
5 10
5 10
5 10
5 10
5 10
5 10
5 10
5 10
5 10
5 10
5 10
5 10
5 10
5 10
5 10
5 10
5 10
5 10
5 10
5 10
5 10
5 10
5 10
5 10
5 10
5 10
5 10
5 10
5 10
5 10
5 10
5 10
5 10
5 10
5 10
5 10
5 10
5 10
5 10
5 10
5 10
5 10
5 10
5 10
5 10
5 10
5 10
5 10
5 10
5 10
5 10
5 10
5 10
5 10
5 10
5 10
5 10
5 10
5 10
5 10
5 10
5 10
5 10
5 10
5 10
5 10
5 10
5 10
5 10
5 10
5 10
5 10
5 10
5 10
5 10
5 10
5 10
5 10
5 10
5 10
5 10
5 10
5 10
5 10
5 10
5 10
5 10
5 10
5 10
5 10
5 10
5 10
5 10
5 10
5 10
5 10
5 10
5 10
5 10
5 10
5 10
5 10
5 10
5 10
5 10
5 10
5 10
5 10
5 10
5 10
5 10
5 10
5 10
5 10
5 10
5 10
5 10
5 10
5 10
5 10
5 10
5 10
5 10
5 10
5 10
5 10
5 10
5 10
5 10
5 10
5 10
5 10
5 10
5 10
5 10
5 10
5 10
5 10
5 10
5 10
5 10
5 10
5 10
5 10
5 10
5 10
5 10
5 10
5 10
5 10
5 10
5 10
5 10
5 10
5 10
5 10
5 10
5 10
5 10
5 10
5 10
5 10
5 10
5 10
5 10
5 10
5 10
5 10
5 10
5 10
5 10
5 10
5 10
5 10
5 10
5 10
5 10
5 10
5 10
5 10
5 10
5 10
5 10
5 10
5 10
5 10
5 10
5 10
5 10
5 10
5 10
5 10
5 10
5 10
5 10
5 10
5 10
5 10
5 10
5 10
5 10
5 10
5 10
5 10
5 10
5 10
5 10
5 10
5 10
5 10
5 10
5 10
5 10
5 10
5 10
5 10
5 10
5 10
5 10
5 10
5 10
5 10
5 10
5 10
5 10
5 10
5 10
5 10
5 10
5 10
5 10
5 10
5 10
5 10
5 10
5 10
5 10
5 10
5 10
5 10
5 10
5 10
5 10
5 10
5 10
5 10
5 10
5 10
5 10
5 10
5 10
5 10
5 10
5 10
5 10
5 10
5 10
5 10
5 10
5 10
5 10
5 10
5 10
5 10
5 10
5 10
5 10
5 10
5 10
5 10
5 10
5 10
5 10
5 10
5 10
5 10
5 10
5 10
5 10
5 10
5 10
5 10
5 10
5 10
5 10
5 10
5 10
5 10
5 10
5 10
5 10
5 10
5 10
5 10
5 10
5 10
5 10
5 10
5 10
5 10
5 10
5 10
5 10
5 10
5 10
5 10
5 10
5 10
5 10
5 10
5 10
5 10
5 10
5 10
5 10
5 10
5 10
5 10
5 10
5 10
5 10
5 10
5 10
5 10
5 10
5 10
5 10
5 10
5 10
5 10
5 10
5 10
5 10
5 10
5 10
5 10
5 10
5 10
5 10
5 10
5 10
5 10
5 10
5 10
5 10
5 10
5 10
5 10
5 10
5 10
5 10
5 10
5 10
5 10
5 10
5 10
5 10
5 10
5 10
5 10
5 10
5 10
5 10
5 10
5 10
5 10
5 10
5 10
5 10
5 10
5 10
5 10
5 10
5 10
5 10
5 10
5 10
5 10
5 10
5 10
5 10
5 10
5 10
5 10
5 10
5 10
5 10
5 10
5 10
5 10
5 10
5 10
5 10
5 10
5 10
5 10
5 10
5 10
5 10
5 10
5 10
5 10
5 10
5 10
5 10
5 10
5 10
5 10
5 10
5 10
5 10
5 10
5 10
5 10
5 10
5 10
5 10
5 10
5 10
5 10
5 10
5 10
5 10
5 10
5 10
5 10
5 10
5 10
5 10
5 10
5 10
5 10
5 10
5 10
5 10
5 10
5 10
5 10
5 10
5 10
5 10
5 10
5 10
5 10
5 10
5 10
5 10
5 10
5 10
5 10
5 10
5 10
5 10
5 10
5 10
5 10
5 10
5 10
5 10
5 10
5 10
5 10
5 10
5 10
5 10
5 10
5 10
5 10
5 10
5 10
5 10
5 10
5 10
5 10
5 10
5 10
5 10
5 10
5 10
5 10
5 10
5 10
5 10
5 10
5 10
5 10
5 10
5 10
5 10
5 10
5 10
5 10
5 10
5 10
5 10
5 10
5 10
5 10
5 10
5 10
5 10
5 10
5 10
5 10
5 10
5 10
5 10
5 10
5 10
5 10
5 10
5 10
5 10
5 10
5 10
5 10
5 10
5 10
5 10
5 10
5 10
5 10
5 10
5 10
5 10
5 10
5 10
5 10
5 10
5 10
5 10
5 10
5 10
5 10
5 10
5 10
5 10
5 10
5 10
5 10
5 10
5 10
5 10
5 10
5 10
5 10
5 10
5 10
5 10
5 10
5 10
5 10
5 10
5 10
5 10
5 10
5 10
5 10
5 10
5 10
5 10
5 10
5 10
5 10
5 10
5 10
5 10
5 10
5 10
5 10
5 10
5 10
5 10
5 10
5 10
5 10
5 10
5 10
5 10
5 10
5 10
5 10
5 10
5 10
5 10
5 10
5 10
5 10
5 10
5 10
5 10
5 10
5 10
5 10
5 10
5 10
5 10
5 10
5 10
5 10
5 10
5 10
5 10
5 10
5 10
5 10
5 10
5 10
5 10
5 10
5 10
5 10
5 10
5 10
5 10
5 10
5 10
5 10
5 10
5 10
5 10
5 10
5 10
5 10
5 10
5 10
5 10
5 10
5 10
5 10
5 10
5 10
5 10
5 10
5 10
5 10
5 10
5 10
5 10
5 10
5 10
5 10
5 10
5 10
5 10
5 10
5 10
5 10
5 10
5 10
5 10
5 10
5 10
5 10
5 10
5 10
5 10
5 10
5 10
5 10
5 10
5 10
5 10
5 10
5 10
5 10
5 10
5 10
5 10
5 10
5 10
5 10
5 10
5 10
5 10
5 10
5 10
5 10
5 10
5 10
5 10
5 10
5 10
5 10
5 10
5 10
5 10
5 10
5 10
5 10
5 10
5 10
5 10
5 10
5 10
5 10
5 10
5 10
5 10
5 10
5 10
5 10
5 10
5 10
5 10
5 10
5 10
5 10
5 10
5 10
5 10
5 10
5 10
5 10
5 10
5 10
5 10
5 10
5 10
5 10
5 10
5 10
5 10
5 10
5 10
5 10
5 10
5 10
5 10
5 10
5 10
5 10
5 10
5 10
5 10
5 10
5 10
5 10
5 10
5 10
5 10
5 10
5 10
5 10
5 10
5 10
5 10
5 10
5 10
5 10
5 10
5 10
5 10
5 10
5 10
5 10
5 10
5 10
5 10
5 10
5 10
5 10
5 10
5 10
5 10
5 10
5 10
5 10
5 10
5 10
5 10
5 10
5 10
5 10
5 10
5 10
5 10
5 10
5 10
5 10
5 10
5 10
5 10
5 10
5 10
5 10
5 10
5 10
5 10
5 10
5 10
5 10
5 10
5 10
5 10
5 10
5 10
5 10
5 10
5 10
5 10
5 10
5 10
5 10
5 10
5 10
5 10
5 10
5 10
5 10
5 10
5 10
5 10
5 10
5 10
5 10
5 10
5 10
5 10
5 10
5 10
5 10
5 10
5 10
5 10
5 10
5 10
5 10
5 10
5 10
5 10
5 10
5 10
5 10
5 10
5 10
5 10
5 10
5 10
5 10
5 10
5 10
5 10
5 10
5 10
5 10
5 10
5 10
5 10
5 10
5 10
5 10
5 10
5 10
5 10
5 10
5 10
5 10
5 10
5 10
5 10
5 10
5 10
5 10
5 10
5 10
5 10
5 10
5 10
5 10
5 10
5 10
5 10
5 10
5 10
5 10
5 10
5 10
5 10
5 10
5 10
5 10
5 10
5 10
5 10
5 10
5 10
5 10
5 10
5 10
5 10
5 10
5 10
5 10
5 10
5 10
5 10
5 10
5 10
5 10
5 10
5 10
5 10
5 10
5 10
5 10
5 10
5 10
5 10
5 10
5 10
5 10
5 10
5 10
5 10
5 10
5 10
5 10
5 10
5 10
5 10
5 10
5 10
5 10
5 10
5 10
5 10
5 10
5 10
5 10
5 10
5 10
5 10
5 10
5 10
5 10
5 10
5 10
5 10
5 10
5 10
5 10
5 10
5 10
5 10
5 10
5 10
5 10
5 10
5 10
5 10
5 10
5 10
5 10
5 10
5 10
5 10
5 10
5 10
5 10
5 10
5 10
5 10
5 10
5 10
5 10
5 10
5 10
5 10
5 10
5 10
5 10
5 10
5 10
5 10
5 10
5 10
5 10
5 10
5 10
5 10
5 10
5 10
5 10
5 10
5 10
5 10
5 10
5 10
5 10
5 10
5 10
5 10
5 10
5 10
5 10
5 10
5 10
5 10
5 10
5 10
5 10
5 10
5 10
5 10
5 10
5 10
5 10
5 10
5 10
5 10
5 10
5 10
5 10
5 10
5 10
5 10
5 10
5 10
5 10
5 10
5 10
5 10
5 10
5 10
5 10
5 10
5 10
5 10
5 10
5 10
5 10
5 10
5 10
5 10
5 10
5 10
5 10
5 10
5 10
5 10
5 10
5 10
5 10
5 10
5 10
5 10
5 10
5 10
5 10
5 10
5 10
5 10
5 10
5 10
5 10
5 10
5 10
5 10
5 10
5 10
5 10
5 10
5 10
5 10
5 10
5 10
5 10
5 10
5 10
5 10
5 10
5 10
5 10
5 10
5 10
5 10
5 10
5 10
5 10
5 10
5 10
5 10
5 10
5 10
5 10
5 10
5 10
5 10
5 10
5 10
5 10
5 10
5 10
5 10
5 10
5 10
5 10
5 10
5 10
5 10
5 10
5 10
5 10
5 10
5 10
5 10
5 10
5 10
5 10
5 10
5 10
5 10
5 10
5 10
5 10
5 10
5 10
5 10
5 10
5 10
5 10
5 10
5 10
5 10
5 10
5 10
5 10
5 10
5 10
5 10
5 10
5 10
5 10
5 10
5 10
5 10
5 10
5 10
5 10
5 10
5 10
5 10
5 10
5 10
5 10
5 10
5 10
5 10
5 10
5 10
5 10
5 10
5 10
5 10
5 10
5 10
5 10
5 10
5 10
5 10
5 10
5 10
5 10
5 10
5 10
5 10
5 10
5 10
5 10
5 10
5 10
5 10
5 10
5 10
5 10
5 10
5 10
5 10
5 10
5 10
5 10
5 10
5 10
5 10
5 10
5 10
5 10
5 10
5 10
5 10
5 10
5 10
5 10
5 10
5 10
5 10
5 10
5 10
5 10
5 10
5 10
5 10
5 10
5 10
5 10
5 10
5 10
5 10
5 10
5 10
5 10
5 10
5 10
5 10
5 10
5 10
5 10
5 10
5 10
5 10
5 10
5 10
5 10
5 10
5 10
5 10
5 10
5 10
5 10
5 10
5 10
5 10
5 10
5 10
5 10
5 10
5 10
5 10
5 10
5 10
5 10
5 10
5 10
5 10
5 10
5 10
5 10
5 10
5 10
5 10
5 10
5 10
5 10
5 10
5 10
5 10
5 10
5 10
5 10
5 10
5 10
5 10
5 10
5 10
5 10
5 10
5 10
5 10
5 10
5 10
5 10
5 10
5 10
5 10
5 10
5 10
5 10
5 10
5 10
5 10
5 10
5 10
5 10
5 10
5 10
5 10
5 10
5 10
5 10
5 10
5 10
5 10
5 10
5 10
5 10
5 10
5 10
5 10
5 10
5 10
5 10
5 10
5 10
5 10
5 10
5 10
5 10
5 10
5 10
5 10
5 10
5 10
5 10
5 10
5 10
5 10
5 10
5 10
5 10
5 10
5 10
5 10
5 10
5 10
5 10
5 10
5 10
5 10
5 10
5 10
5 10
5 10
5 10
5 10
5 10
5 10
5 10
5 10
5 10
5 10
5 10
5 10
5 10
5 10
5 10
5 10
5 10
5 10
5 10
5 10
5 10
5 10
5 10
5 10
5 10
5 10
5 10
5 10
5 10
5 10
5 10
5 10
5 10
5 10
5 10
5 10
5 10
5 10
5 10
5 10
5 10
5 10
5 10
5 10
5 10
5 10
5 10
5 10
5 10
5 10
5 10
5 10
5 10
5 10
5 10
5 10
5 10
5 10
5 10
5 10
5 10
5 10
5 10
5 10
5 10
5 10
5 10
5 10
5 10
5 10
5 10
5 10
5 10
5 10
5 10
5 10
5 10
5 10
5 10
5 10
5 10
5 10
5 10
5 10
5 10
5 10
5 10
5 10
5 10
5 10
5 10
5 10
5 10
5 10
5 10
5 10
5 10
5 10
5 10
5 10
5 10
5 10
5 10
5 10
5 10
5 10
5 10
5 10
5 10
5 10
5 10
5 10
5 10
5 10
5 10
5 10
5 10
5 10
5 10
5 10
5 10
5 10
5 10
5 10
5 10
5 10
5 10
5 10
5 10
5 10
5 10
5 10
5 10
5 10
5 10
5 10
5 10
5 10
5 10
5 10
5 10
5 10
5 10
5 10
5 10
5 10
5 10
5 10
5 10
5 10
5 10
5 10
5 10
5 10
5 10
5 10
5 10
5 10
5 10
5 10
5 10
5 10
5 10
5 10
5 10
5 10
5 10
5 10
5 10
5 10
5 10
5 10
5 10
5 10
5 10
5 10
5 10
5 10
5 10
5 10
5 10
5 10
5 10
5 10
5 10
5 10
5 10
5 10
5 10
5 10
5 10
5 10
5 10
5 10
5 10
5 10
5 10
5 10
5 10
5 10
5 10
5 10
5 10
5 10
5 10
5 10
5 10
5 10
5 10
5 10
5 10
5 10
5 10
5 10
5 10
5 10
5 10
5 10
5 10
5 10
5 10
5 10
5 10
5 10
5 10
5 10
5 10
5 10
5 10
5 10
5 10
5 10
5 10
5 10
5 10
5 10
5 10
5 10
5 10
5 10
5 10
5 10
5 10
5 10
5 10
5 10
5 10
5 10
5 10
5 10
5 10
5 10
5 10
5 10
5 10
5 10
5 10
5 10
5 10
5 10
5 10
5 10
5 10
5 10
5 10
5 10
5 10
5 10
5 10
5 10
5 10
5 10
5 10
5 10
5 10
5 10
5 10
5 10
5 10
5 10
5 10
5 10
5 10
5 10
5 10
5 10
5 10
5 10
5 10
5 10
5 10
5 10
5 10
5 10
5 10
5 10
5 10
5 10
5 10
5 10
5 10
5 10
5 10
5 10
5 10
5 10
5 10
5 10
5 10
5 10
5 10
5 10
5 10
5 10
5 10
5 10
5 10
5 10
5 10
5 10
5 10
5 10
5 10
5 10
5 10
5 10
5 10
5 10
5 10
5 10
5 10
5 10
5 10
5 10
5 10
5 10
5 10
5 10
5 10
5 10
5 10
5 10
5 10
5 10
5 10
5 10
5 10
5 10
5 10
5 10
5 10
5 10
5 10
5 10
5 10
5 10
5 10
5 10
5 10
5 10
5 10
5 10
5 10
5 10
5 10
5 10
5 10
5 10
5 10
5 10
5 10
5 10
5 10
5 10
5 10
5 10
5 10
5 10
5 10
5 10
5 10
5 10
5 10
5 10
5 10
5 10
5 10
5 10
5 10
5 10
5 10
5 10
5 10
5 10
5 10
5 10
5 10
5 10
5 10
5 10
5 10
5 10
5 10
5 10
5 10
5 10
5 10
5 10
5 10
5 10
5 10
5 10
5 10
5 10
5 10
5 10
5 10
5 10
5 10
5 10
5 10
5 10
5 10
5 10
5 10
5 10
5 10
5 10
5 10
5 10
5 10
5 10
5 10
5 10
5 10
5 10
5 10
5 10
5 10
5 10
5 10
5 10
5 10
5 10
5 10
5 10
5 10
5 10
5 10
5 10
5 10
5 10
5 10
5 10
5 10
5 10
5 10
5 10
5 10
5 10
5 10
5 10
5 10
5 10
5 10
5 10
5 10
5 10
5 10
5 10
5 10
5 10
5 10
5 10
5 10
5 10
5 10
5 10
5 10
5 10
5 10
5 10
5 10
5 10
5 10
5 10
5 10
5 10
5 10
5 10
5 10
5 10
5 10
5 10
5 10
5 10
5 10
5 10
5 10
5 10
5 10
5 10
5 10
5 10
5 10
5 10
5 10
5 10
5 10
5 10
5 10
5 10
5 10
5 10
5 10
5 10
5 10
5 10
5 10
5 10
5 10
5 10
5 10
5 10
5 10
5 10
5 10
5 10
5 10
5 10
5 10
5 10
5 10
5 10
5 10
5 10
5 10
5 10
5 10
5 10
5 10
5 10
5 10
5 10
5 10
5 10
5 10
5 10
5 10
5 10
5 10
5 10
5 10
5 10
5 10
5 10
5 10
5 10
5 10
5 10
5 10
5 10
5 10
5 10
5 10
5 10
5 10
5 10
5 10
5 10
5 10
5 10
5 10
5 10
5 10
5 10
5 10
5 10
5 10
5 10
5 10
5 10
5 10
5 10
5 10
5 10
5 10
5 10
5 10
5 10
5 10
5 10
5 10
5 10
5 10
5 10
5 10
5 10
5 10
5 10
5 10
5 10
5 10
5 10
5 10
5 10
5 10
5 10
5 10
5 10
5 10
5 10
5 10
5 10
5 10
5 10
5 10
5 10
5 10
5 10
5 10
5 10
5 10
5 10
5 10
5 10
5 10
5 10
5 10
5 10
5 10
5 10
5 10
5 10
5 10
5 10
5 10
5 10
5 10
5 10
5 10
5 10
5 10
5 10
5 10
5 10
5 10
5 10
5 10
5 10
5 10
5 10
5 10
5 10
5 10
5 10
5 10
5 10
5 10
5 10
5 10
5 10
5 10
5 10
5 10
5 10
5 10
5 10
5 10
5 10
5 10
5 10
5 10
5 10
5 10
5 10
5 10
5 10
5 10
5 10
5 10
5 10
5 10
5 10
5 10
5 10
5 10
5 10
5 10
5 10
5 10
5 10
5 10
5 10
5 10
5 10
5 10
5 10
5 10
5 10
5 10
5 10
5 10
5 10
5 10
5 10
5 10
5 10
5 10
5 10
5 10
5 10
5 10
5 10
5 10
5 10
5 10
5 10
5 10
5 10
5 10
5 10
5 10
5 10
5 10
5 10
5 10
5 10
5 10
5 10
5 10
5 10
5 10
5 10
5 10
5 10
5 10
5 10
5 10
5 10
5 10
5 10
5 10
5 10
5 10
5 10
5 10
5 10
5 10
5 10
5 10
5 10
5 10
5 10
5 10
5 10
5 10
5 10
5 10
5 10
5 10
5 10
5 10
5 10
5 10
5 10
5 10
5 10
5 10
5 10
5 10
5 10
5 10
5 10
5 10
5 10
5 10
5 10
5 10
5 10
5 10
5 10
5 10
5 10
5 10
5 10
5 10
5 10
5 10
5 10
5 10
5 10
5 10
5 10
5 10
5 10
5 10
5 10
5 10
5 10
5 10
5 10
5 10
5 10
5 10
5 10
5 10
5 10
5 10
5 10
5 10
5 10
5 10
5 10
5 10
5 10
5 10
5 10
5 10
5 10
5 10
5 10
5 10
5 10
5 10
5 10
5 10
5 10
5 10
5 10
5 10
5 10
5 10
5 10
5 10
5 10
5 10
5 10
5 10
5 10
5 10
5 10
5 10
5 10
5 10
5 10
5 10
5 10
5 10
5 10
5 10
5 10
5 10
5 10
5 10
5 10
5 10
5 10
5 10
5 10
5 10
5 10
5 10
5 10
5 10
5 10
5 10
5 10
5 10
5 10
5 10
5 10
5 10
5 10
5 10
5 10
5 10
5 10
5 10
5 10
5 10
5 10
5 10
5 10
5 10
5 10
5 10
5 10
5 10
5 10
5 10
5 10
5 10
5 10
5 10
5 10
5 10
5 10
5 10
5 10
5 10
5 10
5 10
5 10
5 10
5 10
5 10
5 10
5 10
5 10
5 10
5 10
5 10
5 10
5 10
5 10
5 10
5 10
5 10
5 10
5 10
5 10
5 10
5 10
5 10
5 10
5 10
5 10
5 10
5 10
5 10
5 10
5 10
5 10
5 10
5 10
5 10
5 10
5 10
5 10
5 10
5 10
5 10
5 10
5 10
5 10
5 10
5 10
5 10
5 10
5 10
5 10
5 10
5 10
5 10
5 10
5 10
5 10
5 10
5 10
5 10
5 10
5 10
5 10
5 10
5 10
5 10
5 10
5 10
5 10
5 10
5 10
5 10
5 10
5 10
5 10
5 10
5 10
5 10
5 10
5 10
5 10
5 10
5 10
5 10
5 10
5 10
5 10
5 10
5 10
5 10
5 10
5 10
5 10
5 10
5 10
5 10
5 10
5 10
5 10
5 10
5 10
5 10
5 10
5 10
5 10
5 10
5 10
5 10
5 10
5 10
5 10
5 10
5 10
5 10
5 10
5 10
5 10
5 10
5 10
5 10
5 10
5 10
5 10
5 10
5 10
5 10
5 10
5 10
5 10
5 10
5 10
5 10
5 10
5 10
5 10
5 10
5 10
5 10
5 10
5 10
5 10
5 10
5 10
5 10
5 10
5 10
5 10
5 10
5 10
5 10
5 10
5 10
5 10
5 10
5 10
5 10
5 10
5 10
5 10
5 10
5 10
5 10
5 10
5 10
5 10
5 10
5 10
5 10
5 10
5 10
5 10
5 10
5 10
5 10
5 10
5 10
5 10
5 10
5 10
5 10
5 10
5 10
5 10
5 10
5 10
5 10
5 10
5 10
5 10
5 10
5 10
5 10
5 10
5 10
5 10
5 10
5 10
5 10
5 10
5 10
5 10
5 10
5 10
5 10
5 10
5 10
5 10
5 10
5 10
5 10
5 10
5 10
5 10
5 10
5 10
5 10
5 10
5 10
5 10
5 10
5 10
5 10
5 10
5 10
5 10
5 10
5 10
5 10
5 10
5 10
5 10
5 10
5 10
5 10
5 10
5 10
5 10
5 10
5 10
5 10
5 10
5 10
5 10
5 10
5 10
5 10
5 10
5 10
5 10
5 10
5 10
5 10
5 10
5 10
5 10
5 10
5 10
5 10
5 10
5 10
5 10
5 10
5 10
5 10
5 10
5 10
5 10
5 10
5 10
5 10
5 10
5 10
5 10
5 10
5 10
5 10
5 10
5 10
5 10
5 10
5 10
5 10
5 10
5 10
5 10
5 10
5 10
5 10
5 10
5 10
5 10
5 10
5 10
5 10
5 10
5 10
5 10
5 10
5 10
5 10
5 10
5 10
5 10
5 10
5 10
5 10
5 10
5 10
5 10
5 10
5 10
5 10
5 10
5 10
5 10
5 10
5 10
5 10
5 10
5 10
5 10
5 10
5 10
5 10
5 10
5 10
5 10
5 10
5 10
5 10
5 10
5 10
5 10
5 10
5 10
5 10
5 10
5 10
5 10
5 10
5 10
5 10
5 10
5 10
5 10
5 10
5 10
5 10
5 10
5 10
5 10
5 10
5 10
5 10
5 10
5 10
5 10
5 10
5 10
5 10
5 10
5 10
5 10
5 10
5 10
5 10
5 10
5 10
5 10
5 10
5 10
5 10
5 10
5 10
5 10
5 10
5 10
5 10
5 10
5 10
5 10
5 10
5 10
5 10
5 10
5 10
5 10
5 10
5 10
5 10
5 10
5 10
5 10
5 10
5 10
5 10
5 10
5 10
5 10
5 10
5 10
5 10
5 10
5 10
5 10
5 10
5 10
5 10
5 10
5 10
5 10
5 10
5 10
5 10
5 10
5 10
5 10
5 10
5 10
5 10
5 10
5 10
5 10
5 10
5 10
5 10
5 10
5 10
5 10
5 10
5 10
5 10
5 10
5 10
5 10
5 10
5 10
5 10
5 10
5 10
5 10
5 10
5 10
5 10
5 10
5 10
5 10
5 10
5 10
5 10
5 10
5 10
5 10
5 10
5 10
5 10
5 10
5 10
5 10
5 10
5 10
5 10
5 10
5 10
5 10
5 10
5 10
5 10
5 10
5 10
5 10
5 10
5 10
5 10
5 10
5 10
5 10
5 10
5 10
5 10
5 10
5 10
5 10
5 10
5 10
5 10
5 10
5 10
5 10
5 10
5 10
5 10
5 10
5 10
5 10
5 10
5 10
5 10
5 10
5 10
5 10
5 10
5 10
5 10
5 10
5 10
5 10
5 10
5 10
5 10
5 10
5 10
5 10
5 10
5 10
5 10
5 10
5 10
5 10
5 10
5 10
5 10
5 10
5 10
5 10
5 10
5 10
5 10
5 10
5 10
5 10
5 10
5 10
5 10
5 10
5 10
5 10
5 10
5 10
5 10
5 10
5 10
5 10
5 10
5 10
5 10
5 10
5 10
5 10
5 10
5 10
5 10
5 10
5 10
5 10
5 10
5 10
5 10
5 10
5 10
5 10
5 10
5 10
5 10
5 10
5 10
5 10
5 10
5 10
5 10
5 10
5 10
5 10
5 10
5 10
5 10
5 10
5 10
5 10
5 10
5 10
5 10
5 10
5 10
5 10
5 10
5 10
5 10
5 10
5 10
5 10
5 10
5 10
5 10
5 10
5 10
5 10
5 10
5 10
5 10
5 10
5 10
5 10
5 10
5 10
5 10
5 10
5 10
5 10
5 10
5 10
5 10
5 10
5 10
5 10
5 10
5 10
5 10
5 10
5 10
5 10
5 10
5 10
5 10
5 10
5 10
5 10
5 10
5 10
5 10
5 10
5 10
5 10
5 10
5 10
5 10
5 10
5 10
5 10
5 10
5 10
5 10
5 10
5 10
5 10
5 10
5 10
5 10
5 10
5 10
5 10
5 10
5 10
5 10
5 10
5 10
5 10
5 10
5 10
5 10
5 10
5 10
5 10
5 10
5 10
5 10
5 10
5 10
5 10
5 10
5 10
5 10
5 10
5 10
5 10
5 10
5 10
5 10
5 10
5 10
5 10
5 10
5 10
5 10
5 10
5 10
5 10
5 10
5 10
5 10
5 10
5 10
5 10
5 10
5 10
5 10
5 10
5 10
5 10
5 10
5 10
5 10
5 10
5 10
5 10
5 10
5 10
5 10
5 10
5 10
5 10
5 10
5 10
5 10
5 10
5 10
5 10
5 10
5 10
5 10
5 10
5 10
5 10
5 10
5 10
5 10
5 10
5 10
5 10
5 10
5 10
5 10
5 10
5 10
5 10
5 10
5 10
5 10
5 10
5 10
5 10
5 10
5 10
5 10
5 10
5 10
5 10
5 10
5 10
5 10
5 10
5 10
5 10
5 10
5 10
5 10
5 10
5 10
5 10
5 10
5 10
5 10
5 10
5 10
5 10
5 10
5 10
5 10
5 10
5 10
5 10
5 10
5 10
5 10
5 10
5 10
5 10
5 10
5 10
5 10
5 10
5 10
5 10
5 10
5 10
5 10
5 10
5 10
5 10
5 10
5 10
5 10
5 10
5 10
5 10
5 10
5 10
5 10
5 10
5 10
5 10
5 10
5 10
5 10
5 10
5 10
5 10
5 10
5 10
5 10
5 10
5 10
5 10
5 10
5 10
5 10
5 10
5 10
5 10
5 10
5 10
5 10
5 10
5 10
5 10
5 10
5 10
5 10
5 10
5 10
5 10
5 10
5 10
5 10
5 10
5 10
5 10
5 10
5 10
5 10
5 10
5 10
5 10
5 10
5 10
5 10
5 10
5 10
5 10
5 10
5 10
5 10
5 10
5 10
5 10
5 10
5 10
5 10
5 10
5 10
5 10
5 10
5 10
5 10
5 10
5 10
5 10
5 10
5 10
5 10
5 10
5 10
5 10
5 10
5 10
5 10
5 10
5 10
5 10
5 10
5 10
5 10
5 10
5 10
5 10
5 10
5 10
5 10
5 10
5 10
5 10
5 10
5 10
5 10
5 10
5 10
5 10
5 10
5 10
5 10
5 10
5 10
5 10
5 10
5 10
5 10
5 10
5 10
5 10
5 10
5 10
5 10
5 10
5 10
5 10
5 10
5 10
5 10
5 10
5 10
5 10
5 10
5 10
5 10
5 10
5 10
5 10
5 10
5 10
5 10
5 10
5 10
5 10
5 10
5 10
5 10
5 10
5 10
5 10
5 10
5 10
5 10
5 10
5 10
5 10
5 10
5 10
5 10
5 10
5 10
5 10
5 10
5 10
5 10
5 10
5 10
5 10
5 10
5 10
5 10
5 10
5 10
5 10
5 10
5 10
5 10
5 10
5 10
5 10
5 10
5 10
5 10
5 10
5 10
5 10
5 10
5 10
5 10
5 10
5 10
5 10
5 10
5 10
5 10
5 10
5 10
5 10
5 10
5 10
5 10
5 10
5 10
5 10
5 10
5 10
5 10
5 10
5 10
5 10
5 10
5 10
5 10
5 10
5 10
5 10
5 10
5 10
5 10
5 10
5 10
5 10
5 10
5 10
5 10
5 10
5 10
5 10
5 10
5 10
5 10
5 10
5 10
5 10
5 10
5 10
5 10
5 10
5 10
5 10
5 10
5 10
5 10
5 10
5 10
5 10
5 10
5 10
5 10
5 10
5 10
5 10
5 10
5 10
5 10
5 10
5 10
5 10
5 10
5 10
5 10
5 10
5 10
5 10
5 10
5 10
5 10
5 10
5 10
5 10
5 10
5 10
5 10
5 10
5 10
5 10
5 10
5 10
5 10
5 10
5 10
5 10
5 10
5 10
5 10
5 10
5 10
5 10
5 10
5 10
5 10
5 10
5 10
5 10
5 10
5 10
5 10
5 10
5 10
5 10
5 10
5 10
5 10
5 10
5 10
5 10
5 10
5 10
5 10
5 10
5 10
5 10
5 10
5 10
5 10
5 10
5 10
5 10
5 10
5 10
5 10
5 10
5 10
5 10
5 10
5 10
5 10
5 10
5 10
5 10
5 10
5 10
5 10
5 10
5 10
5 10
5 10
5 10
5 10
5 10
5 10
5 10
5 10
5 10
5 10
5 10
5 10
5 10
5 10
5 10
5 10
5 10
5 10
5 10
5 10
5 10
5 10
5 10
5 10
5 10
5 10
5 10
5 10
5 10
5 10
5 10
5 10
5 10
5 10
5 10
5 10
5 10
5 10
5 10
5 10
5 10
5 10
5 10
5 10
5 10
5 10
5 10
5 10
5 10
5 10
5 10
5 10
5 10
5 10
5 10
5 10
5 10
5 10
5 10
5 10
5 10
5 10
5 10
5 10
5 10
5 10
5 10
5 10
5 10
5 10
5 10
5 10
5 10
5 10
5 10
5 10
5 10
5 10
5 10
5 10
5 10
5 10
5 10
5 10
5 10
5 10
5 10
5 10
5 10
5 10
5 10
5 10
5 10
5 10
5 10
5 10
5 10
5 10
5 10
5 10
5 10
5 10
5 10
5 10
5 10
5 10
5 10
5 10
5 10
5 10
5 10
5 10
5 10
5 10
5 10
5 10
5 10
5 10
5 10
5 10
5 10
5 10
5 10
5 10
5 10
5 10
5 10
5 10
5 10
5 10
5 10
5 10
5 10
5 10
5 10
5 10
5 10
5 10
5 10
5 10
5 10
5 10
5 10
5 10
5 10
5 10
5 10
5 10
5 10
5 10
5 10
5 10
5 10
5 10
5 10
5 10
5 10
5 10
5 10
5 10
5 10
5 10
5 10
5 10
5 10
5 10
5 10
5 10
5 10
5 10
5 10
5 10
5 10
5 10
5 10
5 10
5 10
5 10
5 10
5 10
5 10
5 10
5 10
5 10
5 10
5 10
5 10
5 10
5 10
5 10
5 10
5 10
5 10
5 10
5 10
5 10
5 10
5 10
5 10
5 10
5 10
5 10
5 10
5 10
5 10
5 10
5 10
5 10
5 10
5 10
5 10
5 10
5 10
5 10
5 10
5 10
5 10
5 10
5 10
5 10
5 10
5 10
5 10
5 10
5 10
5 10
5 10
5 10
5 10
5 10
5 10
5 10
5 10
5 10
5 10
5 10
5 10
5 10
5 10
5 10
5 10
5 10
5 10
5 10
5 10
5 10
5 10
5 10
5 10
5 10
5 10
5 10
5 10
5 10
5 10
5 10
5 10
5 10
5 10
5 10
5 10
5 10
5 10
5 10
5 10
5 10
5 10
5 10
5 10
5 10
5 10
5 10
5 10
5 10
5 10
5 10
5 10
5 10
5 10
5 10
5 10
5 10
5 10
5 10
5 10
5 10
5 10
5 10
5 10
5 10
5 10
5 10
5 10
5 10
5 10
5 10
5 10
5 10
5 10
5 10
5 10
5 10
5 10
5 10
5 10
5 10
5 10
5 10
5 10
5 10
5 10
5 10
5 10
5 10
5 10
5 10
5 10
5 10
5 10
5 10
5 10
5 10
5 10
5 10
5 10
5 10
5 10
5 10
5 10
5 10
5 10
5 10
5 10
5 10
5 10
5 10
5 10
5 10
5 10
5 10
5 10
5 10
5 10
5 10
5 10
5 10
5 10
5 10
5 10
5 10
5 10
5 10
5 10
5 10
5 10
5 10
5 10
5 10
5 10
5 10
5 10
5 10
5 10
5 10
5 10
5 10
5 10
5 10
5 10
5 10
5 10
5 10
5 10
5 10
5 10
5 10
5 10
5 10
5 10
5 10
5 10
5 10
5 10
5 10
5 10
5 10
5 10
5 10
5 10
5 10
5 10
5 10
5 10
5 10
5 10
5 10
5 10
5 10
5 10
5 10
5 10
5 10
5 10
5 10
5 10
5 10
5 10
5 10
5 10
5 10
5 10
5 10
5 10
5 10
5 10
5 10
5 10
5 10
5 10
5 10
5 10
5 10
5 10
5 10
5 10
5 10
5 10
5 10
5 10
5 10
5 10
5 10
5 10
5 10
5 10
5 10
5 10
5 10
5 10
5 10
5 10
5 10
5 10
5 10
5 10
5 10
5 10
5 10
5 10
5 10
5 10
5 10
5 10
5 10
5 10
5 10
5 10
5 10
5 10
5 10
5 10
5 10
5 10
5 10
5 10
5 10
5 10
5 10
5 10
5 10
5 10
5 10
5 10
5 10
5 10
5 10
5 10
5 10
5 10
5 10
5 10
5 10
5 10
5 10
5 10
5 10
5 10
5 10
5 10
5 10
5 10
5 10
5 10
5 10
5 10
5 10
5 10
5 10
5 10
5 10
5 10
5 10
5 10
5 10
5 10
5 10
5 10
5 10
5 10
5 10
5 10
5 10
5 10
5 10
5 10
5 10
5 10
5 10
5 10
5 10
5 10
5 10
5 10
5 10
5 10
5 10
5 10
5 10
5 10
5 10
5 10
5 10
5 10
5 10
5 10
5 10
5 10
5 10
5 10
5 10
5 10
5 10
5 10
5 10
5 10
5 10
5 10
5 10
5 10
5 10
5 10
5 10
5 10
5 10
5 10
5 10
5 10
5 10
5 10
5 10
5 10
5 10
5 10
5 10
5 10
5 10
5 10
5 10
5 10
5 10
5 10
5 10
5 10
5 10
5 10
5 10
5 10
5 10
5 10
5 10
5 10
5 10
5 10
5 10
5 10
5 10
5 10
5 10
5 10
5 10
5 10
5 10
5 10
5 10
5 10
5 10
5 10
5 10
5 10
5 10
5 10
5 10
5 10
5 10
5 10
5 10
5 10
5 10
5 10
5 10
5 10
5 10
5 10
5 10
5 10
5 10
5 10
5 10
5 10
5 10
5 10
5 10
5 10
5 10
5 10
5 10
5 10
5 10
5 10
5 10
5 10
5 10
5 10
5 10
5 10
5 10
5 10
5 10
5 10
5 10
5 10
5 10
5 10
5 10
5 10
5 10
5 10
5 10
5 10
5 10
5 10
5 10
5 10
5 10
5 10
5 10
5 10
5 10
5 10
5 10
5 10
5 10
5 10
5 10
5 10
5 10
5 10
5 10
5 10
5 10
5 10
5 10
5 10
5 10
5 10
5 10
5 10
5 10
5 10
5 10
5 10
5 10
5 10
5 10
5 10
5 10
5 10
5 10
5 10
5 10
5 10
5 10
5 10
5 10
5 10
5 10
5 10
5 10
5 10
5 10
5 10
5 10
5 10
5 10
5 10
5 10
5 10
5 10
5 10
5 10
5 10
5 10
5 10
5 10
5 10
5 10
5 10
5 10
5 10
5 10
5 10
5 10
5 10
5 10
5 10
5 10
5 10
5 10
5 10
5 10
5 10
5 10
5 10
5 10
5 10
5 10
5 10
5 10
5 10
5 10
5 10
5 10
5 10
5 10
5 10
5 10
5 10
5 10
5 10
5 10
5 10
5 10
5 10
5 10
5 10
5 10
5 10
5 10
5 10
5 10
5 10
5 10
5 10
5 10
5 10
5 10
5 10
5 10
5 10
5 10
5 10
5 10
5 10
5 10
5 10
5 10
5 10
5 10
5 10
5 10
5 10
5 10
5 10
5 10
5 10
5 10
5 10
5 10
5 10
5 10
5 10
5 10
5 10
5 10
5 10
5 10
5 10
5 10
5 10
5 10
5 10
5 10
5 10
5 10
5 10
5 10
5 10
5 10
5 10
5 10
5 10
5 10
5 10
5 10
5 10
5 10
5 10
5 10
5 10
5 10
5 10
5 10
5 10
5 10
5 10
5 10
5 10
5 10
5 10
5 10
5 10
5 10
5 10
5 10
5 10
5 10
5 10
5 10
5 10
5 10
5 10
5 10
5 10
5 10
5 10
5 10
5 10
5 10
5 10
5 10
5 10
5 10
5 10
5 10
5 10
5 10
5 10
5 10
5 10
5 10
5 10
5 10
5 10
5 10
5 10
5 10
5 10
5 10
5 10
5 10
5 10
5 10
5 10
5 10
5 10
5 10
5 10
5 10
5 10
5 10
5 10
5 10
5 10
5 10
5 10
5 10
5 10
5 10
5 10
5 10
5 10
5 10
5 10
5 10
5 10
5 10
5 10
5 10
5 10
5 10
5 10
5 10
5 10
5 10
5 10
5 10
5 10
5 10
5 10
5 10
5 10
5 10
5 10
5 10
5 10
5 10
5 10
5 10
5 10
5 10
5 10
5 10
5 10
5 10
5 10
5 10
5 10
5 10
5 10
5 10
5 10
5 10
5 10
5 10
5 10
5 10
5 10
5 10
5 10
5 10
5 10
5 10
5 10
5 10
5 10
5 10
5 10
5 10
5 10
5 10
5 10
5 10
5 10
5 10
5 10
5 10
5 10
5 10
5 10
5 10
5 10
5 10
5 10
5 10
5 10
5 10
5 10
5 10
5 10
5 10
5 10
5 10
5 10
5 10
5 10
5 10
5 10
5 10
5 10
5 10
5 10
5 10
5 10
5 10
5 10
5 10
5 10
5 10
5 10
5 10
5 10
5 10
5 10
5 10
5 10
5 10
5 10
5 10
5 10
5 10
5 10
5 10
5 10
5 10
5 10
5 10
5 10
5 10
5 10
5 10
5 10
5 10
5 10
5 10
5 10
5 10
5 10
5 10
5 10
5 10
5 10
5 10
5 10
5 10
5 10
5 10
5 10
5 10
5 10
5 10
5 10
5 10
5 10
5 10
5 10
5 10
5 10
5 10
5 10
5 10
5 10
5 10
5 10
5 10
5 10
5 10
5 10
5 10
5 10
5 10
5 10
5 10
5 10
5 10
5 10
5 10
5 10
5 10
5 10
5 10
5 10
5 10
5 10
5 10
5 10
5 10
5 10
5 10
5 10
5 10
5 10
5 10
5 10
5 10
5 10
5 10
5 10
5 10
5 10
5 10
5 10
5 10
5 10
5 10
5 10
5 10
5 10
5 10
5 10
5 10
5 10
5 10
5 10
5 10
5 10
5 10
5 10
5 10
5 10
5 10
5 10
5 10
5 10
5 10
5 10
5 10
5 10
5 10
5 10
5 10
5 10
5 10
5 10
5 10
5 10
5 10
5 10
5 10
5 10
5 10
5 10
5 10
5 10
5 10
5 10
5 10
5 10
5 10
5 10
5 10
5 10
5 10
5 10
5 10
5 10
5 10
5 10
5 10
5 10
5 10
5 10
5 10
5 10
5 10
5 10
5 10
5 10
5 10
5 10
5 10
5 10
5 10
5 10
5 10
5 10
5 10
5 10
5 10
5 10
5 10
5 10
5 10
5 10
5 10
5 10
5 10
5 10
5 10
5 10
5 10
5 10
5 10
5 10
5 10
5 10
5 10
5 10
5 10
5 10
5 10
5 10
5 10
5 10
5 10
5 10
5 10
5 10
5 10
5 10
5 10
5 10
5 10
5 10
5 10
5 10
5 10
5 10
5 10
5 10
5 10
5 10
5 10
5 10
5 10
5 10
5 10
5 10
5 10
5 10
5 10
5 10
5 10
5 10
5 10
5 10
5 10
5 10
5 10
5 10
5 10
5 10
5 10
5 10
5 10
5 10
5 10
5 10
5 10
5 10
5 10
5 10
5 10
5 10
5 10
5 10
5 10
5 10
6 9
6 9
6 9
6 9
6 9
6 9
6 9
6 9
6 9
6 9
6 9
6 9
6 9
6 9
6 9
6 9
6 9
6 9
6 9
6 9
6 9
6 9
6 9
6 9
6 9
6 9
6 9
6 9
6 9
6 9
6 9
6 9
6 9
6 9
6 9
6 9
6 9
6 9
6 9
6 9
6 9
6 9
6 9
6 9
6 9
6 9
6 9
6 9
6 9
6 9
6 9
6 9
6 9
6 9
6 9
6 9
6 9
6 9
6 9
6 9
6 9
6 9
6 9
6 9
6 9
6 9
6 9
6 9
6 9
6 9
6 9
6 9
6 9
6 9
6 9
6 9
6 9
6 9
6 9
6 9
6 9
6 9
6 9
6 9
6 9
6 9
6 9
6 9
6 9
6 9
6 9
6 9
6 9
6 9
6 9
6 9
6 9
6 9
6 9
6 9
6 9
6 9
6 9
6 9
6 9
6 9
6 9
6 9
6 9
6 9
6 9
6 9
6 9
6 9
6 9
6 9
6 9
6 9
6 9
6 9
6 9
6 9
6 9
6 9
6 9
6 9
6 9
6 9
6 9
6 9
6 9
6 9
6 9
6 9
6 9
6 9
6 9
6 9
6 9
6 9
6 9
6 9
6 9
6 9
6 9
6 9
6 9
6 9
6 9
6 9
6 9
6 9
6 9
6 9
6 9
6 9
6 9
6 9
6 9
6 9
6 9
6 9
6 9
6 9
6 9
6 9
6 9
6 9
6 9
6 9
6 9
6 9
6 9
6 9
6 9
6 9
6 9
6 9
6 9
6 9
6 9
6 9
6 9
6 9
6 9
6 9
6 9
6 9
6 9
6 9
6 9
6 9
6 9
6 9
6 9
6 9
6 9
6 9
6 9
6 9
6 9
6 9
6 9
6 9
6 9
6 9
6 9
6 9
6 9
6 9
6 9
6 9
6 9
6 9
6 9
6 9
6 9
6 9
6 9
6 9
6 9
6 9
6 9
6 9
6 9
6 9
6 9
6 9
6 9
6 9
6 9
6 9
6 9
6 9
6 9
6 9
6 9
6 9
6 9
6 9
6 9
6 9
6 9
6 9
6 9
6 9
6 9
6 9
6 9
6 9
6 9
6 9
6 9
6 9
6 9
6 9
6 9
6 9
6 9
6 9
6 9
6 9
6 9
6 9
6 9
6 9
6 9
6 9
6 9
6 9
6 9
6 9
6 9
6 9
6 9
6 9
6 9
6 9
6 9
6 9
6 9
6 9
6 9
6 9
6 9
6 9
6 9
6 9
6 9
6 9
6 9
6 9
6 9
6 9
6 9
6 9
6 9
6 9
6 9
6 9
6 9
6 9
6 9
6 9
6 9
6 9
6 9
6 9
6 9
6 9
6 9
6 9
6 9
6 9
6 9
6 9
6 9
6 9
6 9
6 9
6 9
6 9
6 9
6 9
6 9
6 9
6 9
6 9
6 9
6 9
6 9
6 9
6 9
6 9
6 9
6 9
6 9
6 9
6 9
6 9
6 9
6 9
6 9
6 9
6 9
6 9
6 9
6 9
6 9
6 9
6 9
6 9
6 9
6 9
6 9
6 9
6 9
6 9
6 9
6 9
6 9
6 9
6 9
6 9
6 9
6 9
6 9
6 9
6 9
6 9
6 9
6 9
6 9
6 9
6 9
6 9
6 9
6 9
6 9
6 9
6 9
6 9
6 9
6 9
6 9
6 9
6 9
6 9
6 9
6 9
6 9
6 9
6 9
6 9
6 9
6 9
6 9
6 9
6 9
6 9
6 9
6 9
6 9
6 9
6 9
6 9
6 9
6 9
6 9
6 9
6 9
6 9
6 9
6 9
6 9
6 9
6 9
6 9
6 9
6 9
6 9
6 9
6 9
6 9
6 9
6 9
6 9
6 9
6 9
6 9
6 9
6 9
6 9
6 9
6 9
6 9
6 9
6 9
6 9
6 9
6 9
6 9
6 9
6 9
6 9
6 9
6 9
6 9
6 9
6 9
6 9
6 9
6 9
6 9
6 9
6 9
6 9
6 9
6 9
6 9
6 9
6 9
6 9
6 9
6 9
6 9
6 9
6 9
6 9
6 9
6 9
6 9
6 9
6 9
6 9
6 9
6 9
6 9
6 9
6 9
6 9
6 9
6 9
6 9
6 9
6 9
6 9
6 9
6 9
6 9
6 9
6 9
6 9
6 9
6 9
6 9
6 9
6 9
6 9
6 9
6 9
6 9
6 9
6 9
6 9
6 9
6 9
6 9
6 9
6 9
6 9
6 9
6 9
6 9
6 9
6 9
6 9
6 9
6 9
6 9
6 9
6 9
6 9
6 9
6 9
6 9
6 9
6 9
6 9
6 9
6 9
6 9
6 9
6 9
6 9
6 9
6 9
6 9
6 9
6 9
6 9
6 9
6 9
6 9
6 9
6 9
6 9
6 9
6 9
6 9
6 9
6 9
6 9
6 9
6 9
6 9
6 9
6 9
6 9
6 9
6 9
6 9
6 9
6 9
6 9
6 9
6 9
6 9
6 9
6 9
6 9
6 9
6 9
6 9
6 9
6 9
6 9
6 9
6 9
6 9
6 9
6 9
6 9
6 9
6 9
6 9
6 9
6 9
6 9
6 9
6 9
6 9
6 9
6 9
6 9
6 9
6 9
6 9
6 9
6 9
6 9
6 9
6 9
6 9
6 9
6 9
6 9
6 9
6 9
6 9
6 9
6 9
6 9
6 9
6 9
6 9
6 9
6 9
6 9
6 9
6 9
6 9
6 9
6 9
6 9
6 9
6 9
6 9
6 9
6 9
6 9
6 9
6 9
6 9
6 9
6 9
6 9
6 9
6 9
6 9
6 9
6 9
6 9
6 9
6 9
6 9
6 9
6 9
6 9
6 9
6 9
6 9
6 9
6 9
6 9
6 9
6 9
6 9
6 9
6 9
6 9
6 9
6 9
6 9
6 9
6 9
6 9
6 9
6 9
6 9
6 9
6 9
6 9
6 9
6 9
6 9
6 9
6 9
6 9
6 9
6 9
6 9
6 9
6 9
6 9
6 9
6 9
6 9
6 9
6 9
6 9
6 9
6 9
6 9
6 9
6 9
6 9
6 9
6 9
6 9
6 9
6 9
6 9
6 9
6 9
6 9
6 9
6 9
6 9
6 9
6 9
6 9
6 9
6 9
6 9
6 9
6 9
6 9
6 9
6 9
6 9
6 9
6 9
6 9
6 9
6 9
6 9
6 9
6 9
6 9
6 9
6 9
6 9
6 9
6 9
6 9
6 9
6 9
6 9
6 9
6 9
6 9
6 9
6 9
6 9
6 9
6 9
6 9
6 9
6 9
6 9
6 9
6 9
6 9
6 9
6 9
6 9
6 9
6 9
6 9
6 9
6 9
6 9
6 9
6 9
6 9
6 9
6 9
6 9
6 9
6 9
6 9
6 9
6 9
6 9
6 9
6 9
6 9
6 9
6 9
6 9
6 9
6 9
6 9
6 9
6 9
6 9
6 9
6 9
6 9
6 9
6 9
6 9
6 9
6 9
6 9
6 9
6 9
6 9
6 9
6 9
6 9
6 9
6 9
6 9
6 9
6 9
6 9
6 9
6 9
6 9
6 9
6 9
6 9
6 9
6 9
6 9
6 9
6 9
6 9
6 9
6 9
6 9
6 9
6 9
6 9
6 9
6 9
6 9
6 9
6 9
6 9
6 9
6 9
6 9
6 9
6 9
6 9
6 9
6 9
6 9
6 9
6 9
6 9
6 9
6 9
6 9
6 9
6 9
6 9
6 9
6 9
6 9
6 9
6 9
6 9
6 9
6 9
6 9
6 9
6 9
6 9
6 9
6 9
6 9
6 9
6 9
6 9
6 9
6 9
6 9
6 9
6 9
6 9
6 9
6 9
6 9
6 9
6 9
6 9
6 9
6 9
6 9
6 9
6 9
6 9
6 9
6 9
6 9
6 9
6 9
6 9
6 9
6 9
6 9
6 9
6 9
6 9
6 9
6 9
6 9
6 9
6 9
6 9
6 9
6 9
6 9
6 9
6 9
6 9
6 9
6 9
6 9
6 9
6 9
6 9
6 9
6 9
6 9
6 9
6 9
6 9
6 9
6 9
6 9
6 9
6 9
6 9
6 9
6 9
6 9
6 9
6 9
6 9
6 9
6 9
6 9
6 9
6 9
6 9
6 9
6 9
6 9
6 9
6 9
6 9
6 9
6 9
6 9
6 9
6 9
6 9
6 9
6 9
6 9
6 9
6 9
6 9
6 9
6 9
6 9
6 9
6 9
6 9
6 9
6 9
6 9
6 9
6 9
6 9
6 9
6 9
6 9
6 9
6 9
6 9
6 9
6 9
6 9
6 9
6 9
6 9
6 9
6 9
6 9
6 9
6 9
6 9
6 9
6 9
6 9
6 9
6 9
6 9
6 9
6 9
6 9
6 9
6 9
6 9
6 9
6 9
6 9
6 9
6 9
6 9
6 9
6 9
6 9
6 9
6 9
6 9
6 9
6 9
6 9
6 9
6 9
6 9
6 9
6 9
6 9
6 9
6 9
6 9
6 9
6 9
6 9
6 9
6 9
6 9
6 9
6 9
6 9
6 9
6 9
6 9
6 9
6 9
6 9
6 9
6 9
6 9
6 9
6 9
6 9
6 9
6 9
6 9
6 9
6 9
6 9
6 9
6 9
6 9
6 9
6 9
6 9
6 9
6 9
6 9
6 9
6 9
6 9
6 9
6 9
6 9
6 9
6 9
6 9
6 9
6 9
6 9
6 9
6 9
6 9
6 9
6 9
6 9
6 9
6 9
6 9
6 9
6 9
6 9
6 9
6 9
6 9
6 9
6 9
6 9
6 9
6 9
6 9
6 9
6 9
6 9
6 9
6 9
6 9
6 9
6 9
6 9
6 9
6 9
6 9
6 9
6 9
6 9
6 9
6 9
6 9
6 9
6 9
6 9
6 9
6 9
6 9
6 9
6 9
6 9
6 9
6 9
6 9
6 9
6 9
6 9
6 9
6 9
6 9
6 9
6 9
6 9
6 9
6 9
6 9
6 9
6 9
6 9
6 9
6 9
6 9
6 9
6 9
6 9
6 9
6 9
6 9
6 9
6 9
6 9
6 9
6 9
6 9
6 9
6 9
6 9
6 9
6 9
6 9
6 9
6 9
6 9
6 9
6 9
6 9
6 9
6 9
6 9
6 9
6 9
6 9
6 9
6 9
6 9
6 9
6 9
6 9
6 9
6 9
6 9
6 9
6 9
6 9
6 9
6 9
6 9
6 9
6 9
6 9
6 9
6 9
6 9
6 9
6 9
6 9
6 9
6 9
6 9
6 9
6 9
6 9
6 9
6 9
6 9
6 9
6 9
6 9
6 9
6 9
6 9
6 9
6 9
6 9
6 9
6 9
6 9
6 9
6 9
6 9
6 9
6 9
6 9
6 9
6 9
6 9
6 9
6 9
6 9
6 9
6 9
6 9
6 9
6 9
6 9
6 9
6 9
6 9
6 9
6 9
6 9
6 9
6 9
6 9
6 9
6 9
6 9
6 9
6 9
6 9
6 9
6 9
6 9
6 9
6 9
6 9
6 9
6 9
6 9
6 9
6 9
6 9
6 9
6 9
6 9
6 9
6 9
6 9
6 9
6 9
6 9
6 9
6 9
6 9
6 9
6 9
6 9
6 9
6 9
6 9
6 9
6 9
6 9
6 9
6 9
6 9
6 9
6 9
6 9
6 9
6 9
6 9
6 9
6 9
6 9
6 9
6 9
6 9
6 9
6 9
6 9
6 9
6 9
6 9
6 9
6 9
6 9
6 9
6 9
6 9
6 9
6 9
6 9
6 9
6 9
6 9
6 9
6 9
6 9
6 9
6 9
6 9
6 9
6 9
6 9
6 9
6 9
6 9
6 9
6 9
6 9
6 9
6 9
6 9
6 9
6 9
6 9
6 9
6 9
6 9
6 9
6 9
6 9
6 9
6 9
6 9
6 9
6 9
6 9
6 9
6 9
6 9
6 9
6 9
6 9
6 9
6 9
6 9
6 9
6 9
6 9
6 9
6 9
6 9
6 9
6 9
6 9
6 9
6 9
6 9
6 9
6 9
6 9
6 9
6 9
6 9
6 9
6 9
6 9
6 9
6 9
6 9
6 9
6 9
6 9
6 9
6 9
6 9
6 9
6 9
6 9
6 9
6 9
6 9
6 9
6 9
6 9
6 9
6 9
6 9
6 9
6 9
6 9
6 9
6 9
6 9
6 9
6 9
6 9
6 9
6 9
6 9
6 9
6 9
6 9
6 9
6 9
6 9
6 9
6 9
6 9
6 9
6 9
6 9
6 9
6 9
6 9
6 9
6 9
6 9
6 9
6 9
6 9
6 9
6 9
6 9
6 9
6 9
6 9
6 9
6 9
6 9
6 9
6 9
6 9
6 9
6 9
6 9
6 9
6 9
6 9
6 9
6 9
6 9
6 9
6 9
6 9
6 9
6 9
6 9
6 9
6 9
6 9
6 9
6 9
6 9
6 9
6 9
6 9
6 9
6 9
6 9
6 9
6 9
6 9
6 9
6 9
6 9
6 9
6 9
6 9
6 9
6 9
6 9
6 9
6 9
6 9
6 9
6 9
6 9
6 9
6 9
6 9
6 9
6 9
6 9
6 9
6 9
6 9
6 9
6 9
6 9
6 9
6 9
6 9
6 9
6 9
6 9
6 9
6 9
6 9
6 9
6 9
6 9
6 9
6 9
6 9
6 9
6 9
6 9
6 9
6 9
6 9
6 9
6 9
6 9
6 9
6 9
6 9
6 9
6 9
6 9
6 9
6 9
6 9
6 9
6 9
6 9
6 9
6 9
6 9
6 9
6 9
6 9
6 9
6 9
6 9
6 9
6 9
6 9
6 9
6 9
6 9
6 9
6 9
6 9
6 9
6 9
6 9
6 9
6 9
6 9
6 9
6 9
6 9
6 9
6 9
6 9
6 9
6 9
6 9
6 9
6 9
6 9
6 9
6 9
6 9
6 9
6 9
6 9
6 9
6 9
6 9
6 9
6 9
6 9
6 9
6 9
6 9
6 9
6 9
6 9
6 9
6 9
6 9
6 9
6 9
6 9
6 9
6 9
6 9
6 9
6 9
6 9
6 9
6 9
6 9
6 9
6 9
6 9
6 9
6 9
6 9
6 9
6 9
6 9
6 9
6 9
6 9
6 9
6 9
6 9
6 9
6 9
6 9
6 9
6 9
6 9
6 9
6 9
6 9
6 9
6 9
6 9
6 9
6 9
6 9
6 9
6 9
6 9
6 9
6 9
6 9
6 9
6 9
6 9
6 9
6 9
6 9
6 9
6 9
6 9
6 9
6 9
6 9
6 9
6 9
6 9
6 9
6 9
6 9
6 9
6 9
6 9
6 9
6 9
6 9
6 9
6 9
6 9
6 9
6 9
6 9
6 9
6 9
6 9
6 9
6 9
6 9
6 9
6 9
6 9
6 9
6 9
6 9
6 9
6 9
6 9
6 9
6 9
6 9
6 9
6 9
6 9
6 9
6 9
6 9
6 9
6 9
6 9
6 9
6 9
6 9
6 9
6 9
6 9
6 9
6 9
6 9
6 9
6 9
6 9
6 9
6 9
6 9
6 9
6 9
6 9
6 9
6 9
6 9
6 9
6 9
6 9
6 9
6 9
6 9
6 9
6 9
6 9
6 9
6 9
6 9
6 9
6 9
6 9
6 9
6 9
6 9
6 9
6 9
6 9
6 9
6 9
6 9
6 9
6 9
6 9
6 9
6 9
6 9
6 9
6 9
6 9
6 9
6 9
6 9
6 9
6 9
6 9
6 9
6 9
6 9
6 9
6 9
6 9
6 9
6 9
6 9
6 9
6 9
6 9
6 9
6 9
6 9
6 9
6 9
6 9
6 9
6 9
6 9
6 9
6 9
6 9
6 9
6 9
6 9
6 9
6 9
6 9
6 9
6 9
6 9
6 9
6 9
6 9
6 9
6 9
6 9
6 9
6 9
6 9
6 9
6 9
6 9
6 9
6 9
6 9
6 9
6 9
6 9
6 9
6 9
6 9
6 9
6 9
6 9
6 9
6 9
6 9
6 9
6 9
6 9
6 9
6 9
6 9
6 9
6 9
6 9
6 9
6 9
6 9
6 9
6 9
6 9
6 9
6 9
6 9
6 9
6 9
6 9
6 9
6 9
6 9
6 9
6 9
6 9
6 9
6 9
6 9
6 9
6 9
6 9
6 9
6 9
6 9
6 9
6 9
6 9
6 9
6 9
6 9
6 9
6 9
6 9
6 9
6 9
6 9
6 9
6 9
6 9
6 9
6 9
6 9
6 9
6 9
6 9
6 9
6 9
6 9
6 9
6 9
6 9
6 9
6 9
6 9
6 9
6 9
6 9
6 9
6 9
6 9
6 9
6 9
6 9
6 9
6 9
6 9
6 9
6 9
6 9
6 9
6 9
6 9
6 9
6 9
6 9
6 9
6 9
6 9
6 9
6 9
6 9
6 9
6 9
6 9
6 9
6 9
6 9
6 9
6 9
6 9
6 9
6 9
6 9
6 9
6 9
6 9
6 9
6 9
6 9
6 9
6 9
6 9
6 9
6 9
6 9
6 9
6 9
6 9
6 9
6 9
6 9
6 9
6 9
6 9
6 9
6 9
6 9
6 9
6 9
6 9
6 9
6 9
6 9
6 9
6 9
6 9
6 9
6 9
6 9
6 9
6 9
6 9
6 9
6 9
6 9
6 9
6 9
6 9
6 9
6 9
6 9
6 9
6 9
6 9
6 9
6 9
6 9
6 9
6 9
6 9
6 9
6 9
6 9
6 9
6 9
6 9
6 9
6 9
6 9
6 9
6 9
6 9
6 9
6 9
6 9
6 9
6 9
6 9
6 9
6 9
6 9
6 9
6 9
6 9
6 9
6 9
6 9
6 9
6 9
6 9
6 9
6 9
6 9
6 9
6 9
6 9
6 9
6 9
6 9
6 9
6 9
6 9
6 9
6 9
6 9
6 9
6 9
6 9
6 9
6 9
6 9
6 9
6 9
6 9
6 9
6 9
6 9
6 9
6 9
6 9
6 9
6 9
6 9
6 9
6 9
6 9
6 9
6 9
6 9
6 9
6 9
6 9
6 9
6 9
6 9
6 9
6 9
6 9
6 9
6 9
6 9
6 9
6 9
6 9
6 9
6 9
6 9
6 9
6 9
6 9
6 9
6 9
6 9
6 9
6 9
6 9
6 9
6 9
6 9
6 9
6 9
6 9
6 9
6 9
6 9
6 9
6 9
6 9
6 9
6 9
6 9
6 9
6 9
6 9
6 9
6 9
6 9
6 9
6 9
6 9
6 9
6 9
6 9
6 9
6 9
6 9
6 9
6 9
6 9
6 9
6 9
6 9
6 9
6 9
6 9
6 9
6 9
6 9
6 9
6 9
6 9
6 9
6 9
6 9
6 9
6 9
6 9
6 9
6 9
6 9
6 9
6 9
6 9
6 9
6 9
6 9
6 9
6 9
6 9
6 9
6 9
6 9
6 9
6 9
6 9
6 9
6 9
6 9
6 9
6 9
6 9
6 9
6 9
6 9
6 9
6 9
6 9
6 9
6 9
6 9
6 9
6 9
6 9
6 9
6 9
6 9
6 9
6 9
6 9
6 9
6 9
6 9
6 9
6 9
6 9
6 9
6 9
6 9
6 9
6 9
6 9
6 9
6 9
6 9
6 9
6 9
6 9
6 9
6 9
6 9
6 9
6 9
6 9
6 9
6 9
6 9
6 9
6 9
6 9
6 9
6 9
6 9
6 9
6 9
6 9
6 9
6 9
6 9
6 9
6 9
6 9
6 9
6 9
6 9
6 9
6 9
6 9
6 9
6 9
6 9
6 9
6 9
6 9
6 9
6 9
6 9
6 9
6 9
6 9
6 9
6 9
6 9
6 9
6 9
6 9
6 9
6 9
6 9
6 9
6 9
6 9
6 9
6 9
6 9
6 9
6 9
6 9
6 9
6 9
6 9
6 9
6 9
6 9
6 9
6 9
6 9
6 9
6 9
6 9
6 9
6 9
6 9
6 9
6 9
6 9
6 9
6 9
6 9
6 9
6 9
6 9
6 9
6 9
6 9
6 9
6 9
6 9
6 9
6 9
6 9
6 9
6 9
6 9
6 9
6 9
6 9
6 9
6 9
6 9
6 9
6 9
6 9
6 9
6 9
6 9
6 9
6 9
6 9
6 9
6 9
6 9
6 9
6 9
6 9
6 9
6 9
6 9
6 9
6 9
6 9
6 9
6 9
6 9
6 9
6 9
6 9
6 9
6 9
6 9
6 9
6 9
6 9
6 9
6 9
6 9
6 9
6 9
6 9
6 9
6 9
6 9
6 9
6 9
6 9
6 9
6 9
6 9
6 9
6 9
6 9
6 9
6 9
6 9
6 9
6 9
6 9
6 9
6 9
6 9
6 9
6 9
6 9
6 9
6 9
6 9
6 9
6 9
6 9
6 9
6 9
6 9
6 9
6 9
6 9
6 9
6 9
6 9
6 9
6 9
6 9
6 9
6 9
6 9
6 9
6 9
6 9
6 9
6 9
6 9
6 9
6 9
6 9
6 9
6 9
6 9
6 9
6 9
6 9
6 9
6 9
6 9
6 9
6 9
6 9
6 9
6 9
6 9
6 9
6 9
6 9
6 9
6 9
6 9
6 9
6 9
6 9
6 9
6 9
6 9
6 9
6 9
6 9
6 9
6 9
6 9
6 9
6 9
6 9
6 9
6 9
6 9
6 9
6 9
6 9
6 9
6 9
6 9
6 9
6 9
6 9
6 9
6 9
6 9
6 9
6 9
6 9
6 9
6 9
6 9
6 9
6 9
6 9
6 9
6 9
6 9
6 9
6 9
6 9
6 9
6 9
6 9
6 9
6 9
6 9
6 9
6 9
6 9
6 9
6 9
6 9
6 9
6 9
6 9
6 9
6 9
6 9
6 9
6 9
6 9
6 9
6 9
6 9
6 9
6 9
6 9
6 9
6 9
6 9
6 9
6 9
6 9
6 9
6 9
6 9
6 9
6 9
6 9
6 9
6 9
6 9
6 9
6 9
6 9
6 9
6 9
6 9
6 9
6 9
6 9
6 9
6 9
6 9
6 9
6 9
6 9
6 9
6 9
6 9
6 9
6 9
6 9
6 9
6 9
6 9
6 9
6 9
6 9
6 9
6 9
6 9
6 9
6 9
6 9
6 9
6 9
6 9
6 9
6 9
6 9
6 9
6 9
6 9
6 9
6 9
6 9
6 9
6 9
6 9
6 9
6 9
6 9
6 9
6 9
6 9
6 9
6 9
6 9
6 9
6 9
6 9
6 9
6 9
6 9
6 9
6 9
6 9
6 9
6 9
6 9
6 9
6 9
6 9
6 9
6 9
6 9
6 9
6 9
6 9
6 9
6 9
6 9
6 9
6 9
6 9
6 9
6 9
6 9
6 9
6 9
6 9
6 9
6 9
6 9
6 9
6 9
6 9
6 9
6 9
6 9
6 9
6 9
6 9
6 9
6 9
6 9
6 9
6 9
6 9
6 9
6 9
6 9
6 9
6 9
6 9
6 9
6 9
6 9
6 9
6 9
6 9
6 9
6 9
6 9
6 9
6 9
6 9
6 9
6 9
6 9
6 9
6 9
6 9
6 9
6 9
6 9
6 9
6 9
6 9
6 9
6 9
6 9
6 9
6 9
6 9
6 9
6 9
6 9
6 9
6 9
6 9
6 9
6 9
6 9
6 9
6 9
6 9
6 9
6 9
6 9
6 9
6 9
6 9
6 9
6 9
6 9
6 9
6 9
6 9
6 9
6 9
6 9
6 9
6 9
6 9
6 9
6 9
6 9
6 9
6 9
6 9
6 9
6 9
6 9
6 9
6 9
6 9
6 9
6 9
6 9
6 9
6 9
6 9
6 9
6 9
6 9
6 9
6 9
6 9
6 9
6 9
6 9
6 9
6 9
6 9
6 9
6 9
6 9
6 9
6 9
6 9
6 9
6 9
6 9
6 9
6 9
6 9
6 9
6 9
6 9
6 9
6 9
6 9
6 9
6 9
6 9
6 9
6 9
6 9
6 9
6 9
6 9
6 9
6 9
6 9
6 9
6 9
6 9
6 9
6 9
6 9
6 9
6 9
6 9
6 9
6 9
6 9
6 9
6 9
6 9
6 9
6 9
6 9
6 9
6 9
6 9
6 9
6 9
6 9
6 9
6 9
6 9
6 9
6 9
6 9
6 9
6 9
6 9
6 9
6 9
6 9
6 9
6 9
6 9
6 9
6 9
6 9
6 9
6 9
6 9
6 9
6 9
6 9
6 9
6 9
6 9
6 9
6 9
6 9
6 9
6 9
6 9
6 9
6 9
6 9
6 9
6 9
6 9
6 9
6 9
6 9
6 9
6 9
6 9
6 9
6 9
6 9
6 9
6 9
6 9
6 9
6 9
6 9
6 9
6 9
6 9
6 9
6 9
6 9
6 9
6 9
6 9
6 9
6 9
6 9
6 9
6 9
6 9
6 9
6 9
6 9
6 9
6 9
6 9
6 9
6 9
6 9
6 9
6 9
6 9
6 9
6 9
6 9
6 9
6 9
6 9
6 9
6 9
6 9
6 9
6 9
6 9
6 9
6 9
6 9
6 9
6 9
6 9
6 9
6 9
6 9
6 9
6 9
6 9
6 9
6 9
6 9
6 9
6 9
6 9
6 9
6 9
6 9
6 9
6 9
6 9
6 9
6 9
6 9
6 9
6 9
6 9
6 9
6 9
6 9
6 9
6 9
6 9
6 9
6 9
6 9
6 9
6 9
6 9
6 9
6 9
6 9
6 9
6 9
6 9
6 9
6 9
6 9
6 9
6 9
6 9
6 9
6 9
6 9
6 9
6 9
6 9
6 9
6 9
6 9
6 9
6 9
6 9
6 9
6 9
6 9
6 9
6 9
6 9
6 9
6 9
6 9
6 9
6 9
6 9
6 9
6 9
6 9
6 9
6 9
6 9
6 9
6 9
6 9
6 9
6 9
6 9
6 9
6 9
6 9
6 9
6 9
6 9
6 9
6 9
6 9
6 9
6 9
6 9
6 9
6 9
6 9
6 9
6 9
6 9
6 9
6 9
6 9
6 9
6 9
6 9
6 9
6 9
6 9
6 9
6 9
6 9
6 9
6 9
6 9
6 9
6 9
6 9
6 9
6 9
6 9
6 9
6 9
6 9
6 9
6 9
6 9
6 9
6 9
6 9
6 9
6 9
6 9
6 9
6 9
6 9
6 9
6 9
6 9
6 9
6 9
6 9
6 9
6 9
6 9
6 9
6 9
6 9
6 9
6 9
6 9
6 9
6 9
6 9
6 9
6 9
6 9
6 9
6 9
6 9
6 9
6 9
6 9
6 9
6 9
6 9
6 9
6 9
6 9
6 9
6 9
6 9
6 9
6 9
6 9
6 9
6 9
6 9
6 9
6 9
6 9
6 9
6 9
6 9
6 9
6 9
6 9
6 9
6 9
6 9
6 9
6 9
6 9
6 9
6 9
6 9
6 9
6 9
6 9
6 9
6 9
6 9
6 9
6 9
6 9
6 9
6 9
6 9
6 9
6 9
6 9
6 9
6 9
6 9
6 9
6 9
6 9
6 9
6 9
6 9
6 9
6 9
6 9
6 9
6 9
6 9
6 9
6 9
6 9
6 9
6 9
6 9
6 9
6 9
6 9
6 9
6 9
6 9
6 9
6 9
6 9
6 9
6 9
6 9
6 9
6 9
6 9
6 9
6 9
6 9
6 9
6 9
6 9
6 9
6 9
6 9
6 9
6 9
6 9
6 9
6 9
6 9
6 9
6 9
6 9
6 9
6 9
6 9
6 9
6 9
6 9
6 9
6 9
6 9
6 9
6 9
6 9
6 9
6 9
6 9
6 9
6 9
6 9
6 9
6 9
6 9
6 9
6 9
6 9
6 9
6 9
6 9
6 9
6 9
6 9
6 9
6 9
6 9
6 9
6 9
6 9
6 9
6 9
6 9
6 9
6 9
6 9
6 9
6 9
6 9
6 9
6 9
6 9
6 9
6 9
6 9
6 9
6 9
6 9
6 9
6 9
6 9
6 9
6 9
6 9
6 9
6 9
6 9
6 9
6 9
6 9
6 9
6 9
6 9
6 9
6 9
6 9
6 9
6 9
6 9
6 9
6 9
6 9
6 9
6 9
6 9
6 9
6 9
6 9
6 9
6 9
6 9
6 9
6 9
6 9
6 9
6 9
6 9
6 9
6 9
6 9
6 9
6 9
6 9
6 9
6 9
6 9
6 9
6 9
6 9
6 9
6 9
6 9
6 9
6 9
6 9
6 9
6 9
6 9
6 9
6 9
6 9
6 9
6 9
6 9
6 9
6 9
6 9
6 9
6 9
6 9
6 9
6 9
6 9
6 9
6 9
6 9
6 9
6 9
6 9
6 9
6 9
6 9
6 9
6 9
6 9
6 9
6 9
6 9
6 9
6 9
6 9
6 9
6 9
6 9
6 9
6 9
6 9
6 9
6 9
6 9
6 9
6 9
6 9
6 9
6 9
6 9
6 9
6 9
6 9
6 9
6 9
6 9
6 9
6 9
6 9
6 9
6 9
6 9
6 9
6 9
6 9
6 9
6 9
6 9
6 9
6 9
6 9
6 9
6 9
6 9
6 9
6 9
6 9
6 9
6 9
6 9
6 9
6 9
6 9
6 9
6 9
6 9
6 9
6 9
6 9
6 9
6 9
6 9
6 9
6 9
6 9
6 9
6 9
6 9
6 9
6 9
6 9
6 9
6 9
6 9
6 9
6 9
6 9
6 9
6 9
6 9
6 9
6 9
6 9
6 9
6 9
6 9
6 9
6 9
6 9
6 9
6 9
6 9
6 9
6 9
6 9
6 9
6 9
6 9
6 9
6 9
6 9
6 9
6 9
6 9
6 9
6 9
6 9
6 9
6 9
6 9
6 9
6 9
6 9
6 9
6 9
6 9
6 9
6 9
6 9
6 9
6 9
6 9
6 9
6 9
6 9
6 9
6 9
6 9
6 9
6 9
6 9
6 9
6 9
6 9
6 9
6 9
6 9
6 9
6 9
6 9
6 9
6 9
6 9
6 9
6 9
6 9
6 9
6 9
6 9
6 9
6 9
6 9
6 9
6 9
6 9
6 9
6 9
6 9
6 9
6 9
6 9
6 9
6 9
6 9
6 9
6 9
6 9
6 9
6 9
6 9
6 9
6 9
6 9
6 9
6 9
6 9
6 9
6 9
6 9
6 9
6 9
6 9
6 9
6 9
6 9
6 9
6 9
6 9
6 9
6 9
6 9
6 9
6 9
6 9
6 9
6 9
6 9
6 9
6 9
6 9
6 9
6 9
6 9
6 9
6 9
6 9
6 9
6 9
6 9
6 9
6 9
6 9
6 9
6 9
6 9
6 9
6 9
6 9
6 9
6 9
6 9
6 9
6 9
6 9
6 9
6 9
6 9
6 9
6 9
6 9
6 9
6 9
6 9
6 9
6 9
6 9
6 9
6 9
6 9
6 9
6 9
6 9
6 9
6 9
6 9
6 9
6 9
6 9
6 9
6 9
6 9
6 9
6 9
6 9
6 9
6 9
6 9
6 9
6 9
6 9
6 9
6 9
6 9
6 9
6 9
6 9
6 9
6 9
6 9
6 9
6 9
6 9
6 9
6 9
6 9
6 9
6 9
6 9
6 9
6 9
6 9
6 9
6 9
6 9
6 9
6 9
6 9
6 9
6 9
6 9
6 9
6 9
6 9
6 9
6 9
6 9
6 9
6 9
6 9
6 9
6 9
6 9
6 9
6 9
6 9
6 9
6 9
6 9
6 9
6 9
6 9
6 9
6 9
6 9
6 9
6 9
6 9
6 9
6 9
6 9
6 9
6 9
6 9
6 9
6 9
6 9
6 9
6 9
6 9
6 9
6 9
6 9
6 9
6 9
6 9
6 9
6 9
6 9
6 9
6 9
6 9
6 9
6 9
6 9
6 9
6 9
6 9
6 9
6 9
6 9
6 9
6 9
6 9
6 9
6 9
6 9
6 9
6 9
6 9
6 9
6 9
6 9
6 9
6 9
6 9
6 9
6 9
6 9
6 9
6 9
6 9
6 9
6 9
6 9
6 9
6 9
6 9
6 9
6 9
6 9
6 9
6 9
6 9
6 9
6 9
6 9
6 9
6 9
6 9
6 9
6 9
6 9
6 9
6 9
6 9
6 9
6 9
6 9
6 9
6 9
6 9
6 9
6 9
6 9
6 9
6 9
6 9
6 9
6 9
6 9
6 9
6 9
6 9
6 9
6 9
6 9
6 9
6 9
6 9
6 9
6 9
6 9
6 9
6 9
6 9
6 9
6 9
6 9
6 9
6 9
6 9
6 9
6 9
6 9
6 9
6 9
6 9
6 9
6 9
6 9
6 9
6 9
6 9
6 9
6 9
6 9
6 9
6 9
6 9
6 9
6 9
6 9
6 9
6 9
6 9
6 9
6 9
6 9
6 9
6 9
6 9
6 9
6 9
6 9
6 9
6 9
6 9
6 9
6 9
6 9
6 9
6 9
6 9
6 9
6 9
6 9
6 9
6 9
6 9
6 9
6 9
6 9
6 9
6 9
6 9
6 9
6 9
6 9
6 9
6 9
6 9
6 9
6 9
6 9
6 9
6 9
6 9
6 9
6 9
6 9
6 9
6 9
6 9
6 9
6 9
6 9
6 9
6 9
6 9
6 9
6 9
6 9
6 9
6 9
6 9
6 9
6 9
6 9
6 9
6 9
6 9
6 9
6 9
6 9
6 9
6 9
6 9
6 9
6 9
6 9
6 9
6 9
6 9
6 9
6 9
6 9
6 9
6 9
6 9
6 9
6 9
6 9
6 9
6 9
6 9
6 9
6 9
6 9
6 9
6 9
6 9
6 9
6 9
6 9
6 9
6 9
6 9
6 9
6 9
6 9
6 9
6 9
6 9
6 9
6 9
6 9
6 9
6 9
6 9
6 9
6 9
6 9
6 9
6 9
6 9
6 9
6 9
6 9
6 9
6 9
6 9
6 9
6 9
6 9
6 9
6 9
6 9
6 9
6 9
6 9
6 9
6 9
6 9
6 9
6 9
6 9
6 9
6 9
6 9
6 9
6 9
6 9
6 9
6 9
6 9
6 9
6 9
6 9
6 9
6 9
6 9
6 9
6 9
6 9
6 9
6 9
6 9
6 9
6 9
6 9
6 9
6 9
6 9
6 9
6 9
6 9
6 9
6 9
6 9
6 9
6 9
6 9
6 9
6 9
6 9
6 9
6 9
6 9
6 9
6 9
6 9
6 9
6 9
6 9
6 9
6 9
6 9
6 9
6 9
6 9
6 9
6 9
6 9
6 9
6 9
6 9
6 9
6 9
6 9
6 9
6 9
6 9
6 9
6 9
6 9
6 9
6 9
6 9
6 9
6 9
6 9
6 9
6 9
6 9
6 9
6 9
6 9
6 9
6 9
6 9
6 9
6 9
6 9
6 9
6 9
6 9
6 9
6 9
6 9
6 9
6 9
6 9
6 9
6 9
6 9
6 9
6 9
6 9
6 9
6 9
6 9
6 9
6 9
6 9
6 9
6 9
6 9
6 9
6 9
6 9
6 9
6 9
6 9
6 9
6 9
6 9
6 9
6 9
6 9
6 9
6 9
6 9
6 9
6 9
6 9
6 9
6 9
6 9
6 9
6 9
6 9
6 9
6 9
6 9
6 9
6 9
6 9
6 9
6 9
6 9
6 9
6 9
6 9
6 9
6 9
6 9
6 9
6 9
6 9
6 9
6 9
6 9
6 9
6 9
6 9
6 9
6 9
6 9
6 9
6 9
6 9
6 9
6 9
6 9
6 9
6 9
6 9
6 9
6 9
6 9
6 9
6 9
6 9
6 9
6 9
6 9
6 9
6 9
6 9
6 9
6 9
6 9
6 9
6 9
6 9
6 9
6 9
6 9
6 9
6 9
6 9
6 9
6 9
6 9
6 9
6 9
6 9
6 9
6 9
6 9
6 9
6 9
6 9
6 9
6 9
6 9
6 9
6 9
6 9
6 9
6 9
6 9
6 9
6 9
6 9
6 9
6 9
6 9
6 9
6 9
6 9
6 9
6 9
6 9
6 9
6 9
6 9
6 9
6 9
6 9
6 9
6 9
6 9
6 9
6 9
6 9
6 9
6 9
6 9
6 9
6 9
6 9
6 9
6 9
6 9
6 9
6 9
6 9
6 9
6 9
6 9
6 9
6 9
6 9
6 9
6 9
6 9
6 9
6 9
6 9
6 9
6 9
6 9
6 9
6 9
6 9
6 9
6 9
6 9
6 9
6 9
6 9
6 9
6 9
6 9
6 9
6 9
6 9
6 9
6 9
6 9
6 9
6 9
6 9
6 9
6 9
6 9
6 9
6 9
6 9
6 9
6 9
6 9
6 9
6 9
6 9
6 9
6 9
6 9
6 9
6 9
6 9
6 9
6 9
6 9
6 9
6 9
6 9
6 9
6 9
6 9
6 9
6 9
6 9
6 9
6 9
6 9
6 9
6 9
6 9
6 9
6 9
6 9
6 9
6 9
6 9
6 9
6 9
6 9
6 9
6 9
6 9
6 9
6 9
6 9
6 9
6 9
6 9
6 9
6 9
6 9
6 9
6 9
6 9
6 9
6 9
6 9
6 9
6 9
6 9
6 9
6 9
6 9
6 9
6 9
6 9
6 9
6 9
6 9
6 9
6 9
6 9
6 9
6 9
6 9
6 9
6 9
6 9
6 9
6 9
6 9
6 9
6 9
6 9
6 9
6 9
6 9
6 9
6 9
6 9
6 9
6 9
6 9
6 9
6 9
6 9
6 9
6 9
6 9
6 9
6 9
6 9
6 9
6 9
6 9
6 9
6 9
6 9
6 9
6 9
6 9
6 9
6 9
6 9
6 9
6 9
6 9
6 9
6 9
6 9
6 9
6 9
6 9
6 9
6 9
6 9
6 9
6 9
6 9
6 9
6 9
6 9
6 9
6 9
6 9
6 9
6 9
6 9
6 9
6 9
6 9
6 9
6 9
6 9
6 9
6 9
6 9
6 9
6 9
6 9
6 9
6 9
6 9
6 9
6 9
6 9
6 9
6 9
6 9
6 9
6 9
6 9
6 9
6 9
6 9
6 9
6 9
6 9
6 9
6 9
6 9
6 9
6 9
6 9
6 9
6 9
6 9
6 9
6 9
6 9
6 9
6 9
6 9
6 9
6 9
6 9
6 9
6 9
6 9
6 9
6 9
6 9
6 9
6 9
6 9
6 9
6 9
6 9
6 9
6 9
6 9
6 9
6 9
6 9
6 9
6 9
6 9
6 9
6 9
6 9
6 9
6 9
6 9
6 9
6 9
6 9
6 9
6 9
6 9
6 9
6 9
6 9
6 9
6 9
6 9
6 9
6 9
6 9
6 9
6 9
6 9
6 9
6 9
6 9
6 9
6 9
6 9
6 9
6 9
6 9
6 9
6 9
6 9
6 9
6 9
6 9
6 9
6 9
6 9
6 9
6 9
6 9
6 9
6 9
6 9
6 9
6 9
6 9
6 9
6 9
6 9
6 9
6 9
6 9
6 9
6 9
6 9
6 9
6 9
6 9
6 9
6 9
6 9
6 9
6 9
6 9
6 9
6 9
6 9
6 9
6 9
6 9
6 9
6 9
6 9
6 9
6 9
6 9
6 9
6 9
6 9
6 9
6 9
6 9
6 9
6 9
6 9
6 9
6 9
6 9
6 9
6 9
6 9
6 9
6 9
6 9
6 9
6 9
6 9
6 9
6 9
6 9
6 9
6 9
6 9
6 9
6 9
6 9
6 9
6 9
6 9
6 9
6 9
6 9
6 9
6 9
6 9
6 9
6 9
6 9
6 9
6 9
6 9
6 9
6 9
6 9
6 9
6 9
6 9
6 9
6 9
6 9
6 9
6 9
6 9
6 9
6 9
6 9
6 9
6 9
6 9
6 9
6 9
6 9
6 9
6 9
6 9
6 9
6 9
6 9
6 9
6 9
6 9
6 9
6 9
6 9
6 9
6 9
6 9
6 9
6 9
6 9
6 9
6 9
6 9
6 9
6 9
6 9
6 9
6 9
6 9
6 9
6 9
6 9
6 9
6 9
6 9
6 9
6 9
6 9
6 9
6 9
6 9
6 9
6 9
6 9
6 9
6 9
6 9
6 9
6 9
6 9
6 9
6 9
6 9
6 9
6 9
6 9
6 9
6 9
6 9
6 9
6 9
6 9
6 9
6 9
6 9
6 9
6 9
6 9
6 9
6 9
6 9
6 9
6 9
6 9
6 9
6 9
6 9
6 9
6 9
6 9
6 9
6 9
6 9
6 9
6 9
6 9
6 9
6 9
6 9
6 9
6 9
6 9
6 9
6 9
6 9
6 9
6 9
6 9
6 9
6 9
6 9
6 9
6 9
6 9
6 9
6 9
6 9
6 9
6 9
6 9
6 9
6 9
6 9
6 9
6 9
6 9
6 9
6 9
6 9
6 9
6 9
6 9
6 9
6 9
6 9
6 9
6 9
6 9
6 9
6 9
6 9
6 9
6 9
6 9
6 9
6 9
6 9
6 9
6 9
6 9
6 9
6 9
6 9
6 9
6 9
6 9
6 9
6 9
6 9
6 9
6 9
6 9
6 9
6 9
6 9
6 9
6 9
6 9
6 9
6 9
6 9
6 9
6 9
6 9
6 9
6 9
6 9
6 9
6 9
6 9
6 9
6 9
6 9
6 9
6 9
6 9
6 9
6 9
6 9
6 9
6 9
6 9
6 9
6 9
6 9
6 9
6 9
6 9
6 9
6 9
6 9
6 9
6 9
6 9
6 9
6 9
6 9
6 9
6 9
6 9
6 9
6 9
6 9
6 9
6 9
6 9
6 9
6 9
6 9
6 9
6 9
6 9
6 9
6 9
6 9
6 9
6 9
6 9
6 9
6 9
6 9
6 9
6 9
6 9
6 9
6 9
6 9
6 9
6 9
6 9
6 9
6 9
6 9
6 9
6 9
6 9
6 9
6 9
6 9
6 9
6 9
6 9
6 9
6 9
6 9
6 9
6 9
6 9
6 9
6 9
6 9
6 9
6 9
6 9
7 8
7 8
7 8
7 8
7 8
7 8
7 8
7 8
7 8
7 8
7 8
7 8
7 8
7 8
7 8
7 8
7 8
7 8
7 8
7 8
7 8
7 8
7 8
7 8
7 8
7 8
7 8
7 8
7 8
7 8
7 8
7 8
7 8
7 8
7 8
7 8
7 8
7 8
7 8
7 8
7 8
7 8
7 8
7 8
7 8
7 8
7 8
7 8
7 8
7 8
7 8
7 8
7 8
7 8
7 8
7 8
7 8
7 8
7 8
7 8
7 8
7 8
7 8
7 8
7 8
7 8
7 8
7 8
7 8
7 8
7 8
7 8
7 8
7 8
7 8
7 8
7 8
7 8
7 8
7 8
7 8
7 8
7 8
7 8
7 8
7 8
7 8
7 8
7 8
7 8
7 8
7 8
7 8
7 8
7 8
7 8
7 8
7 8
7 8
7 8
7 8
7 8
7 8
7 8
7 8
7 8
7 8
7 8
7 8
7 8
7 8
7 8
7 8
7 8
7 8
7 8
7 8
7 8
7 8
7 8
7 8
7 8
7 8
7 8
7 8
7 8
7 8
7 8
7 8
7 8
7 8
7 8
7 8
7 8
7 8
7 8
7 8
7 8
7 8
7 8
7 8
7 8
7 8
7 8
7 8
7 8
7 8
7 8
7 8
7 8
7 8
7 8
7 8
7 8
7 8
7 8
7 8
7 8
7 8
7 8
7 8
7 8
7 8
7 8
7 8
7 8
7 8
7 8
7 8
7 8
7 8
7 8
7 8
7 8
7 8
7 8
7 8
7 8
7 8
7 8
7 8
7 8
7 8
7 8
7 8
7 8
7 8
7 8
7 8
7 8
7 8
7 8
7 8
7 8
7 8
7 8
7 8
7 8
7 8
7 8
7 8
7 8
7 8
7 8
7 8
7 8
7 8
7 8
7 8
7 8
7 8
7 8
7 8
7 8
7 8
7 8
7 8
7 8
7 8
7 8
7 8
7 8
7 8
7 8
7 8
7 8
7 8
7 8
7 8
7 8
7 8
7 8
7 8
7 8
7 8
7 8
7 8
7 8
7 8
7 8
7 8
7 8
7 8
7 8
7 8
7 8
7 8
7 8
7 8
7 8
7 8
7 8
7 8
7 8
7 8
7 8
7 8
7 8
7 8
7 8
7 8
7 8
7 8
7 8
7 8
7 8
7 8
7 8
7 8
7 8
7 8
7 8
7 8
7 8
7 8
7 8
7 8
7 8
7 8
7 8
7 8
7 8
7 8
7 8
7 8
7 8
7 8
7 8
7 8
7 8
7 8
7 8
7 8
7 8
7 8
7 8
7 8
7 8
7 8
7 8
7 8
7 8
7 8
7 8
7 8
7 8
7 8
7 8
7 8
7 8
7 8
7 8
7 8
7 8
7 8
7 8
7 8
7 8
7 8
7 8
7 8
7 8
7 8
7 8
7 8
7 8
7 8
7 8
7 8
7 8
7 8
7 8
7 8
7 8
7 8
7 8
7 8
7 8
7 8
7 8
7 8
7 8
7 8
7 8
7 8
7 8
7 8
7 8
7 8
7 8
7 8
7 8
7 8
7 8
7 8
7 8
7 8
7 8
7 8
7 8
7 8
7 8
7 8
7 8
7 8
7 8
7 8
7 8
7 8
7 8
7 8
7 8
7 8
7 8
7 8
7 8
7 8
7 8
7 8
7 8
7 8
7 8
7 8
7 8
7 8
7 8
7 8
7 8
7 8
7 8
7 8
7 8
7 8
7 8
7 8
7 8
7 8
7 8
7 8
7 8
7 8
7 8
7 8
7 8
7 8
7 8
7 8
7 8
7 8
7 8
7 8
7 8
7 8
7 8
7 8
7 8
7 8
7 8
7 8
7 8
7 8
7 8
7 8
7 8
7 8
7 8
7 8
7 8
7 8
7 8
7 8
7 8
7 8
7 8
7 8
7 8
7 8
7 8
7 8
7 8
7 8
7 8
7 8
7 8
7 8
7 8
7 8
7 8
7 8
7 8
7 8
7 8
7 8
7 8
7 8
7 8
7 8
7 8
7 8
7 8
7 8
7 8
7 8
7 8
7 8
7 8
7 8
7 8
7 8
7 8
7 8
7 8
7 8
7 8
7 8
7 8
7 8
7 8
7 8
7 8
7 8
7 8
7 8
7 8
7 8
7 8
7 8
7 8
7 8
7 8
7 8
7 8
7 8
7 8
7 8
7 8
7 8
7 8
7 8
7 8
7 8
7 8
7 8
7 8
7 8
7 8
7 8
7 8
7 8
7 8
7 8
7 8
7 8
7 8
7 8
7 8
7 8
7 8
7 8
7 8
7 8
7 8
7 8
7 8
7 8
7 8
7 8
7 8
7 8
7 8
7 8
7 8
7 8
7 8
7 8
7 8
7 8
7 8
7 8
7 8
7 8
7 8
7 8
7 8
7 8
7 8
7 8
7 8
7 8
7 8
7 8
7 8
7 8
7 8
7 8
7 8
7 8
7 8
7 8
7 8
7 8
7 8
7 8
7 8
7 8
7 8
7 8
7 8
7 8
7 8
7 8
7 8
7 8
7 8
7 8
7 8
7 8
7 8
7 8
7 8
7 8
7 8
7 8
7 8
7 8
7 8
7 8
7 8
7 8
7 8
7 8
7 8
7 8
7 8
7 8
7 8
7 8
7 8
7 8
7 8
7 8
7 8
7 8
7 8
7 8
7 8
7 8
7 8
7 8
7 8
7 8
7 8
7 8
7 8
7 8
7 8
7 8
7 8
7 8
7 8
7 8
7 8
7 8
7 8
7 8
7 8
7 8
7 8
7 8
7 8
7 8
7 8
7 8
7 8
7 8
7 8
7 8
7 8
7 8
7 8
7 8
7 8
7 8
7 8
7 8
7 8
7 8
7 8
7 8
7 8
7 8
7 8
7 8
7 8
7 8
7 8
7 8
7 8
7 8
7 8
7 8
7 8
7 8
7 8
7 8
7 8
7 8
7 8
7 8
7 8
7 8
7 8
7 8
7 8
7 8
7 8
7 8
7 8
7 8
7 8
7 8
7 8
7 8
7 8
7 8
7 8
7 8
7 8
7 8
7 8
7 8
7 8
7 8
7 8
7 8
7 8
7 8
7 8
7 8
7 8
7 8
7 8
7 8
7 8
7 8
7 8
7 8
7 8
7 8
7 8
7 8
7 8
7 8
7 8
7 8
7 8
7 8
7 8
7 8
7 8
7 8
7 8
7 8
7 8
7 8
7 8
7 8
7 8
7 8
7 8
7 8
7 8
7 8
7 8
7 8
7 8
7 8
7 8
7 8
7 8
7 8
7 8
7 8
7 8
7 8
7 8
7 8
7 8
7 8
7 8
7 8
7 8
7 8
7 8
7 8
7 8
7 8
7 8
7 8
7 8
7 8
7 8
7 8
7 8
7 8
7 8
7 8
7 8
7 8
7 8
7 8
7 8
7 8
7 8
7 8
7 8
7 8
7 8
7 8
7 8
7 8
7 8
7 8
7 8
7 8
7 8
7 8
7 8
7 8
7 8
7 8
7 8
7 8
7 8
7 8
7 8
7 8
7 8
7 8
7 8
7 8
7 8
7 8
7 8
7 8
7 8
7 8
7 8
7 8
7 8
7 8
7 8
7 8
7 8
7 8
7 8
7 8
7 8
7 8
7 8
7 8
7 8
7 8
7 8
7 8
7 8
7 8
7 8
7 8
7 8
7 8
7 8
7 8
7 8
7 8
7 8
7 8
7 8
7 8
7 8
7 8
7 8
7 8
7 8
7 8
7 8
7 8
7 8
7 8
7 8
7 8
7 8
7 8
7 8
7 8
7 8
7 8
7 8
7 8
7 8
7 8
7 8
7 8
7 8
7 8
7 8
7 8
7 8
7 8
7 8
7 8
7 8
7 8
7 8
7 8
7 8
7 8
7 8
7 8
7 8
7 8
7 8
7 8
7 8
7 8
7 8
7 8
7 8
7 8
7 8
7 8
7 8
7 8
7 8
7 8
7 8
7 8
7 8
7 8
7 8
7 8
7 8
7 8
7 8
7 8
7 8
7 8
7 8
7 8
7 8
7 8
7 8
7 8
7 8
7 8
7 8
7 8
7 8
7 8
7 8
7 8
7 8
7 8
7 8
7 8
7 8
7 8
7 8
7 8
7 8
7 8
7 8
7 8
7 8
7 8
7 8
7 8
7 8
7 8
7 8
7 8
7 8
7 8
7 8
7 8
7 8
7 8
7 8
7 8
7 8
7 8
7 8
7 8
7 8
7 8
7 8
7 8
7 8
7 8
7 8
7 8
7 8
7 8
7 8
7 8
7 8
7 8
7 8
7 8
7 8
7 8
7 8
7 8
7 8
7 8
7 8
7 8
7 8
7 8
7 8
7 8
7 8
7 8
7 8
7 8
7 8
7 8
7 8
7 8
7 8
7 8
7 8
7 8
7 8
7 8
7 8
7 8
7 8
7 8
7 8
7 8
7 8
7 8
7 8
7 8
7 8
7 8
7 8
7 8
7 8
7 8
7 8
7 8
7 8
7 8
7 8
7 8
7 8
7 8
7 8
7 8
7 8
7 8
7 8
7 8
7 8
7 8
7 8
7 8
7 8
7 8
7 8
7 8
7 8
7 8
7 8
7 8
7 8
7 8
7 8
7 8
7 8
7 8
7 8
7 8
7 8
7 8
7 8
7 8
7 8
7 8
7 8
7 8
7 8
7 8
7 8
7 8
7 8
7 8
7 8
7 8
7 8
7 8
7 8
7 8
7 8
7 8
7 8
7 8
7 8
7 8
7 8
7 8
7 8
7 8
7 8
7 8
7 8
7 8
7 8
7 8
7 8
7 8
7 8
7 8
7 8
7 8
7 8
7 8
7 8
7 8
7 8
7 8
7 8
7 8
7 8
7 8
7 8
7 8
7 8
7 8
7 8
7 8
7 8
7 8
7 8
7 8
7 8
7 8
7 8
7 8
7 8
7 8
7 8
7 8
7 8
7 8
7 8
7 8
7 8
7 8
7 8
7 8
7 8
7 8
7 8
7 8
7 8
7 8
7 8
7 8
7 8
7 8
7 8
7 8
7 8
7 8
7 8
7 8
7 8
7 8
7 8
7 8
7 8
7 8
7 8
7 8
7 8
7 8
7 8
7 8
7 8
7 8
7 8
7 8
7 8
7 8
7 8
7 8
7 8
7 8
7 8
7 8
7 8
7 8
7 8
7 8
7 8
7 8
7 8
7 8
7 8
7 8
7 8
7 8
7 8
7 8
7 8
7 8
7 8
7 8
7 8
7 8
7 8
7 8
7 8
7 8
7 8
7 8
7 8
7 8
7 8
7 8
7 8
7 8
7 8
7 8
7 8
7 8
7 8
7 8
7 8
7 8
7 8
7 8
7 8
7 8
7 8
7 8
7 8
7 8
7 8
7 8
7 8
7 8
7 8
7 8
7 8
7 8
7 8
7 8
7 8
7 8
7 8
7 8
7 8
7 8
7 8
7 8
7 8
7 8
7 8
7 8
7 8
7 8
7 8
7 8
7 8
7 8
7 8
7 8
7 8
7 8
7 8
7 8
7 8
7 8
7 8
7 8
7 8
7 8
7 8
7 8
7 8
7 8
7 8
7 8
7 8
7 8
7 8
7 8
7 8
7 8
7 8
7 8
7 8
7 8
7 8
7 8
7 8
7 8
7 8
7 8
7 8
7 8
7 8
7 8
7 8
7 8
7 8
7 8
7 8
7 8
7 8
7 8
7 8
7 8
7 8
7 8
7 8
7 8
7 8
7 8
7 8
7 8
7 8
7 8
7 8
7 8
7 8
7 8
7 8
7 8
7 8
7 8
7 8
7 8
7 8
7 8
7 8
7 8
7 8
7 8
7 8
7 8
7 8
7 8
7 8
7 8
7 8
7 8
7 8
7 8
7 8
7 8
7 8
7 8
7 8
7 8
7 8
7 8
7 8
7 8
7 8
7 8
7 8
7 8
7 8
7 8
7 8
7 8
7 8
7 8
7 8
7 8
7 8
7 8
7 8
7 8
7 8
7 8
7 8
7 8
7 8
7 8
7 8
7 8
7 8
7 8
7 8
7 8
7 8
7 8
7 8
7 8
7 8
7 8
7 8
7 8
7 8
7 8
7 8
7 8
7 8
7 8
7 8
7 8
7 8
7 8
7 8
7 8
7 8
7 8
7 8
7 8
7 8
7 8
7 8
7 8
7 8
7 8
7 8
7 8
7 8
7 8
7 8
7 8
7 8
7 8
7 8
7 8
7 8
7 8
7 8
7 8
7 8
7 8
7 8
7 8
7 8
7 8
7 8
7 8
7 8
7 8
7 8
7 8
7 8
7 8
7 8
7 8
7 8
7 8
7 8
7 8
7 8
7 8
7 8
7 8
7 8
7 8
7 8
7 8
7 8
7 8
7 8
7 8
7 8
7 8
7 8
7 8
7 8
7 8
7 8
7 8
7 8
7 8
7 8
7 8
7 8
7 8
7 8
7 8
7 8
7 8
7 8
7 8
7 8
7 8
7 8
7 8
7 8
7 8
7 8
7 8
7 8
7 8
7 8
7 8
7 8
7 8
7 8
7 8
7 8
7 8
7 8
7 8
7 8
7 8
7 8
7 8
7 8
7 8
7 8
7 8
7 8
7 8
7 8
7 8
7 8
7 8
7 8
7 8
7 8
7 8
7 8
7 8
7 8
7 8
7 8
7 8
7 8
7 8
7 8
7 8
7 8
7 8
7 8
7 8
7 8
7 8
7 8
7 8
7 8
7 8
7 8
7 8
7 8
7 8
7 8
7 8
7 8
7 8
7 8
7 8
7 8
7 8
7 8
7 8
7 8
7 8
7 8
7 8
7 8
7 8
7 8
7 8
7 8
7 8
7 8
7 8
7 8
7 8
7 8
7 8
7 8
7 8
7 8
7 8
7 8
7 8
7 8
7 8
7 8
7 8
7 8
7 8
7 8
7 8
7 8
7 8
7 8
7 8
7 8
7 8
7 8
7 8
7 8
7 8
7 8
7 8
7 8
7 8
7 8
7 8
7 8
7 8
7 8
7 8
7 8
7 8
7 8
7 8
7 8
7 8
7 8
7 8
7 8
7 8
7 8
7 8
7 8
7 8
7 8
7 8
7 8
7 8
7 8
7 8
7 8
7 8
7 8
7 8
7 8
7 8
7 8
7 8
7 8
7 8
7 8
7 8
7 8
7 8
7 8
7 8
7 8
7 8
7 8
7 8
7 8
7 8
7 8
7 8
7 8
7 8
7 8
7 8
7 8
7 8
7 8
7 8
7 8
7 8
7 8
7 8
7 8
7 8
7 8
7 8
7 8
7 8
7 8
7 8
7 8
7 8
7 8
7 8
7 8
7 8
7 8
7 8
7 8
7 8
7 8
7 8
7 8
7 8
7 8
7 8
7 8
7 8
7 8
7 8
7 8
7 8
7 8
7 8
7 8
7 8
7 8
7 8
7 8
7 8
7 8
7 8
7 8
7 8
7 8
7 8
7 8
7 8
7 8
7 8
7 8
7 8
7 8
7 8
7 8
7 8
7 8
7 8
7 8
7 8
7 8
7 8
7 8
7 8
7 8
7 8
7 8
7 8
7 8
7 8
7 8
7 8
7 8
7 8
7 8
7 8
7 8
7 8
7 8
7 8
7 8
7 8
7 8
7 8
7 8
7 8
7 8
7 8
7 8
7 8
7 8
7 8
7 8
7 8
7 8
7 8
7 8
7 8
7 8
7 8
7 8
7 8
7 8
7 8
7 8
7 8
7 8
7 8
7 8
7 8
7 8
7 8
7 8
7 8
7 8
7 8
7 8
7 8
7 8
7 8
7 8
7 8
7 8
7 8
7 8
7 8
7 8
7 8
7 8
7 8
7 8
7 8
7 8
7 8
7 8
7 8
7 8
7 8
7 8
7 8
7 8
7 8
7 8
7 8
7 8
7 8
7 8
7 8
7 8
7 8
7 8
7 8
7 8
7 8
7 8
7 8
7 8
7 8
7 8
7 8
7 8
7 8
7 8
7 8
7 8
7 8
7 8
7 8
7 8
7 8
7 8
7 8
7 8
7 8
7 8
7 8
7 8
7 8
7 8
7 8
7 8
7 8
7 8
7 8
7 8
7 8
7 8
7 8
7 8
7 8
7 8
7 8
7 8
7 8
7 8
7 8
7 8
7 8
7 8
7 8
7 8
7 8
7 8
7 8
7 8
7 8
7 8
7 8
7 8
7 8
7 8
7 8
7 8
7 8
7 8
7 8
7 8
7 8
7 8
7 8
7 8
7 8
7 8
7 8
7 8
7 8
7 8
7 8
7 8
7 8
7 8
7 8
7 8
7 8
7 8
7 8
7 8
7 8
7 8
7 8
7 8
7 8
7 8
7 8
7 8
7 8
7 8
7 8
7 8
7 8
7 8
7 8
7 8
7 8
7 8
7 8
7 8
7 8
7 8
7 8
7 8
7 8
7 8
7 8
7 8
7 8
7 8
7 8
7 8
7 8
7 8
7 8
7 8
7 8
7 8
7 8
7 8
7 8
7 8
7 8
7 8
7 8
7 8
7 8
7 8
7 8
7 8
7 8
7 8
7 8
7 8
7 8
7 8
7 8
7 8
7 8
7 8
7 8
7 8
7 8
7 8
7 8
7 8
7 8
7 8
7 8
7 8
7 8
7 8
7 8
7 8
7 8
7 8
7 8
7 8
7 8
7 8
7 8
7 8
7 8
7 8
7 8
7 8
7 8
7 8
7 8
7 8
7 8
7 8
7 8
7 8
7 8
7 8
7 8
7 8
7 8
7 8
7 8
7 8
7 8
7 8
7 8
7 8
7 8
7 8
7 8
7 8
7 8
7 8
7 8
7 8
7 8
7 8
7 8
7 8
7 8
7 8
7 8
7 8
7 8
7 8
7 8
7 8
7 8
7 8
7 8
7 8
7 8
7 8
7 8
7 8
7 8
7 8
7 8
7 8
7 8
7 8
7 8
7 8
7 8
7 8
7 8
7 8
7 8
7 8
7 8
7 8
7 8
7 8
7 8
7 8
7 8
7 8
7 8
7 8
7 8
7 8
7 8
7 8
7 8
7 8
7 8
7 8
7 8
7 8
7 8
7 8
7 8
7 8
7 8
7 8
7 8
7 8
7 8
7 8
7 8
7 8
7 8
7 8
7 8
7 8
7 8
7 8
7 8
7 8
7 8
7 8
7 8
7 8
7 8
7 8
7 8
7 8
7 8
7 8
7 8
7 8
7 8
7 8
7 8
7 8
7 8
7 8
7 8
7 8
7 8
7 8
7 8
7 8
7 8
7 8
7 8
7 8
7 8
7 8
7 8
7 8
7 8
7 8
7 8
7 8
7 8
7 8
7 8
7 8
7 8
7 8
7 8
7 8
7 8
7 8
7 8
7 8
7 8
7 8
7 8
7 8
7 8
7 8
7 8
7 8
7 8
7 8
7 8
7 8
7 8
7 8
7 8
7 8
7 8
7 8
7 8
7 8
7 8
7 8
7 8
7 8
7 8
7 8
7 8
7 8
7 8
7 8
7 8
7 8
7 8
7 8
7 8
7 8
7 8
7 8
7 8
7 8
7 8
7 8
7 8
7 8
7 8
7 8
7 8
7 8
7 8
7 8
7 8
7 8
7 8
7 8
7 8
7 8
7 8
7 8
7 8
7 8
7 8
7 8
7 8
7 8
7 8
7 8
7 8
7 8
7 8
7 8
7 8
7 8
7 8
7 8
7 8
7 8
7 8
7 8
7 8
7 8
7 8
7 8
7 8
7 8
7 8
7 8
7 8
7 8
7 8
7 8
7 8
7 8
7 8
7 8
7 8
7 8
7 8
7 8
7 8
7 8
7 8
7 8
7 8
7 8
7 8
7 8
7 8
7 8
7 8
7 8
7 8
7 8
7 8
7 8
7 8
7 8
7 8
7 8
7 8
7 8
7 8
7 8
7 8
7 8
7 8
7 8
7 8
7 8
7 8
7 8
7 8
7 8
7 8
7 8
7 8
7 8
7 8
7 8
7 8
7 8
7 8
7 8
7 8
7 8
7 8
7 8
7 8
7 8
7 8
7 8
7 8
7 8
7 8
7 8
7 8
7 8
7 8
7 8
7 8
7 8
7 8
7 8
7 8
7 8
7 8
7 8
7 8
7 8
7 8
7 8
7 8
7 8
7 8
7 8
7 8
7 8
7 8
7 8
7 8
7 8
7 8
7 8
7 8
7 8
7 8
7 8
7 8
7 8
7 8
7 8
7 8
7 8
7 8
7 8
7 8
7 8
7 8
7 8
7 8
7 8
7 8
7 8
7 8
7 8
7 8
7 8
7 8
7 8
7 8
7 8
7 8
7 8
7 8
7 8
7 8
7 8
7 8
7 8
7 8
7 8
7 8
7 8
7 8
7 8
7 8
7 8
7 8
7 8
7 8
7 8
7 8
7 8
7 8
7 8
7 8
7 8
7 8
7 8
7 8
7 8
7 8
7 8
7 8
7 8
7 8
7 8
7 8
7 8
7 8
7 8
7 8
7 8
7 8
7 8
7 8
7 8
7 8
7 8
7 8
7 8
7 8
7 8
7 8
7 8
7 8
7 8
7 8
7 8
7 8
7 8
7 8
7 8
7 8
7 8
7 8
7 8
7 8
7 8
7 8
7 8
7 8
7 8
7 8
7 8
7 8
7 8
7 8
7 8
7 8
7 8
7 8
7 8
7 8
7 8
7 8
7 8
7 8
7 8
7 8
7 8
7 8
7 8
7 8
7 8
7 8
7 8
7 8
7 8
7 8
7 8
7 8
7 8
7 8
7 8
7 8
7 8
7 8
7 8
7 8
7 8
7 8
7 8
7 8
7 8
7 8
7 8
7 8
7 8
7 8
7 8
7 8
7 8
7 8
7 8
7 8
7 8
7 8
7 8
7 8
7 8
7 8
7 8
7 8
7 8
7 8
7 8
7 8
7 8
7 8
7 8
7 8
7 8
7 8
7 8
7 8
7 8
7 8
7 8
7 8
7 8
7 8
7 8
7 8
7 8
7 8
7 8
7 8
7 8
7 8
7 8
7 8
7 8
7 8
7 8
7 8
7 8
7 8
7 8
7 8
7 8
7 8
7 8
7 8
7 8
7 8
7 8
7 8
7 8
7 8
7 8
7 8
7 8
7 8
7 8
7 8
7 8
7 8
7 8
7 8
7 8
7 8
7 8
7 8
7 8
7 8
7 8
7 8
7 8
7 8
7 8
7 8
7 8
7 8
7 8
7 8
7 8
7 8
7 8
7 8
7 8
7 8
7 8
7 8
7 8
7 8
7 8
7 8
7 8
7 8
7 8
7 8
7 8
7 8
7 8
7 8
7 8
7 8
7 8
7 8
7 8
7 8
7 8
7 8
7 8
7 8
7 8
7 8
7 8
7 8
7 8
7 8
7 8
7 8
7 8
7 8
7 8
7 8
7 8
7 8
7 8
7 8
7 8
7 8
7 8
7 8
7 8
7 8
7 8
7 8
7 8
7 8
7 8
7 8
7 8
7 8
7 8
7 8
7 8
7 8
7 8
7 8
7 8
7 8
7 8
7 8
7 8
7 8
7 8
7 8
7 8
7 8
7 8
7 8
7 8
7 8
7 8
7 8
7 8
7 8
7 8
7 8
7 8
7 8
7 8
7 8
7 8
7 8
7 8
7 8
7 8
7 8
7 8
7 8
7 8
7 8
7 8
7 8
7 8
7 8
7 8
7 8
7 8
7 8
7 8
7 8
7 8
7 8
7 8
7 8
7 8
7 8
7 8
7 8
7 8
7 8
7 8
7 8
7 8
7 8
7 8
7 8
7 8
7 8
7 8
7 8
7 8
7 8
7 8
7 8
7 8
7 8
7 8
7 8
7 8
7 8
7 8
7 8
7 8
7 8
7 8
7 8
7 8
7 8
7 8
7 8
7 8
7 8
7 8
7 8
7 8
7 8
7 8
7 8
7 8
7 8
7 8
7 8
7 8
7 8
7 8
7 8
7 8
7 8
7 8
7 8
7 8
7 8
7 8
7 8
7 8
7 8
7 8
7 8
7 8
7 8
7 8
7 8
7 8
7 8
7 8
7 8
7 8
7 8
7 8
7 8
7 8
7 8
7 8
7 8
7 8
7 8
7 8
7 8
7 8
7 8
7 8
7 8
7 8
7 8
7 8
7 8
7 8
7 8
7 8
7 8
7 8
7 8
7 8
7 8
7 8
7 8
7 8
7 8
7 8
7 8
7 8
7 8
7 8
7 8
7 8
7 8
7 8
7 8
7 8
7 8
7 8
7 8
7 8
7 8
7 8
7 8
7 8
7 8
7 8
7 8
7 8
7 8
7 8
7 8
7 8
7 8
7 8
7 8
7 8
7 8
7 8
7 8
7 8
7 8
7 8
7 8
7 8
7 8
7 8
7 8
7 8
7 8
7 8
7 8
7 8
7 8
7 8
7 8
7 8
7 8
7 8
7 8
7 8
7 8
7 8
7 8
7 8
7 8
7 8
7 8
7 8
7 8
7 8
7 8
7 8
7 8
7 8
7 8
7 8
7 8
7 8
7 8
7 8
7 8
7 8
7 8
7 8
7 8
7 8
7 8
7 8
7 8
7 8
7 8
7 8
7 8
7 8
7 8
7 8
7 8
7 8
7 8
7 8
7 8
7 8
7 8
7 8
7 8
7 8
7 8
7 8
7 8
7 8
7 8
7 8
7 8
7 8
7 8
7 8
7 8
7 8
7 8
7 8
7 8
7 8
7 8
7 8
7 8
7 8
7 8
7 8
7 8
7 8
7 8
7 8
7 8
7 8
7 8
7 8
7 8
7 8
7 8
7 8
7 8
7 8
7 8
7 8
7 8
7 8
7 8
7 8
7 8
7 8
7 8
7 8
7 8
7 8
7 8
7 8
7 8
7 8
7 8
7 8
7 8
7 8
7 8
7 8
7 8
7 8
7 8
7 8
7 8
7 8
7 8
7 8
7 8
7 8
7 8
7 8
7 8
7 8
7 8
7 8
7 8
7 8
7 8
7 8
7 8
7 8
7 8
7 8
7 8
7 8
7 8
7 8
7 8
7 8
7 8
7 8
7 8
7 8
7 8
7 8
7 8
7 8
7 8
7 8
7 8
7 8
7 8
7 8
7 8
7 8
7 8
7 8
7 8
7 8
7 8
7 8
7 8
7 8
7 8
7 8
7 8
7 8
7 8
7 8
7 8
7 8
7 8
7 8
7 8
7 8
7 8
7 8
7 8
7 8
7 8
7 8
7 8
7 8
7 8
7 8
7 8
7 8
7 8
7 8
7 8
7 8
7 8
7 8
7 8
7 8
7 8
7 8
7 8
7 8
7 8
7 8
7 8
7 8
7 8
7 8
7 8
7 8
7 8
7 8
7 8
7 8
7 8
7 8
7 8
7 8
7 8
7 8
7 8
7 8
7 8
7 8
7 8
7 8
7 8
7 8
7 8
7 8
7 8
7 8
7 8
7 8
7 8
7 8
7 8
7 8
7 8
7 8
7 8
7 8
7 8
7 8
7 8
7 8
7 8
7 8
7 8
7 8
7 8
7 8
7 8
7 8
7 8
7 8
7 8
7 8
7 8
7 8
7 8
7 8
7 8
7 8
7 8
7 8
7 8
7 8
7 8
7 8
7 8
7 8
7 8
7 8
7 8
7 8
7 8
7 8
7 8
7 8
7 8
7 8
7 8
7 8
7 8
7 8
7 8
7 8
7 8
7 8
7 8
7 8
7 8
7 8
7 8
7 8
7 8
7 8
7 8
7 8
7 8
7 8
7 8
7 8
7 8
7 8
7 8
7 8
7 8
7 8
7 8
7 8
7 8
7 8
7 8
7 8
7 8
7 8
7 8
7 8
7 8
7 8
7 8
7 8
7 8
7 8
7 8
7 8
7 8
7 8
7 8
7 8
7 8
7 8
7 8
7 8
7 8
7 8
7 8
7 8
7 8
7 8
7 8
7 8
7 8
7 8
7 8
7 8
7 8
7 8
7 8
7 8
7 8
7 8
7 8
7 8
7 8
7 8
7 8
7 8
7 8
7 8
7 8
7 8
7 8
7 8
7 8
7 8
7 8
7 8
7 8
7 8
7 8
7 8
7 8
7 8
7 8
7 8
7 8
7 8
7 8
7 8
7 8
7 8
7 8
7 8
7 8
7 8
7 8
7 8
7 8
7 8
7 8
7 8
7 8
7 8
7 8
7 8
7 8
7 8
7 8
7 8
7 8
7 8
7 8
7 8
7 8
7 8
7 8
7 8
7 8
7 8
7 8
7 8
7 8
7 8
7 8
7 8
7 8
7 8
7 8
7 8
7 8
7 8
7 8
7 8
7 8
7 8
7 8
7 8
7 8
7 8
7 8
7 8
7 8
7 8
7 8
7 8
7 8
7 8
7 8
7 8
7 8
7 8
7 8
7 8
7 8
7 8
7 8
7 8
7 8
7 8
7 8
7 8
7 8
7 8
7 8
7 8
7 8
7 8
7 8
7 8
7 8
7 8
7 8
7 8
7 8
7 8
7 8
7 8
7 8
7 8
7 8
7 8
7 8
7 8
7 8
7 8
7 8
7 8
7 8
7 8
7 8
7 8
7 8
7 8
7 8
7 8
7 8
7 8
7 8
7 8
7 8
7 8
7 8
7 8
7 8
7 8
7 8
7 8
7 8
7 8
7 8
7 8
7 8
7 8
7 8
7 8
7 8
7 8
7 8
7 8
7 8
7 8
7 8
7 8
7 8
7 8
7 8
7 8
7 8
7 8
7 8
7 8
7 8
7 8
7 8
7 8
7 8
7 8
7 8
7 8
7 8
7 8
7 8
7 8
7 8
7 8
7 8
7 8
7 8
7 8
7 8
7 8
7 8
7 8
7 8
7 8
7 8
7 8
7 8
7 8
7 8
7 8
7 8
7 8
7 8
7 8
7 8
7 8
7 8
7 8
7 8
7 8
7 8
7 8
7 8
7 8
7 8
7 8
7 8
7 8
7 8
7 8
7 8
7 8
7 8
7 8
7 8
7 8
7 8
7 8
7 8
7 8
7 8
7 8
7 8
7 8
7 8
7 8
7 8
7 8
7 8
7 8
7 8
7 8
7 8
7 8
7 8
7 8
7 8
7 8
7 8
7 8
7 8
7 8
7 8
7 8
7 8
7 8
7 8
7 8
7 8
7 8
7 8
7 8
7 8
7 8
7 8
7 8
7 8
7 8
7 8
7 8
7 8
7 8
7 8
7 8
7 8
7 8
7 8
7 8
7 8
7 8
7 8
7 8
7 8
7 8
7 8
7 8
7 8
7 8
7 8
7 8
7 8
7 8
7 8
7 8
7 8
7 8
7 8
7 8
7 8
7 8
7 8
7 8
7 8
7 8
7 8
7 8
7 8
7 8
7 8
7 8
7 8
7 8
7 8
7 8
7 8
7 8
7 8
7 8
7 8
7 8
7 8
7 8
7 8
7 8
7 8
7 8
7 8
7 8
7 8
7 8
7 8
7 8
7 8
7 8
7 8
7 8
7 8
7 8
7 8
7 8
7 8
7 8
7 8
7 8
7 8
7 8
7 8
7 8
7 8
7 8
7 8
7 8
7 8
7 8
7 8
7 8
7 8
7 8
7 8
7 8
7 8
7 8
7 8
7 8
7 8
7 8
7 8
7 8
7 8
7 8
7 8
7 8
7 8
7 8
7 8
7 8
7 8
7 8
7 8
7 8
7 8
7 8
7 8
7 8
7 8
7 8
7 8
7 8
7 8
7 8
7 8
7 8
7 8
7 8
7 8
7 8
7 8
7 8
7 8
7 8
7 8
7 8
7 8
7 8
7 8
7 8
7 8
7 8
7 8
7 8
7 8
7 8
7 8
7 8
7 8
7 8
7 8
7 8
7 8
7 8
7 8
7 8
7 8
7 8
7 8
7 8
7 8
7 8
7 8
7 8
7 8
7 8
7 8
7 8
7 8
7 8
7 8
7 8
7 8
7 8
7 8
7 8
7 8
7 8
7 8
7 8
7 8
7 8
7 8
7 8
7 8
7 8
7 8
7 8
7 8
7 8
7 8
7 8
7 8
7 8
7 8
7 8
7 8
7 8
7 8
7 8
7 8
7 8
7 8
7 8
7 8
7 8
7 8
7 8
7 8
7 8
7 8
7 8
7 8
7 8
7 8
7 8
7 8
7 8
7 8
7 8
7 8
7 8
7 8
7 8
7 8
7 8
7 8
7 8
7 8
7 8
7 8
7 8
7 8
7 8
7 8
7 8
7 8
7 8
7 8
7 8
7 8
7 8
7 8
7 8
7 8
7 8
7 8
7 8
7 8
7 8
7 8
7 8
7 8
7 8
7 8
7 8
7 8
7 8
7 8
7 8
7 8
7 8
7 8
7 8
7 8
7 8
7 8
7 8
7 8
7 8
7 8
7 8
7 8
7 8
7 8
7 8
7 8
7 8
7 8
7 8
7 8
7 8
7 8
7 8
7 8
7 8
7 8
7 8
7 8
7 8
7 8
7 8
7 8
7 8
7 8
7 8
7 8
7 8
7 8
7 8
7 8
7 8
7 8
7 8
7 8
7 8
7 8
7 8
7 8
7 8
7 8
7 8
7 8
7 8
7 8
7 8
7 8
7 8
7 8
7 8
7 8
7 8
7 8
7 8
7 8
7 8
7 8
7 8
7 8
7 8
7 8
7 8
7 8
7 8
7 8
7 8
7 8
7 8
7 8
7 8
7 8
7 8
7 8
7 8
7 8
7 8
7 8
7 8
7 8
7 8
7 8
7 8
7 8
7 8
7 8
7 8
7 8
7 8
7 8
7 8
7 8
7 8
7 8
7 8
7 8
7 8
7 8
7 8
7 8
7 8
7 8
7 8
7 8
7 8
7 8
7 8
7 8
7 8
7 8
7 8
7 8
7 8
7 8
7 8
7 8
7 8
7 8
7 8
7 8
7 8
7 8
7 8
7 8
7 8
7 8
7 8
7 8
7 8
7 8
7 8
7 8
7 8
7 8
7 8
7 8
7 8
7 8
7 8
7 8
7 8
7 8
7 8
7 8
7 8
7 8
7 8
7 8
7 8
7 8
7 8
7 8
7 8
7 8
7 8
7 8
7 8
7 8
7 8
7 8
7 8
7 8
7 8
7 8
7 8
7 8
7 8
7 8
7 8
7 8
7 8
7 8
7 8
7 8
7 8
7 8
7 8
7 8
7 8
7 8
7 8
7 8
7 8
7 8
7 8
7 8
7 8
7 8
7 8
7 8
7 8
7 8
7 8
7 8
7 8
7 8
7 8
7 8
7 8
7 8
7 8
7 8
7 8
7 8
7 8
7 8
7 8
7 8
7 8
7 8
7 8
7 8
7 8
7 8
7 8
7 8
7 8
7 8
7 8
7 8
7 8
7 8
7 8
7 8
7 8
7 8
7 8
7 8
7 8
7 8
7 8
7 8
7 8
7 8
7 8
7 8
7 8
7 8
7 8
7 8
7 8
7 8
7 8
7 8
7 8
7 8
7 8
7 8
7 8
7 8
7 8
7 8
7 8
7 8
7 8
7 8
7 8
7 8
7 8
7 8
7 8
7 8
7 8
7 8
7 8
7 8
7 8
7 8
7 8
7 8
7 8
7 8
7 8
7 8
7 8
7 8
7 8
7 8
7 8
7 8
7 8
7 8
7 8
7 8
7 8
7 8
7 8
7 8
7 8
7 8
7 8
7 8
7 8
7 8
7 8
7 8
7 8
7 8
7 8
7 8
7 8
7 8
7 8
7 8
7 8
7 8
7 8
7 8
7 8
7 8
7 8
7 8
7 8
7 8
7 8
7 8
7 8
7 8
7 8
7 8
7 8
7 8
7 8
7 8
7 8
7 8
7 8
7 8
7 8
7 8
7 8
7 8
7 8
7 8
7 8
7 8
7 8
7 8
7 8
7 8
7 8
7 8
7 8
7 8
7 8
7 8
7 8
7 8
7 8
7 8
7 8
7 8
7 8
7 8
7 8
7 8
7 8
7 8
7 8
7 8
7 8
7 8
7 8
7 8
7 8
7 8
7 8
7 8
7 8
7 8
7 8
7 8
7 8
7 8
7 8
7 8
7 8
7 8
7 8
7 8
7 8
7 8
7 8
7 8
7 8
7 8
7 8
7 8
7 8
7 8
7 8
7 8
7 8
7 8
7 8
7 8
7 8
7 8
7 8
7 8
7 8
7 8
7 8
7 8
7 8
7 8
7 8
7 8
7 8
7 8
7 8
7 8
7 8
7 8
7 8
7 8
7 8
7 8
7 8
7 8
7 8
7 8
7 8
7 8
7 8
7 8
7 8
7 8
7 8
7 8
7 8
7 8
7 8
7 8
7 8
7 8
7 8
7 8
7 8
7 8
7 8
7 8
7 8
7 8
7 8
7 8
7 8
7 8
7 8
7 8
7 8
7 8
7 8
7 8
7 8
7 8
7 8
7 8
7 8
7 8
7 8
7 8
7 8
7 8
7 8
7 8
7 8
7 8
7 8
7 8
7 8
7 8
7 8
7 8
7 8
7 8
7 8
7 8
7 8
7 8
7 8
7 8
7 8
7 8
7 8
7 8
7 8
7 8
7 8
7 8
7 8
7 8
7 8
7 8
7 8
7 8
7 8
7 8
7 8
7 8
7 8
7 8
7 8
7 8
7 8
7 8
7 8
7 8
7 8
7 8
7 8
7 8
7 8
7 8
7 8
7 8
7 8
7 8
7 8
7 8
7 8
7 8
7 8
7 8
7 8
7 8
7 8
7 8
7 8
7 8
7 8
7 8
7 8
7 8
7 8
7 8
7 8
7 8
7 8
7 8
7 8
7 8
7 8
7 8
7 8
7 8
7 8
7 8
7 8
7 8
7 8
7 8
7 8
7 8
7 8
7 8
7 8
7 8
7 8
7 8
7 8
7 8
7 8
7 8
7 8
7 8
7 8
7 8
7 8
7 8
7 8
7 8
7 8
7 8
7 8
7 8
7 8
7 8
7 8
7 8
7 8
7 8
7 8
7 8
7 8
7 8
7 8
7 8
7 8
7 8
7 8
7 8
7 8
7 8
7 8
7 8
7 8
7 8
7 8
7 8
7 8
7 8
7 8
7 8
7 8
7 8
7 8
7 8
7 8
7 8
7 8
7 8
7 8
7 8
7 8
7 8
7 8
7 8
7 8
7 8
7 8
7 8
7 8
7 8
7 8
7 8
7 8
7 8
7 8
7 8
7 8
7 8
7 8
7 8
7 8
7 8
7 8
7 8
7 8
7 8
7 8
7 8
7 8
7 8
7 8
7 8
7 8
7 8
7 8
7 8
7 8
7 8
7 8
7 8
7 8
7 8
7 8
7 8
7 8
7 8
7 8
7 8
7 8
7 8
7 8
7 8
7 8
7 8
7 8
7 8
7 8
7 8
7 8
7 8
7 8
7 8
7 8
7 8
7 8
7 8
7 8
7 8
7 8
7 8
7 8
7 8
7 8
7 8
7 8
7 8
7 8
7 8
7 8
7 8
7 8
7 8
7 8
7 8
7 8
7 8
7 8
7 8
7 8
7 8
7 8
7 8
7 8
7 8
7 8
7 8
7 8
7 8
7 8
7 8
7 8
7 8
7 8
7 8
7 8
7 8
7 8
7 8
7 8
7 8
7 8
7 8
7 8
7 8
7 8
7 8
7 8
7 8
7 8
7 8
7 8
7 8
7 8
7 8
7 8
7 8
7 8
7 8
7 8
7 8
7 8
7 8
7 8
7 8
7 8
7 8
7 8
7 8
7 8
7 8
7 8
7 8
7 8
7 8
7 8
7 8
7 8
7 8
7 8
7 8
7 8
7 8
7 8
7 8
7 8
7 8
7 8
7 8
7 8
7 8
7 8
7 8
7 8
7 8
7 8
7 8
7 8
7 8
7 8
7 8
7 8
7 8
7 8
7 8
7 8
7 8
7 8
7 8
7 8
7 8
7 8
7 8
7 8
7 8
7 8
7 8
7 8
7 8
7 8
7 8
7 8
7 8
7 8
7 8
7 8
7 8
7 8
7 8
7 8
7 8
7 8
7 8
7 8
7 8
7 8
7 8
7 8
7 8
7 8
7 8
7 8
7 8
7 8
7 8
7 8
7 8
7 8
7 8
7 8
7 8
7 8
7 8
7 8
7 8
7 8
7 8
7 8
7 8
7 8
7 8
7 8
7 8
7 8
7 8
7 8
7 8
7 8
7 8
7 8
7 8
7 8
7 8
7 8
7 8
7 8
7 8
7 8
7 8
7 8
7 8
7 8
7 8
7 8
7 8
7 8
7 8
7 8
7 8
7 8
7 8
7 8
7 8
7 8
7 8
7 8
7 8
7 8
7 8
7 8
7 8
7 8
7 8
7 8
7 8
7 8
7 8
7 8
7 8
7 8
7 8
7 8
7 8
7 8
7 8
7 8
7 8
7 8
7 8
7 8
7 8
7 8
7 8
7 8
7 8
7 8
7 8
7 8
7 8
7 8
7 8
7 8
7 8
7 8
7 8
7 8
7 8
7 8
7 8
7 8
7 8
7 8
7 8
7 8
7 8
7 8
7 8
7 8
7 8
7 8
7 8
7 8
7 8
7 8
7 8
7 8
7 8
7 8
7 8
7 8
7 8
7 8
7 8
7 8
7 8
7 8
7 8
7 8
7 8
7 8
7 8
7 8
7 8
7 8
7 8
7 8
7 8
7 8
7 8
7 8
7 8
7 8
7 8
7 8
7 8
7 8
7 8
7 8
7 8
7 8
7 8
7 8
7 8
7 8
7 8
7 8
7 8
7 8
7 8
7 8
7 8
7 8
7 8
7 8
7 8
7 8
7 8
7 8
7 8
7 8
7 8
7 8
康
23594
0 500
0 500
0 500
0 500
0 500
0 500
0 500
0 500
0 500
0 500
0 500
0 500
0 500
0 500
0 500
0 500
0 500
0 500
0 500
0 500
0 500
0 500
0 500
0 500
0 500
0 500
0 500
0 500
0 500
0 500
0 500
0 500
0 500
0 500
0 500
0 500
0 500
0 500
0 500
0 500
0 500
0 500
0 500
0 500
0 500
0 500
0 500
0 500
0 500
0 500
0 500
0 500
0 500
0 500
0 500
0 500
0 500
0 500
0 500
0 500
0 500
0 500
0 500
0 500
0 500
0 500
0 500
0 500
0 500
0 500
0 500
0 500
0 500
0 500
0 500
0 500
0 500
0 500
0 500
0 500
0 500
0 500
0 500
0 500
1 499
1 499
1 499
1 499
1 499
1 499
1 499
1 499
1 499
1 499
1 499
1 499
1 499
1 499
1 499
1 499
1 499
1 499
1 499
1 499
1 499
1 499
1 499
1 499
1 499
1 499
1 499
1 499
1 499
1 499
1 499
1 499
1 499
1 499
1 499
1 499
1 499
1 499
1 499
1 499
1 499
1 499
1 499
1 499
1 499
1 499
1 499
1 499
1 499
1 499
1 499
1 499
1 499
1 499
1 499
1 499
1 499
1 499
1 499
1 499
1 499
1 499
1 499
1 499
1 499
1 499
1 499
1 499
1 499
1 499
1 499
1 499
1 499
1 499
1 499
1 499
1 499
1 499
1 499
1 499
1 499
1 499
1 499
1 499
1 499
1 499
1 499
1 499
1 499
1 499
1 499
1 499
1 499
1 499
1 499
1 499
1 499
1 499
1 499
1 499
1 499
1 499
1 499
1 499
1 499
1 499
1 499
2 498
2 498
2 498
2 498
2 498
2 498
2 498
2 498
2 498
2 498
2 498
2 498
2 498
2 498
2 498
2 498
2 498
2 498
2 498
2 498
2 498
2 498
2 498
2 498
2 498
2 498
2 498
2 498
2 498
2 498
2 498
2 498
2 498
2 498
2 498
2 498
2 498
2 498
2 498
2 498
2 498
2 498
2 498
2 498
2 498
2 498
2 498
2 498
2 498
2 498
2 498
2 498
2 498
2 498
2 498
2 498
2 498
2 498
2 498
2 498
2 498
2 498
2 498
2 498
2 498
2 498
2 498
2 498
2 498
2 498
2 498
2 498
2 498
2 498
2 498
2 498
2 498
2 498
2 498
2 498
2 498
2 498
2 498
2 498
2 498
2 498
2 498
2 498
2 498
2 498
2 498
2 498
2 498
3 497
3 497
3 497
3 497
3 497
3 497
3 497
3 497
3 497
3 497
3 497
3 497
3 497
3 497
3 497
3 497
3 497
3 497
3 497
3 497
3 497
3 497
3 497
3 497
3 497
3 497
3 497
3 497
3 497
3 497
3 497
3 497
3 497
3 497
3 497
3 497
3 497
3 497
3 497
3 497
3 497
3 497
3 497
3 497
3 497
3 497
3 497
3 497
3 497
3 497
3 497
3 497
3 497
3 497
3 497
3 497
3 497
3 497
3 497
3 497
3 497
3 497
3 497
3 497
3 497
3 497
3 497
3 497
3 497
3 497
3 497
3 497
3 497
3 497
3 497
3 497
3 497
3 497
3 497
3 497
3 497
3 497
3 497
3 497
3 497
3 497
3 497
4 496
4 496
4 496
4 496
4 496
4 496
4 496
4 496
4 496
4 496
4 496
4 496
4 496
4 496
4 496
4 496
4 496
4 496
4 496
4 496
4 496
4 496
4 496
4 496
4 496
4 496
4 496
4 496
4 496
4 496
4 496
4 496
4 496
4 496
4 496
4 496
4 496
4 496
4 496
4 496
4 496
4 496
4 496
4 496
4 496
4 496
4 496
4 496
4 496
4 496
4 496
4 496
4 496
4 496
4 496
4 496
4 496
4 496
4 496
4 496
4 496
4 496
4 496
4 496
4 496
4 496
4 496
4 496
4 496
4 496
4 496
4 496
4 496
4 496
4 496
4 496
4 496
4 496
4 496
4 496
4 496
4 496
4 496
4 496
4 496
4 496
4 496
4 496
4 496
4 496
4 496
4 496
4 496
4 496
4 496
4 496
4 496
4 496
4 496
4 496
4 496
5 495
5 495
5 495
5 495
5 495
5 495
5 495
5 495
5 495
5 495
5 495
5 495
5 495
5 495
5 495
5 495
5 495
5 495
5 495
5 495
5 495
5 495
5 495
5 495
5 495
5 495
5 495
5 495
5 495
5 495
5 495
5 495
5 495
5 495
5 495
5 495
5 495
5 495
5 495
5 495
5 495
5 495
5 495
5 495
5 495
5 495
5 495
5 495
5 495
5 495
5 495
5 495
5 495
5 495
5 495
5 495
5 495
5 495
5 495
5 495
5 495
5 495
5 495
5 495
5 495
5 495
5 495
5 495
5 495
5 495
5 495
5 495
5 495
5 495
5 495
5 495
5 495
5 495
5 495
5 495
5 495
5 495
5 495
5 495
5 495
5 495
6 494
6 494
6 494
6 494
6 494
6 494
6 494
6 494
6 494
6 494
6 494
6 494
6 494
6 494
6 494
6 494
6 494
6 494
6 494
6 494
6 494
6 494
6 494
6 494
6 494
6 494
6 494
6 494
6 494
6 494
6 494
6 494
6 494
6 494
6 494
6 494
6 494
6 494
6 494
6 494
6 494
6 494
6 494
6 494
6 494
6 494
6 494
6 494
6 494
6 494
6 494
6 494
6 494
6 494
6 494
6 494
6 494
6 494
6 494
6 494
6 494
6 494
6 494
6 494
6 494
6 494
6 494
6 494
6 494
6 494
6 494
6 494
6 494
6 494
6 494
6 494
6 494
6 494
6 494
6 494
6 494
6 494
6 494
6 494
6 494
6 494
6 494
6 494
6 494
6 494
6 494
7 493
7 493
7 493
7 493
7 493
7 493
7 493
7 493
7 493
7 493
7 493
7 493
7 493
7 493
7 493
7 493
7 493
7 493
7 493
7 493
7 493
7 493
7 493
7 493
7 493
7 493
7 493
7 493
7 493
7 493
7 493
7 493
7 493
7 493
7 493
7 493
7 493
7 493
7 493
7 493
7 493
7 493
7 493
7 493
7 493
7 493
7 493
7 493
7 493
7 493
7 493
7 493
7 493
7 493
7 493
7 493
7 493
7 493
7 493
7 493
7 493
7 493
7 493
7 493
7 493
7 493
7 493
7 493
7 493
7 493
7 493
7 493
7 493
7 493
7 493
7 493
7 493
7 493
7 493
7 493
7 493
7 493
7 493
7 493
7 493
7 493
7 493
7 493
7 493
7 493
7 493
7 493
7 493
7 493
8 492
8 492
8 492
8 492
8 492
8 492
8 492
8 492
8 492
8 492
8 492
8 492
8 492
8 492
8 492
8 492
8 492
8 492
8 492
8 492
8 492
8 492
8 492
8 492
8 492
8 492
8 492
8 492
8 492
8 492
8 492
8 492
8 492
8 492
8 492
8 492
8 492
8 492
8 492
8 492
8 492
8 492
8 492
8 492
8 492
8 492
8 492
8 492
8 492
8 492
8 492
8 492
8 492
8 492
8 492
8 492
8 492
8 492
8 492
8 492
8 492
8 492
8 492
8 492
8 492
8 492
8 492
8 492
8 492
8 492
8 492
8 492
8 492
8 492
8 492
8 492
8 492
8 492
8 492
8 492
8 492
8 492
8 492
8 492
8 492
8 492
8 492
8 492
8 492
8 492
8 492
8 492
8 492
8 492
9 491
9 491
9 491
9 491
9 491
9 491
9 491
9 491
9 491
9 491
9 491
9 491
9 491
9 491
9 491
9 491
9 491
9 491
9 491
9 491
9 491
9 491
9 491
9 491
9 491
9 491
9 491
9 491
9 491
9 491
9 491
9 491
9 491
9 491
9 491
9 491
9 491
9 491
9 491
9 491
9 491
9 491
9 491
9 491
9 491
9 491
9 491
9 491
9 491
9 491
9 491
9 491
9 491
9 491
9 491
9 491
9 491
9 491
9 491
9 491
9 491
9 491
9 491
9 491
9 491
9 491
9 491
9 491
9 491
9 491
9 491
9 491
9 491
9 491
9 491
9 491
9 491
9 491
9 491
9 491
9 491
9 491
9 491
9 491
9 491
9 491
9 491
9 491
9 491
9 491
9 491
9 491
9 491
9 491
9 491
9 491
9 491
9 491
9 491
9 491
9 491
9 491
9 491
9 491
9 491
10 490
10 490
10 490
10 490
10 490
10 490
10 490
10 490
10 490
10 490
10 490
10 490
10 490
10 490
10 490
10 490
10 490
10 490
10 490
10 490
10 490
10 490
10 490
10 490
10 490
10 490
10 490
10 490
10 490
10 490
10 490
10 490
10 490
10 490
10 490
10 490
10 490
10 490
10 490
10 490
10 490
10 490
10 490
10 490
10 490
10 490
10 490
10 490
10 490
10 490
10 490
10 490
10 490
10 490
10 490
10 490
10 490
10 490
10 490
10 490
10 490
10 490
10 490
10 490
10 490
10 490
10 490
10 490
10 490
10 490
10 490
10 490
10 490
10 490
10 490
10 490
10 490
10 490
10 490
10 490
10 490
10 490
10 490
10 490
10 490
10 490
10 490
10 490
10 490
10 490
10 490
10 490
10 490
10 490
11 489
11 489
11 489
11 489
11 489
11 489
11 489
11 489
11 489
11 489
11 489
11 489
11 489
11 489
11 489
11 489
11 489
11 489
11 489
11 489
11 489
11 489
11 489
11 489
11 489
11 489
11 489
11 489
11 489
11 489
11 489
11 489
11 489
11 489
11 489
11 489
11 489
11 489
11 489
11 489
11 489
11 489
11 489
11 489
11 489
11 489
11 489
11 489
11 489
11 489
11 489
11 489
11 489
11 489
11 489
11 489
11 489
11 489
11 489
11 489
11 489
11 489
11 489
11 489
11 489
11 489
11 489
11 489
11 489
11 489
11 489
11 489
11 489
11 489
11 489
11 489
11 489
11 489
11 489
11 489
11 489
11 489
11 489
11 489
11 489
11 489
11 489
11 489
11 489
11 489
11 489
11 489
12 488
12 488
12 488
12 488
12 488
12 488
12 488
12 488
12 488
12 488
12 488
12 488
12 488
12 488
12 488
12 488
12 488
12 488
12 488
12 488
12 488
12 488
12 488
12 488
12 488
12 488
12 488
12 488
12 488
12 488
12 488
12 488
12 488
12 488
12 488
12 488
12 488
12 488
12 488
12 488
12 488
12 488
12 488
12 488
12 488
12 488
12 488
12 488
12 488
12 488
12 488
12 488
12 488
12 488
12 488
12 488
12 488
12 488
12 488
12 488
12 488
12 488
12 488
12 488
12 488
12 488
12 488
12 488
12 488
12 488
12 488
12 488
12 488
12 488
12 488
12 488
12 488
12 488
12 488
12 488
12 488
12 488
12 488
12 488
12 488
12 488
12 488
12 488
12 488
12 488
12 488
12 488
12 488
12 488
12 488
12 488
12 488
12 488
12 488
12 488
12 488
12 488
12 488
13 487
13 487
13 487
13 487
13 487
13 487
13 487
13 487
13 487
13 487
13 487
13 487
13 487
13 487
13 487
13 487
13 487
13 487
13 487
13 487
13 487
13 487
13 487
13 487
13 487
13 487
13 487
13 487
13 487
13 487
13 487
13 487
13 487
13 487
13 487
13 487
13 487
13 487
13 487
13 487
13 487
13 487
13 487
13 487
13 487
13 487
13 487
13 487
13 487
13 487
13 487
13 487
13 487
13 487
13 487
13 487
13 487
13 487
13 487
13 487
13 487
13 487
13 487
13 487
13 487
13 487
13 487
13 487
13 487
13 487
13 487
13 487
13 487
13 487
13 487
13 487
13 487
13 487
13 487
13 487
13 487
13 487
13 487
13 487
13 487
13 487
13 487
13 487
13 487
13 487
14 486
14 486
14 486
14 486
14 486
14 486
14 486
14 486
14 486
14 486
14 486
14 486
14 486
14 486
14 486
14 486
14 486
14 486
14 486
14 486
14 486
14 486
14 486
14 486
14 486
14 486
14 486
14 486
14 486
14 486
14 486
14 486
14 486
14 486
14 486
14 486
14 486
14 486
14 486
14 486
14 486
14 486
14 486
14 486
14 486
14 486
14 486
14 486
14 486
14 486
14 486
14 486
14 486
14 486
14 486
14 486
14 486
14 486
14 486
14 486
14 486
14 486
14 486
14 486
14 486
14 486
14 486
14 486
14 486
14 486
14 486
14 486
14 486
14 486
14 486
14 486
14 486
14 486
14 486
14 486
14 486
14 486
14 486
14 486
14 486
14 486
14 486
14 486
14 486
14 486
14 486
14 486
14 486
14 486
14 486
14 486
14 486
14 486
15 485
15 485
15 485
15 485
15 485
15 485
15 485
15 485
15 485
15 485
15 485
15 485
15 485
15 485
15 485
15 485
15 485
15 485
15 485
15 485
15 485
15 485
15 485
15 485
15 485
15 485
15 485
15 485
15 485
15 485
15 485
15 485
15 485
15 485
15 485
15 485
15 485
15 485
15 485
15 485
15 485
15 485
15 485
15 485
15 485
15 485
15 485
15 485
15 485
15 485
15 485
15 485
15 485
15 485
15 485
15 485
15 485
15 485
15 485
15 485
15 485
15 485
15 485
15 485
15 485
15 485
15 485
15 485
15 485
15 485
15 485
15 485
15 485
15 485
15 485
15 485
15 485
15 485
15 485
15 485
15 485
15 485
15 485
15 485
15 485
15 485
15 485
15 485
15 485
16 484
16 484
16 484
16 484
16 484
16 484
16 484
16 484
16 484
16 484
16 484
16 484
16 484
16 484
16 484
16 484
16 484
16 484
16 484
16 484
16 484
16 484
16 484
16 484
16 484
16 484
16 484
16 484
16 484
16 484
16 484
16 484
16 484
16 484
16 484
16 484
16 484
16 484
16 484
16 484
16 484
16 484
16 484
16 484
16 484
16 484
16 484
16 484
16 484
16 484
16 484
16 484
16 484
16 484
16 484
16 484
16 484
16 484
16 484
16 484
16 484
16 484
16 484
16 484
16 484
16 484
16 484
16 484
16 484
16 484
16 484
16 484
16 484
16 484
16 484
16 484
16 484
16 484
16 484
16 484
16 484
16 484
16 484
16 484
16 484
16 484
16 484
16 484
16 484
16 484
16 484
16 484
16 484
16 484
16 484
17 483
17 483
17 483
17 483
17 483
17 483
17 483
17 483
17 483
17 483
17 483
17 483
17 483
17 483
17 483
17 483
17 483
17 483
17 483
17 483
17 483
17 483
17 483
17 483
17 483
17 483
17 483
17 483
17 483
17 483
17 483
17 483
17 483
17 483
17 483
17 483
17 483
17 483
17 483
17 483
17 483
17 483
17 483
17 483
17 483
17 483
17 483
17 483
17 483
17 483
17 483
17 483
17 483
17 483
17 483
17 483
17 483
17 483
17 483
17 483
17 483
17 483
17 483
17 483
17 483
17 483
17 483
17 483
17 483
17 483
17 483
17 483
17 483
17 483
17 483
17 483
17 483
17 483
17 483
17 483
17 483
17 483
17 483
17 483
17 483
17 483
17 483
17 483
17 483
17 483
18 482
18 482
18 482
18 482
18 482
18 482
18 482
18 482
18 482
18 482
18 482
18 482
18 482
18 482
18 482
18 482
18 482
18 482
18 482
18 482
18 482
18 482
18 482
18 482
18 482
18 482
18 482
18 482
18 482
18 482
18 482
18 482
18 482
18 482
18 482
18 482
18 482
18 482
18 482
18 482
18 482
18 482
18 482
18 482
18 482
18 482
18 482
18 482
18 482
18 482
18 482
18 482
18 482
18 482
18 482
18 482
18 482
18 482
18 482
18 482
18 482
18 482
18 482
18 482
18 482
18 482
18 482
18 482
18 482
18 482
18 482
18 482
18 482
18 482
18 482
18 482
18 482
18 482
18 482
18 482
18 482
18 482
18 482
18 482
18 482
18 482
18 482
18 482
18 482
18 482
19 481
19 481
19 481
19 481
19 481
19 481
19 481
19 481
19 481
19 481
19 481
19 481
19 481
19 481
19 481
19 481
19 481
19 481
19 481
19 481
19 481
19 481
19 481
19 481
19 481
19 481
19 481
19 481
19 481
19 481
19 481
19 481
19 481
19 481
19 481
19 481
19 481
19 481
19 481
19 481
19 481
19 481
19 481
19 481
19 481
19 481
19 481
19 481
19 481
19 481
19 481
19 481
19 481
19 481
19 481
19 481
19 481
19 481
19 481
19 481
19 481
19 481
19 481
19 481
19 481
19 481
19 481
19 481
19 481
19 481
19 481
19 481
19 481
19 481
19 481
19 481
19 481
19 481
19 481
19 481
19 481
19 481
19 481
19 481
19 481
19 481
19 481
19 481
20 480
20 480
20 480
20 480
20 480
20 480
20 480
20 480
20 480
20 480
20 480
20 480
20 480
20 480
20 480
20 480
20 480
20 480
20 480
20 480
20 480
20 480
20 480
20 480
20 480
20 480
20 480
20 480
20 480
20 480
20 480
20 480
20 480
20 480
20 480
20 480
20 480
20 480
20 480
20 480
20 480
20 480
20 480
20 480
20 480
20 480
20 480
20 480
20 480
20 480
20 480
20 480
20 480
20 480
20 480
20 480
20 480
20 480
20 480
20 480
20 480
20 480
20 480
20 480
20 480
20 480
20 480
20 480
20 480
20 480
20 480
20 480
20 480
20 480
20 480
20 480
20 480
20 480
20 480
20 480
20 480
20 480
20 480
20 480
20 480
21 479
21 479
21 479
21 479
21 479
21 479
21 479
21 479
21 479
21 479
21 479
21 479
21 479
21 479
21 479
21 479
21 479
21 479
21 479
21 479
21 479
21 479
21 479
21 479
21 479
21 479
21 479
21 479
21 479
21 479
21 479
21 479
21 479
21 479
21 479
21 479
21 479
21 479
21 479
21 479
21 479
21 479
21 479
21 479
21 479
21 479
21 479
21 479
21 479
21 479
21 479
21 479
21 479
21 479
21 479
21 479
21 479
21 479
21 479
21 479
21 479
21 479
21 479
21 479
21 479
21 479
21 479
21 479
21 479
21 479
21 479
21 479
21 479
21 479
21 479
21 479
21 479
21 479
21 479
21 479
21 479
21 479
21 479
21 479
21 479
21 479
21 479
21 479
21 479
21 479
21 479
21 479
22 478
22 478
22 478
22 478
22 478
22 478
22 478
22 478
22 478
22 478
22 478
22 478
22 478
22 478
22 478
22 478
22 478
22 478
22 478
22 478
22 478
22 478
22 478
22 478
22 478
22 478
22 478
22 478
22 478
22 478
22 478
22 478
22 478
22 478
22 478
22 478
22 478
22 478
22 478
22 478
22 478
22 478
22 478
22 478
22 478
22 478
22 478
22 478
22 478
22 478
22 478
22 478
22 478
22 478
22 478
22 478
22 478
22 478
22 478
22 478
22 478
22 478
22 478
22 478
22 478
22 478
22 478
22 478
22 478
22 478
22 478
22 478
22 478
22 478
22 478
22 478
22 478
22 478
22 478
22 478
22 478
22 478
22 478
22 478
22 478
22 478
22 478
22 478
22 478
22 478
22 478
22 478
22 478
22 478
22 478
22 478
22 478
22 478
22 478
22 478
22 478
22 478
22 478
23 477
23 477
23 477
23 477
23 477
23 477
23 477
23 477
23 477
23 477
23 477
23 477
23 477
23 477
23 477
23 477
23 477
23 477
23 477
23 477
23 477
23 477
23 477
23 477
23 477
23 477
23 477
23 477
23 477
23 477
23 477
23 477
23 477
23 477
23 477
23 477
23 477
23 477
23 477
23 477
23 477
23 477
23 477
23 477
23 477
23 477
23 477
23 477
23 477
23 477
23 477
23 477
23 477
23 477
23 477
23 477
23 477
23 477
23 477
23 477
23 477
23 477
23 477
23 477
23 477
23 477
23 477
23 477
23 477
23 477
23 477
23 477
23 477
23 477
23 477
23 477
23 477
23 477
23 477
23 477
23 477
23 477
23 477
23 477
23 477
23 477
23 477
23 477
23 477
23 477
23 477
23 477
23 477
23 477
23 477
24 476
24 476
24 476
24 476
24 476
24 476
24 476
24 476
24 476
24 476
24 476
24 476
24 476
24 476
24 476
24 476
24 476
24 476
24 476
24 476
24 476
24 476
24 476
24 476
24 476
24 476
24 476
24 476
24 476
24 476
24 476
24 476
24 476
24 476
24 476
24 476
24 476
24 476
24 476
24 476
24 476
24 476
24 476
24 476
24 476
24 476
24 476
24 476
24 476
24 476
24 476
24 476
24 476
24 476
24 476
24 476
24 476
24 476
24 476
24 476
24 476
24 476
24 476
24 476
24 476
24 476
24 476
24 476
24 476
24 476
24 476
24 476
24 476
24 476
24 476
24 476
24 476
24 476
24 476
24 476
24 476
24 476
24 476
24 476
24 476
24 476
24 476
24 476
24 476
24 476
25 475
25 475
25 475
25 475
25 475
25 475
25 475
25 475
25 475
25 475
25 475
25 475
25 475
25 475
25 475
25 475
25 475
25 475
25 475
25 475
25 475
25 475
25 475
25 475
25 475
25 475
25 475
25 475
25 475
25 475
25 475
25 475
25 475
25 475
25 475
25 475
25 475
25 475
25 475
25 475
25 475
25 475
25 475
25 475
25 475
25 475
25 475
25 475
25 475
25 475
25 475
25 475
25 475
25 475
25 475
25 475
25 475
25 475
25 475
25 475
25 475
25 475
25 475
25 475
25 475
25 475
25 475
25 475
25 475
25 475
25 475
25 475
25 475
25 475
25 475
25 475
25 475
25 475
25 475
25 475
25 475
25 475
25 475
25 475
25 475
26 474
26 474
26 474
26 474
26 474
26 474
26 474
26 474
26 474
26 474
26 474
26 474
26 474
26 474
26 474
26 474
26 474
26 474
26 474
26 474
26 474
26 474
26 474
26 474
26 474
26 474
26 474
26 474
26 474
26 474
26 474
26 474
26 474
26 474
26 474
26 474
26 474
26 474
26 474
26 474
26 474
26 474
26 474
26 474
26 474
26 474
26 474
26 474
26 474
26 474
26 474
26 474
26 474
26 474
26 474
26 474
26 474
26 474
26 474
26 474
26 474
26 474
26 474
26 474
26 474
26 474
26 474
26 474
26 474
26 474
26 474
26 474
26 474
26 474
26 474
26 474
26 474
26 474
26 474
26 474
26 474
26 474
26 474
26 474
26 474
26 474
26 474
27 473
27 473
27 473
27 473
27 473
27 473
27 473
27 473
27 473
27 473
27 473
27 473
27 473
27 473
27 473
27 473
27 473
27 473
27 473
27 473
27 473
27 473
27 473
27 473
27 473
27 473
27 473
27 473
27 473
27 473
27 473
27 473
27 473
27 473
27 473
27 473
27 473
27 473
27 473
27 473
27 473
27 473
27 473
27 473
27 473
27 473
27 473
27 473
27 473
27 473
27 473
27 473
27 473
27 473
27 473
27 473
27 473
27 473
27 473
27 473
27 473
27 473
27 473
27 473
27 473
27 473
27 473
27 473
27 473
27 473
27 473
27 473
27 473
27 473
27 473
27 473
27 473
27 473
27 473
27 473
27 473
27 473
27 473
27 473
27 473
27 473
27 473
27 473
27 473
27 473
28 472
28 472
28 472
28 472
28 472
28 472
28 472
28 472
28 472
28 472
28 472
28 472
28 472
28 472
28 472
28 472
28 472
28 472
28 472
28 472
28 472
28 472
28 472
28 472
28 472
28 472
28 472
28 472
28 472
28 472
28 472
28 472
28 472
28 472
28 472
28 472
28 472
28 472
28 472
28 472
28 472
28 472
28 472
28 472
28 472
28 472
28 472
28 472
28 472
28 472
28 472
28 472
28 472
28 472
28 472
28 472
28 472
28 472
28 472
28 472
28 472
28 472
28 472
28 472
28 472
28 472
28 472
28 472
28 472
28 472
28 472
28 472
28 472
28 472
28 472
28 472
28 472
28 472
28 472
28 472
28 472
28 472
28 472
28 472
28 472
28 472
28 472
28 472
28 472
28 472
28 472
28 472
28 472
28 472
28 472
28 472
28 472
28 472
29 471
29 471
29 471
29 471
29 471
29 471
29 471
29 471
29 471
29 471
29 471
29 471
29 471
29 471
29 471
29 471
29 471
29 471
29 471
29 471
29 471
29 471
29 471
29 471
29 471
29 471
29 471
29 471
29 471
29 471
29 471
29 471
29 471
29 471
29 471
29 471
29 471
29 471
29 471
29 471
29 471
29 471
29 471
29 471
29 471
29 471
29 471
29 471
29 471
29 471
29 471
29 471
29 471
29 471
29 471
29 471
29 471
29 471
29 471
29 471
29 471
29 471
29 471
29 471
29 471
29 471
29 471
29 471
29 471
29 471
29 471
29 471
29 471
29 471
29 471
29 471
29 471
29 471
29 471
29 471
29 471
29 471
29 471
29 471
29 471
29 471
29 471
29 471
29 471
29 471
29 471
29 471
29 471
29 471
29 471
29 471
29 471
29 471
29 471
29 471
29 471
29 471
29 471
29 471
29 471
29 471
29 471
29 471
29 471
29 471
29 471
30 470
30 470
30 470
30 470
30 470
30 470
30 470
30 470
30 470
30 470
30 470
30 470
30 470
30 470
30 470
30 470
30 470
30 470
30 470
30 470
30 470
30 470
30 470
30 470
30 470
30 470
30 470
30 470
30 470
30 470
30 470
30 470
30 470
30 470
30 470
30 470
30 470
30 470
30 470
30 470
30 470
30 470
30 470
30 470
30 470
30 470
30 470
30 470
30 470
30 470
30 470
30 470
30 470
30 470
30 470
30 470
30 470
30 470
30 470
30 470
30 470
30 470
30 470
30 470
30 470
30 470
30 470
30 470
30 470
30 470
30 470
30 470
30 470
30 470
30 470
31 469
31 469
31 469
31 469
31 469
31 469
31 469
31 469
31 469
31 469
31 469
31 469
31 469
31 469
31 469
31 469
31 469
31 469
31 469
31 469
31 469
31 469
31 469
31 469
31 469
31 469
31 469
31 469
31 469
31 469
31 469
31 469
31 469
31 469
31 469
31 469
31 469
31 469
31 469
31 469
31 469
31 469
31 469
31 469
31 469
31 469
31 469
31 469
31 469
31 469
31 469
31 469
31 469
31 469
31 469
31 469
31 469
31 469
31 469
31 469
31 469
31 469
31 469
31 469
31 469
31 469
31 469
31 469
31 469
31 469
31 469
31 469
31 469
31 469
31 469
31 469
31 469
31 469
31 469
31 469
31 469
31 469
31 469
31 469
32 468
32 468
32 468
32 468
32 468
32 468
32 468
32 468
32 468
32 468
32 468
32 468
32 468
32 468
32 468
32 468
32 468
32 468
32 468
32 468
32 468
32 468
32 468
32 468
32 468
32 468
32 468
32 468
32 468
32 468
32 468
32 468
32 468
32 468
32 468
32 468
32 468
32 468
32 468
32 468
32 468
32 468
32 468
32 468
32 468
32 468
32 468
32 468
32 468
32 468
32 468
32 468
32 468
32 468
32 468
32 468
32 468
32 468
32 468
32 468
32 468
32 468
32 468
32 468
32 468
32 468
32 468
32 468
32 468
32 468
32 468
32 468
32 468
32 468
32 468
32 468
32 468
32 468
32 468
32 468
32 468
32 468
33 467
33 467
33 467
33 467
33 467
33 467
33 467
33 467
33 467
33 467
33 467
33 467
33 467
33 467
33 467
33 467
33 467
33 467
33 467
33 467
33 467
33 467
33 467
33 467
33 467
33 467
33 467
33 467
33 467
33 467
33 467
33 467
33 467
33 467
33 467
33 467
33 467
33 467
33 467
33 467
33 467
33 467
33 467
33 467
33 467
33 467
33 467
33 467
33 467
33 467
33 467
33 467
33 467
33 467
33 467
33 467
33 467
33 467
33 467
33 467
33 467
33 467
33 467
33 467
33 467
33 467
33 467
33 467
33 467
33 467
33 467
33 467
33 467
33 467
33 467
33 467
33 467
33 467
33 467
33 467
33 467
33 467
33 467
33 467
33 467
33 467
33 467
33 467
33 467
33 467
33 467
33 467
33 467
33 467
33 467
33 467
33 467
33 467
34 466
34 466
34 466
34 466
34 466
34 466
34 466
34 466
34 466
34 466
34 466
34 466
34 466
34 466
34 466
34 466
34 466
34 466
34 466
34 466
34 466
34 466
34 466
34 466
34 466
34 466
34 466
34 466
34 466
34 466
34 466
34 466
34 466
34 466
34 466
34 466
34 466
34 466
34 466
34 466
34 466
34 466
34 466
34 466
34 466
34 466
34 466
34 466
34 466
34 466
34 466
34 466
34 466
34 466
34 466
34 466
34 466
34 466
34 466
34 466
34 466
34 466
34 466
34 466
34 466
34 466
34 466
34 466
34 466
34 466
34 466
34 466
34 466
34 466
34 466
34 466
34 466
34 466
34 466
34 466
34 466
34 466
34 466
34 466
34 466
34 466
34 466
34 466
34 466
34 466
34 466
34 466
34 466
34 466
34 466
34 466
34 466
34 466
34 466
34 466
34 466
34 466
34 466
34 466
34 466
35 465
35 465
35 465
35 465
35 465
35 465
35 465
35 465
35 465
35 465
35 465
35 465
35 465
35 465
35 465
35 465
35 465
35 465
35 465
35 465
35 465
35 465
35 465
35 465
35 465
35 465
35 465
35 465
35 465
35 465
35 465
35 465
35 465
35 465
35 465
35 465
35 465
35 465
35 465
35 465
35 465
35 465
35 465
35 465
35 465
35 465
35 465
35 465
35 465
35 465
35 465
35 465
35 465
35 465
35 465
35 465
35 465
35 465
35 465
35 465
35 465
35 465
35 465
35 465
35 465
35 465
35 465
35 465
35 465
35 465
35 465
35 465
35 465
35 465
35 465
35 465
35 465
35 465
35 465
35 465
35 465
35 465
35 465
35 465
35 465
35 465
35 465
35 465
35 465
35 465
35 465
35 465
35 465
35 465
35 465
35 465
36 464
36 464
36 464
36 464
36 464
36 464
36 464
36 464
36 464
36 464
36 464
36 464
36 464
36 464
36 464
36 464
36 464
36 464
36 464
36 464
36 464
36 464
36 464
36 464
36 464
36 464
36 464
36 464
36 464
36 464
36 464
36 464
36 464
36 464
36 464
36 464
36 464
36 464
36 464
36 464
36 464
36 464
36 464
36 464
36 464
36 464
36 464
36 464
36 464
36 464
36 464
36 464
36 464
36 464
36 464
36 464
36 464
36 464
36 464
36 464
36 464
36 464
36 464
36 464
36 464
36 464
36 464
36 464
36 464
36 464
36 464
36 464
36 464
36 464
36 464
36 464
36 464
36 464
36 464
36 464
36 464
36 464
36 464
36 464
36 464
36 464
36 464
36 464
36 464
36 464
36 464
36 464
36 464
36 464
36 464
36 464
36 464
36 464
36 464
36 464
36 464
36 464
36 464
36 464
37 463
37 463
37 463
37 463
37 463
37 463
37 463
37 463
37 463
37 463
37 463
37 463
37 463
37 463
37 463
37 463
37 463
37 463
37 463
37 463
37 463
37 463
37 463
37 463
37 463
37 463
37 463
37 463
37 463
37 463
37 463
37 463
37 463
37 463
37 463
37 463
37 463
37 463
37 463
37 463
37 463
37 463
37 463
37 463
37 463
37 463
37 463
37 463
37 463
37 463
37 463
37 463
37 463
37 463
37 463
37 463
37 463
37 463
37 463
37 463
37 463
37 463
37 463
37 463
37 463
37 463
37 463
37 463
37 463
37 463
37 463
37 463
37 463
37 463
37 463
37 463
37 463
37 463
37 463
37 463
37 463
37 463
37 463
37 463
37 463
37 463
37 463
38 462
38 462
38 462
38 462
38 462
38 462
38 462
38 462
38 462
38 462
38 462
38 462
38 462
38 462
38 462
38 462
38 462
38 462
38 462
38 462
38 462
38 462
38 462
38 462
38 462
38 462
38 462
38 462
38 462
38 462
38 462
38 462
38 462
38 462
38 462
38 462
38 462
38 462
38 462
38 462
38 462
38 462
38 462
38 462
38 462
38 462
38 462
38 462
38 462
38 462
38 462
38 462
38 462
38 462
38 462
38 462
38 462
38 462
38 462
38 462
38 462
38 462
38 462
38 462
38 462
38 462
38 462
38 462
38 462
38 462
38 462
38 462
38 462
38 462
38 462
38 462
38 462
38 462
38 462
38 462
38 462
38 462
38 462
38 462
38 462
38 462
38 462
38 462
38 462
38 462
38 462
38 462
38 462
38 462
38 462
38 462
38 462
38 462
38 462
38 462
38 462
38 462
38 462
39 461
39 461
39 461
39 461
39 461
39 461
39 461
39 461
39 461
39 461
39 461
39 461
39 461
39 461
39 461
39 461
39 461
39 461
39 461
39 461
39 461
39 461
39 461
39 461
39 461
39 461
39 461
39 461
39 461
39 461
39 461
39 461
39 461
39 461
39 461
39 461
39 461
39 461
39 461
39 461
39 461
39 461
39 461
39 461
39 461
39 461
39 461
39 461
39 461
39 461
39 461
39 461
39 461
39 461
39 461
39 461
39 461
39 461
39 461
39 461
39 461
39 461
39 461
39 461
39 461
39 461
39 461
39 461
39 461
39 461
39 461
39 461
39 461
39 461
39 461
39 461
39 461
39 461
39 461
39 461
39 461
39 461
39 461
39 461
39 461
39 461
39 461
39 461
39 461
39 461
39 461
39 461
39 461
39 461
39 461
39 461
39 461
39 461
39 461
39 461
39 461
39 461
39 461
39 461
39 461
39 461
39 461
39 461
39 461
39 461
39 461
39 461
40 460
40 460
40 460
40 460
40 460
40 460
40 460
40 460
40 460
40 460
40 460
40 460
40 460
40 460
40 460
40 460
40 460
40 460
40 460
40 460
40 460
40 460
40 460
40 460
40 460
40 460
40 460
40 460
40 460
40 460
40 460
40 460
40 460
40 460
40 460
40 460
40 460
40 460
40 460
40 460
40 460
40 460
40 460
40 460
40 460
40 460
40 460
40 460
40 460
40 460
40 460
40 460
40 460
40 460
40 460
40 460
40 460
40 460
40 460
40 460
40 460
40 460
40 460
40 460
40 460
40 460
40 460
40 460
40 460
40 460
40 460
40 460
40 460
40 460
41 459
41 459
41 459
41 459
41 459
41 459
41 459
41 459
41 459
41 459
41 459
41 459
41 459
41 459
41 459
41 459
41 459
41 459
41 459
41 459
41 459
41 459
41 459
41 459
41 459
41 459
41 459
41 459
41 459
41 459
41 459
41 459
41 459
41 459
41 459
41 459
41 459
41 459
41 459
41 459
41 459
41 459
41 459
41 459
41 459
41 459
41 459
41 459
41 459
41 459
41 459
41 459
41 459
41 459
41 459
41 459
41 459
41 459
41 459
41 459
41 459
41 459
41 459
41 459
41 459
41 459
41 459
41 459
41 459
41 459
41 459
41 459
41 459
41 459
41 459
41 459
41 459
41 459
41 459
41 459
41 459
41 459
41 459
41 459
41 459
41 459
41 459
41 459
41 459
41 459
41 459
41 459
41 459
41 459
41 459
41 459
41 459
41 459
41 459
41 459
41 459
41 459
42 458
42 458
42 458
42 458
42 458
42 458
42 458
42 458
42 458
42 458
42 458
42 458
42 458
42 458
42 458
42 458
42 458
42 458
42 458
42 458
42 458
42 458
42 458
42 458
42 458
42 458
42 458
42 458
42 458
42 458
42 458
42 458
42 458
42 458
42 458
42 458
42 458
42 458
42 458
42 458
42 458
42 458
42 458
42 458
42 458
42 458
42 458
42 458
42 458
42 458
42 458
42 458
42 458
42 458
42 458
42 458
42 458
42 458
42 458
42 458
42 458
42 458
42 458
42 458
42 458
42 458
42 458
42 458
42 458
42 458
42 458
42 458
42 458
42 458
42 458
42 458
42 458
42 458
42 458
42 458
42 458
42 458
42 458
42 458
42 458
42 458
42 458
42 458
42 458
42 458
42 458
42 458
42 458
42 458
42 458
42 458
42 458
43 457
43 457
43 457
43 457
43 457
43 457
43 457
43 457
43 457
43 457
43 457
43 457
43 457
43 457
43 457
43 457
43 457
43 457
43 457
43 457
43 457
43 457
43 457
43 457
43 457
43 457
43 457
43 457
43 457
43 457
43 457
43 457
43 457
43 457
43 457
43 457
43 457
43 457
43 457
43 457
43 457
43 457
43 457
43 457
43 457
43 457
43 457
43 457
43 457
43 457
43 457
43 457
43 457
43 457
43 457
43 457
43 457
43 457
43 457
43 457
43 457
43 457
43 457
43 457
43 457
43 457
43 457
43 457
43 457
43 457
43 457
43 457
43 457
43 457
43 457
43 457
43 457
43 457
43 457
43 457
43 457
43 457
44 456
44 456
44 456
44 456
44 456
44 456
44 456
44 456
44 456
44 456
44 456
44 456
44 456
44 456
44 456
44 456
44 456
44 456
44 456
44 456
44 456
44 456
44 456
44 456
44 456
44 456
44 456
44 456
44 456
44 456
44 456
44 456
44 456
44 456
44 456
44 456
44 456
44 456
44 456
44 456
44 456
44 456
44 456
44 456
44 456
44 456
44 456
44 456
44 456
44 456
44 456
44 456
44 456
44 456
44 456
44 456
44 456
44 456
44 456
44 456
44 456
44 456
44 456
44 456
44 456
44 456
44 456
44 456
44 456
44 456
44 456
44 456
44 456
44 456
44 456
44 456
44 456
44 456
44 456
44 456
44 456
44 456
44 456
44 456
44 456
44 456
44 456
44 456
44 456
44 456
45 455
45 455
45 455
45 455
45 455
45 455
45 455
45 455
45 455
45 455
45 455
45 455
45 455
45 455
45 455
45 455
45 455
45 455
45 455
45 455
45 455
45 455
45 455
45 455
45 455
45 455
45 455
45 455
45 455
45 455
45 455
45 455
45 455
45 455
45 455
45 455
45 455
45 455
45 455
45 455
45 455
45 455
45 455
45 455
45 455
45 455
45 455
45 455
45 455
45 455
45 455
45 455
45 455
45 455
45 455
45 455
45 455
45 455
45 455
45 455
45 455
45 455
45 455
45 455
45 455
45 455
45 455
45 455
45 455
45 455
45 455
45 455
45 455
45 455
45 455
45 455
45 455
45 455
45 455
45 455
45 455
45 455
45 455
45 455
45 455
45 455
45 455
45 455
45 455
45 455
45 455
45 455
45 455
45 455
45 455
45 455
45 455
45 455
45 455
45 455
45 455
45 455
45 455
45 455
45 455
45 455
45 455
45 455
45 455
46 454
46 454
46 454
46 454
46 454
46 454
46 454
46 454
46 454
46 454
46 454
46 454
46 454
46 454
46 454
46 454
46 454
46 454
46 454
46 454
46 454
46 454
46 454
46 454
46 454
46 454
46 454
46 454
46 454
46 454
46 454
46 454
46 454
46 454
46 454
46 454
46 454
46 454
46 454
46 454
46 454
46 454
46 454
46 454
46 454
46 454
46 454
46 454
46 454
46 454
46 454
46 454
46 454
46 454
46 454
46 454
46 454
46 454
46 454
46 454
46 454
46 454
46 454
46 454
46 454
46 454
46 454
46 454
46 454
46 454
46 454
46 454
46 454
46 454
46 454
46 454
46 454
46 454
46 454
46 454
46 454
46 454
46 454
46 454
46 454
46 454
46 454
46 454
46 454
46 454
46 454
46 454
46 454
46 454
46 454
46 454
46 454
46 454
47 453
47 453
47 453
47 453
47 453
47 453
47 453
47 453
47 453
47 453
47 453
47 453
47 453
47 453
47 453
47 453
47 453
47 453
47 453
47 453
47 453
47 453
47 453
47 453
47 453
47 453
47 453
47 453
47 453
47 453
47 453
47 453
47 453
47 453
47 453
47 453
47 453
47 453
47 453
47 453
47 453
47 453
47 453
47 453
47 453
47 453
47 453
47 453
47 453
47 453
47 453
47 453
47 453
47 453
47 453
47 453
47 453
47 453
47 453
47 453
47 453
47 453
47 453
47 453
47 453
47 453
47 453
47 453
47 453
47 453
47 453
47 453
47 453
47 453
47 453
47 453
47 453
47 453
47 453
47 453
47 453
47 453
47 453
47 453
47 453
47 453
47 453
47 453
47 453
47 453
47 453
47 453
47 453
47 453
48 452
48 452
48 452
48 452
48 452
48 452
48 452
48 452
48 452
48 452
48 452
48 452
48 452
48 452
48 452
48 452
48 452
48 452
48 452
48 452
48 452
48 452
48 452
48 452
48 452
48 452
48 452
48 452
48 452
48 452
48 452
48 452
48 452
48 452
48 452
48 452
48 452
48 452
48 452
48 452
48 452
48 452
48 452
48 452
48 452
48 452
48 452
48 452
48 452
48 452
48 452
48 452
48 452
48 452
48 452
48 452
48 452
48 452
48 452
48 452
48 452
48 452
48 452
48 452
48 452
48 452
48 452
48 452
48 452
48 452
48 452
48 452
48 452
48 452
48 452
48 452
48 452
48 452
48 452
48 452
48 452
48 452
48 452
48 452
48 452
48 452
48 452
48 452
48 452
48 452
49 451
49 451
49 451
49 451
49 451
49 451
49 451
49 451
49 451
49 451
49 451
49 451
49 451
49 451
49 451
49 451
49 451
49 451
49 451
49 451
49 451
49 451
49 451
49 451
49 451
49 451
49 451
49 451
49 451
49 451
49 451
49 451
49 451
49 451
49 451
49 451
49 451
49 451
49 451
49 451
49 451
49 451
49 451
49 451
49 451
49 451
49 451
49 451
49 451
49 451
49 451
49 451
49 451
49 451
49 451
49 451
49 451
49 451
49 451
49 451
49 451
49 451
49 451
49 451
49 451
49 451
49 451
49 451
49 451
49 451
49 451
49 451
49 451
49 451
49 451
49 451
49 451
49 451
49 451
49 451
49 451
49 451
49 451
49 451
49 451
49 451
49 451
49 451
49 451
49 451
49 451
49 451
49 451
50 450
50 450
50 450
50 450
50 450
50 450
50 450
50 450
50 450
50 450
50 450
50 450
50 450
50 450
50 450
50 450
50 450
50 450
50 450
50 450
50 450
50 450
50 450
50 450
50 450
50 450
50 450
50 450
50 450
50 450
50 450
50 450
50 450
50 450
50 450
50 450
50 450
50 450
50 450
50 450
50 450
50 450
50 450
50 450
50 450
50 450
50 450
50 450
50 450
50 450
50 450
50 450
50 450
50 450
50 450
50 450
50 450
50 450
50 450
50 450
50 450
50 450
50 450
50 450
50 450
50 450
50 450
50 450
50 450
50 450
50 450
50 450
50 450
50 450
50 450
50 450
50 450
50 450
50 450
50 450
50 450
50 450
50 450
50 450
50 450
50 450
50 450
50 450
51 449
51 449
51 449
51 449
51 449
51 449
51 449
51 449
51 449
51 449
51 449
51 449
51 449
51 449
51 449
51 449
51 449
51 449
51 449
51 449
51 449
51 449
51 449
51 449
51 449
51 449
51 449
51 449
51 449
51 449
51 449
51 449
51 449
51 449
51 449
51 449
51 449
51 449
51 449
51 449
51 449
51 449
51 449
51 449
51 449
51 449
51 449
51 449
51 449
51 449
51 449
51 449
51 449
51 449
51 449
51 449
51 449
51 449
51 449
51 449
51 449
51 449
51 449
51 449
51 449
51 449
51 449
51 449
51 449
51 449
51 449
51 449
51 449
51 449
51 449
51 449
51 449
51 449
51 449
51 449
51 449
51 449
51 449
51 449
51 449
51 449
51 449
51 449
51 449
51 449
51 449
51 449
51 449
51 449
51 449
51 449
51 449
51 449
51 449
51 449
51 449
51 449
51 449
51 449
51 449
51 449
51 449
51 449
51 449
52 448
52 448
52 448
52 448
52 448
52 448
52 448
52 448
52 448
52 448
52 448
52 448
52 448
52 448
52 448
52 448
52 448
52 448
52 448
52 448
52 448
52 448
52 448
52 448
52 448
52 448
52 448
52 448
52 448
52 448
52 448
52 448
52 448
52 448
52 448
52 448
52 448
52 448
52 448
52 448
52 448
52 448
52 448
52 448
52 448
52 448
52 448
52 448
52 448
52 448
52 448
52 448
52 448
52 448
52 448
52 448
52 448
52 448
52 448
52 448
52 448
52 448
52 448
52 448
52 448
52 448
52 448
52 448
52 448
52 448
52 448
52 448
52 448
52 448
52 448
52 448
52 448
52 448
52 448
52 448
52 448
52 448
52 448
52 448
52 448
52 448
52 448
52 448
52 448
52 448
52 448
52 448
52 448
52 448
52 448
52 448
52 448
52 448
52 448
52 448
52 448
52 448
52 448
52 448
52 448
52 448
52 448
52 448
52 448
53 447
53 447
53 447
53 447
53 447
53 447
53 447
53 447
53 447
53 447
53 447
53 447
53 447
53 447
53 447
53 447
53 447
53 447
53 447
53 447
53 447
53 447
53 447
53 447
53 447
53 447
53 447
53 447
53 447
53 447
53 447
53 447
53 447
53 447
53 447
53 447
53 447
53 447
53 447
53 447
53 447
53 447
53 447
53 447
53 447
53 447
53 447
53 447
53 447
53 447
53 447
53 447
53 447
53 447
53 447
53 447
53 447
53 447
53 447
53 447
53 447
53 447
53 447
53 447
53 447
53 447
53 447
53 447
53 447
53 447
53 447
53 447
53 447
53 447
53 447
53 447
53 447
53 447
53 447
53 447
53 447
53 447
53 447
53 447
53 447
53 447
54 446
54 446
54 446
54 446
54 446
54 446
54 446
54 446
54 446
54 446
54 446
54 446
54 446
54 446
54 446
54 446
54 446
54 446
54 446
54 446
54 446
54 446
54 446
54 446
54 446
54 446
54 446
54 446
54 446
54 446
54 446
54 446
54 446
54 446
54 446
54 446
54 446
54 446
54 446
54 446
54 446
54 446
54 446
54 446
54 446
54 446
54 446
54 446
54 446
54 446
54 446
54 446
54 446
54 446
54 446
54 446
54 446
54 446
54 446
54 446
54 446
54 446
54 446
54 446
54 446
54 446
54 446
54 446
54 446
54 446
54 446
54 446
54 446
54 446
54 446
54 446
54 446
54 446
54 446
54 446
54 446
54 446
54 446
54 446
54 446
54 446
54 446
54 446
54 446
54 446
54 446
54 446
54 446
54 446
54 446
54 446
54 446
54 446
54 446
54 446
54 446
54 446
54 446
54 446
54 446
54 446
54 446
54 446
54 446
54 446
55 445
55 445
55 445
55 445
55 445
55 445
55 445
55 445
55 445
55 445
55 445
55 445
55 445
55 445
55 445
55 445
55 445
55 445
55 445
55 445
55 445
55 445
55 445
55 445
55 445
55 445
55 445
55 445
55 445
55 445
55 445
55 445
55 445
55 445
55 445
55 445
55 445
55 445
55 445
55 445
55 445
55 445
55 445
55 445
55 445
55 445
55 445
55 445
55 445
55 445
55 445
55 445
55 445
55 445
55 445
55 445
55 445
55 445
55 445
55 445
55 445
55 445
55 445
55 445
55 445
55 445
55 445
55 445
55 445
55 445
55 445
55 445
55 445
55 445
55 445
55 445
55 445
55 445
55 445
55 445
55 445
55 445
55 445
55 445
55 445
55 445
55 445
55 445
55 445
55 445
55 445
56 444
56 444
56 444
56 444
56 444
56 444
56 444
56 444
56 444
56 444
56 444
56 444
56 444
56 444
56 444
56 444
56 444
56 444
56 444
56 444
56 444
56 444
56 444
56 444
56 444
56 444
56 444
56 444
56 444
56 444
56 444
56 444
56 444
56 444
56 444
56 444
56 444
56 444
56 444
56 444
56 444
56 444
56 444
56 444
56 444
56 444
56 444
56 444
56 444
56 444
56 444
56 444
56 444
56 444
56 444
56 444
56 444
56 444
56 444
56 444
56 444
56 444
56 444
56 444
56 444
56 444
56 444
56 444
56 444
56 444
56 444
56 444
56 444
56 444
56 444
56 444
56 444
56 444
56 444
56 444
56 444
56 444
56 444
56 444
57 443
57 443
57 443
57 443
57 443
57 443
57 443
57 443
57 443
57 443
57 443
57 443
57 443
57 443
57 443
57 443
57 443
57 443
57 443
57 443
57 443
57 443
57 443
57 443
57 443
57 443
57 443
57 443
57 443
57 443
57 443
57 443
57 443
57 443
57 443
57 443
57 443
57 443
57 443
57 443
57 443
57 443
57 443
57 443
57 443
57 443
57 443
57 443
57 443
57 443
57 443
57 443
57 443
57 443
57 443
57 443
57 443
57 443
57 443
57 443
57 443
57 443
57 443
57 443
57 443
57 443
57 443
57 443
57 443
57 443
57 443
57 443
57 443
57 443
57 443
57 443
57 443
57 443
57 443
57 443
57 443
57 443
57 443
57 443
57 443
57 443
57 443
57 443
57 443
57 443
57 443
57 443
57 443
57 443
57 443
57 443
57 443
57 443
57 443
57 443
57 443
57 443
57 443
57 443
57 443
57 443
57 443
57 443
57 443
57 443
57 443
57 443
57 443
58 442
58 442
58 442
58 442
58 442
58 442
58 442
58 442
58 442
58 442
58 442
58 442
58 442
58 442
58 442
58 442
58 442
58 442
58 442
58 442
58 442
58 442
58 442
58 442
58 442
58 442
58 442
58 442
58 442
58 442
58 442
58 442
58 442
58 442
58 442
58 442
58 442
58 442
58 442
58 442
58 442
58 442
58 442
58 442
58 442
58 442
58 442
58 442
58 442
58 442
58 442
58 442
58 442
58 442
58 442
58 442
58 442
58 442
58 442
58 442
58 442
58 442
58 442
58 442
58 442
58 442
58 442
58 442
58 442
58 442
58 442
58 442
58 442
58 442
58 442
58 442
58 442
58 442
58 442
58 442
58 442
58 442
58 442
58 442
58 442
58 442
58 442
59 441
59 441
59 441
59 441
59 441
59 441
59 441
59 441
59 441
59 441
59 441
59 441
59 441
59 441
59 441
59 441
59 441
59 441
59 441
59 441
59 441
59 441
59 441
59 441
59 441
59 441
59 441
59 441
59 441
59 441
59 441
59 441
59 441
59 441
59 441
59 441
59 441
59 441
59 441
59 441
59 441
59 441
59 441
59 441
59 441
59 441
59 441
59 441
59 441
59 441
59 441
59 441
59 441
59 441
59 441
59 441
59 441
59 441
59 441
59 441
59 441
59 441
59 441
59 441
59 441
59 441
59 441
59 441
59 441
59 441
59 441
59 441
59 441
59 441
59 441
59 441
59 441
59 441
59 441
59 441
59 441
59 441
59 441
59 441
59 441
59 441
59 441
59 441
59 441
59 441
59 441
59 441
59 441
59 441
60 440
60 440
60 440
60 440
60 440
60 440
60 440
60 440
60 440
60 440
60 440
60 440
60 440
60 440
60 440
60 440
60 440
60 440
60 440
60 440
60 440
60 440
60 440
60 440
60 440
60 440
60 440
60 440
60 440
60 440
60 440
60 440
60 440
60 440
60 440
60 440
60 440
60 440
60 440
60 440
60 440
60 440
60 440
60 440
60 440
60 440
60 440
60 440
60 440
60 440
60 440
60 440
60 440
60 440
60 440
60 440
60 440
60 440
60 440
60 440
60 440
60 440
60 440
60 440
60 440
60 440
60 440
60 440
60 440
60 440
60 440
60 440
60 440
60 440
60 440
60 440
60 440
60 440
60 440
60 440
60 440
60 440
60 440
61 439
61 439
61 439
61 439
61 439
61 439
61 439
61 439
61 439
61 439
61 439
61 439
61 439
61 439
61 439
61 439
61 439
61 439
61 439
61 439
61 439
61 439
61 439
61 439
61 439
61 439
61 439
61 439
61 439
61 439
61 439
61 439
61 439
61 439
61 439
61 439
61 439
61 439
61 439
61 439
61 439
61 439
61 439
61 439
61 439
61 439
61 439
61 439
61 439
61 439
61 439
61 439
61 439
61 439
61 439
61 439
61 439
61 439
61 439
61 439
61 439
61 439
61 439
61 439
61 439
61 439
61 439
61 439
61 439
61 439
61 439
61 439
61 439
61 439
61 439
61 439
61 439
61 439
61 439
61 439
61 439
61 439
61 439
61 439
61 439
61 439
61 439
61 439
61 439
61 439
61 439
62 438
62 438
62 438
62 438
62 438
62 438
62 438
62 438
62 438
62 438
62 438
62 438
62 438
62 438
62 438
62 438
62 438
62 438
62 438
62 438
62 438
62 438
62 438
62 438
62 438
62 438
62 438
62 438
62 438
62 438
62 438
62 438
62 438
62 438
62 438
62 438
62 438
62 438
62 438
62 438
62 438
62 438
62 438
62 438
62 438
62 438
62 438
62 438
62 438
62 438
62 438
62 438
62 438
62 438
62 438
62 438
62 438
62 438
62 438
62 438
62 438
62 438
62 438
62 438
62 438
62 438
62 438
62 438
62 438
62 438
62 438
62 438
62 438
62 438
62 438
62 438
62 438
62 438
62 438
62 438
62 438
62 438
62 438
62 438
62 438
62 438
62 438
62 438
62 438
62 438
62 438
62 438
62 438
62 438
62 438
62 438
62 438
63 437
63 437
63 437
63 437
63 437
63 437
63 437
63 437
63 437
63 437
63 437
63 437
63 437
63 437
63 437
63 437
63 437
63 437
63 437
63 437
63 437
63 437
63 437
63 437
63 437
63 437
63 437
63 437
63 437
63 437
63 437
63 437
63 437
63 437
63 437
63 437
63 437
63 437
63 437
63 437
63 437
63 437
63 437
63 437
63 437
63 437
63 437
63 437
63 437
63 437
63 437
63 437
63 437
63 437
63 437
63 437
63 437
63 437
63 437
63 437
63 437
63 437
63 437
63 437
63 437
63 437
63 437
63 437
63 437
63 437
63 437
63 437
63 437
63 437
63 437
63 437
63 437
63 437
63 437
63 437
63 437
63 437
63 437
63 437
63 437
63 437
63 437
63 437
63 437
63 437
63 437
63 437
63 437
63 437
63 437
63 437
63 437
63 437
63 437
64 436
64 436
64 436
64 436
64 436
64 436
64 436
64 436
64 436
64 436
64 436
64 436
64 436
64 436
64 436
64 436
64 436
64 436
64 436
64 436
64 436
64 436
64 436
64 436
64 436
64 436
64 436
64 436
64 436
64 436
64 436
64 436
64 436
64 436
64 436
64 436
64 436
64 436
64 436
64 436
64 436
64 436
64 436
64 436
64 436
64 436
64 436
64 436
64 436
64 436
64 436
64 436
64 436
64 436
64 436
64 436
64 436
64 436
64 436
64 436
64 436
64 436
64 436
64 436
64 436
64 436
64 436
64 436
64 436
64 436
64 436
64 436
64 436
64 436
64 436
64 436
64 436
64 436
64 436
64 436
64 436
64 436
64 436
64 436
64 436
64 436
64 436
64 436
64 436
65 435
65 435
65 435
65 435
65 435
65 435
65 435
65 435
65 435
65 435
65 435
65 435
65 435
65 435
65 435
65 435
65 435
65 435
65 435
65 435
65 435
65 435
65 435
65 435
65 435
65 435
65 435
65 435
65 435
65 435
65 435
65 435
65 435
65 435
65 435
65 435
65 435
65 435
65 435
65 435
65 435
65 435
65 435
65 435
65 435
65 435
65 435
65 435
65 435
65 435
65 435
65 435
65 435
65 435
65 435
65 435
65 435
65 435
65 435
65 435
65 435
65 435
65 435
65 435
65 435
65 435
65 435
65 435
65 435
65 435
65 435
65 435
65 435
65 435
65 435
65 435
65 435
65 435
65 435
65 435
65 435
65 435
65 435
65 435
65 435
65 435
65 435
65 435
65 435
65 435
65 435
65 435
65 435
65 435
65 435
65 435
65 435
65 435
65 435
65 435
65 435
65 435
65 435
66 434
66 434
66 434
66 434
66 434
66 434
66 434
66 434
66 434
66 434
66 434
66 434
66 434
66 434
66 434
66 434
66 434
66 434
66 434
66 434
66 434
66 434
66 434
66 434
66 434
66 434
66 434
66 434
66 434
66 434
66 434
66 434
66 434
66 434
66 434
66 434
66 434
66 434
66 434
66 434
66 434
66 434
66 434
66 434
66 434
66 434
66 434
66 434
66 434
66 434
66 434
66 434
66 434
66 434
66 434
66 434
66 434
66 434
66 434
66 434
66 434
66 434
66 434
66 434
66 434
66 434
66 434
66 434
66 434
66 434
66 434
66 434
66 434
66 434
66 434
66 434
66 434
66 434
66 434
66 434
66 434
66 434
66 434
66 434
66 434
66 434
66 434
66 434
66 434
67 433
67 433
67 433
67 433
67 433
67 433
67 433
67 433
67 433
67 433
67 433
67 433
67 433
67 433
67 433
67 433
67 433
67 433
67 433
67 433
67 433
67 433
67 433
67 433
67 433
67 433
67 433
67 433
67 433
67 433
67 433
67 433
67 433
67 433
67 433
67 433
67 433
67 433
67 433
67 433
67 433
67 433
67 433
67 433
67 433
67 433
67 433
67 433
67 433
67 433
67 433
67 433
67 433
67 433
67 433
67 433
67 433
67 433
67 433
67 433
67 433
67 433
67 433
67 433
67 433
67 433
67 433
67 433
67 433
67 433
67 433
67 433
67 433
67 433
67 433
67 433
67 433
67 433
67 433
67 433
67 433
67 433
67 433
67 433
67 433
67 433
67 433
67 433
67 433
67 433
67 433
67 433
68 432
68 432
68 432
68 432
68 432
68 432
68 432
68 432
68 432
68 432
68 432
68 432
68 432
68 432
68 432
68 432
68 432
68 432
68 432
68 432
68 432
68 432
68 432
68 432
68 432
68 432
68 432
68 432
68 432
68 432
68 432
68 432
68 432
68 432
68 432
68 432
68 432
68 432
68 432
68 432
68 432
68 432
68 432
68 432
68 432
68 432
68 432
68 432
68 432
68 432
68 432
68 432
68 432
68 432
68 432
68 432
68 432
68 432
68 432
68 432
68 432
68 432
68 432
68 432
68 432
68 432
68 432
68 432
68 432
68 432
68 432
68 432
68 432
68 432
68 432
68 432
68 432
68 432
68 432
68 432
68 432
68 432
68 432
69 431
69 431
69 431
69 431
69 431
69 431
69 431
69 431
69 431
69 431
69 431
69 431
69 431
69 431
69 431
69 431
69 431
69 431
69 431
69 431
69 431
69 431
69 431
69 431
69 431
69 431
69 431
69 431
69 431
69 431
69 431
69 431
69 431
69 431
69 431
69 431
69 431
69 431
69 431
69 431
69 431
69 431
69 431
69 431
69 431
69 431
69 431
69 431
69 431
69 431
69 431
69 431
69 431
69 431
69 431
69 431
69 431
69 431
69 431
69 431
69 431
69 431
69 431
69 431
69 431
69 431
69 431
69 431
69 431
69 431
69 431
69 431
69 431
69 431
69 431
69 431
69 431
69 431
69 431
69 431
69 431
69 431
69 431
69 431
69 431
69 431
69 431
69 431
69 431
69 431
69 431
69 431
69 431
69 431
70 430
70 430
70 430
70 430
70 430
70 430
70 430
70 430
70 430
70 430
70 430
70 430
70 430
70 430
70 430
70 430
70 430
70 430
70 430
70 430
70 430
70 430
70 430
70 430
70 430
70 430
70 430
70 430
70 430
70 430
70 430
70 430
70 430
70 430
70 430
70 430
70 430
70 430
70 430
70 430
70 430
70 430
70 430
70 430
70 430
70 430
70 430
70 430
70 430
70 430
70 430
70 430
70 430
70 430
70 430
70 430
70 430
70 430
70 430
70 430
70 430
70 430
70 430
70 430
70 430
70 430
70 430
70 430
70 430
70 430
70 430
70 430
70 430
70 430
70 430
70 430
70 430
70 430
70 430
70 430
70 430
70 430
70 430
70 430
70 430
70 430
70 430
70 430
71 429
71 429
71 429
71 429
71 429
71 429
71 429
71 429
71 429
71 429
71 429
71 429
71 429
71 429
71 429
71 429
71 429
71 429
71 429
71 429
71 429
71 429
71 429
71 429
71 429
71 429
71 429
71 429
71 429
71 429
71 429
71 429
71 429
71 429
71 429
71 429
71 429
71 429
71 429
71 429
71 429
71 429
71 429
71 429
71 429
71 429
71 429
71 429
71 429
71 429
71 429
71 429
71 429
71 429
71 429
71 429
71 429
71 429
71 429
71 429
71 429
71 429
71 429
71 429
71 429
71 429
71 429
71 429
71 429
71 429
71 429
71 429
71 429
71 429
71 429
71 429
71 429
71 429
71 429
71 429
71 429
71 429
71 429
71 429
71 429
71 429
71 429
71 429
71 429
71 429
71 429
71 429
71 429
71 429
71 429
71 429
71 429
72 428
72 428
72 428
72 428
72 428
72 428
72 428
72 428
72 428
72 428
72 428
72 428
72 428
72 428
72 428
72 428
72 428
72 428
72 428
72 428
72 428
72 428
72 428
72 428
72 428
72 428
72 428
72 428
72 428
72 428
72 428
72 428
72 428
72 428
72 428
72 428
72 428
72 428
72 428
72 428
72 428
72 428
72 428
72 428
72 428
72 428
72 428
72 428
72 428
72 428
72 428
72 428
72 428
72 428
72 428
72 428
72 428
72 428
72 428
72 428
72 428
72 428
72 428
72 428
72 428
72 428
72 428
72 428
72 428
72 428
72 428
72 428
72 428
72 428
72 428
72 428
72 428
72 428
72 428
72 428
72 428
72 428
73 427
73 427
73 427
73 427
73 427
73 427
73 427
73 427
73 427
73 427
73 427
73 427
73 427
73 427
73 427
73 427
73 427
73 427
73 427
73 427
73 427
73 427
73 427
73 427
73 427
73 427
73 427
73 427
73 427
73 427
73 427
73 427
73 427
73 427
73 427
73 427
73 427
73 427
73 427
73 427
73 427
73 427
73 427
73 427
73 427
73 427
73 427
73 427
73 427
73 427
73 427
73 427
73 427
73 427
73 427
73 427
73 427
73 427
73 427
73 427
73 427
73 427
73 427
73 427
73 427
73 427
73 427
73 427
73 427
73 427
73 427
73 427
73 427
73 427
73 427
73 427
73 427
73 427
73 427
73 427
73 427
73 427
73 427
73 427
73 427
73 427
73 427
73 427
73 427
73 427
73 427
73 427
73 427
73 427
73 427
73 427
73 427
73 427
73 427
73 427
74 426
74 426
74 426
74 426
74 426
74 426
74 426
74 426
74 426
74 426
74 426
74 426
74 426
74 426
74 426
74 426
74 426
74 426
74 426
74 426
74 426
74 426
74 426
74 426
74 426
74 426
74 426
74 426
74 426
74 426
74 426
74 426
74 426
74 426
74 426
74 426
74 426
74 426
74 426
74 426
74 426
74 426
74 426
74 426
74 426
74 426
74 426
74 426
74 426
74 426
74 426
74 426
74 426
74 426
74 426
74 426
74 426
74 426
74 426
74 426
74 426
74 426
74 426
74 426
74 426
74 426
74 426
74 426
74 426
74 426
74 426
74 426
74 426
74 426
74 426
74 426
74 426
74 426
74 426
74 426
74 426
74 426
74 426
74 426
74 426
74 426
74 426
74 426
74 426
74 426
74 426
74 426
74 426
74 426
74 426
74 426
75 425
75 425
75 425
75 425
75 425
75 425
75 425
75 425
75 425
75 425
75 425
75 425
75 425
75 425
75 425
75 425
75 425
75 425
75 425
75 425
75 425
75 425
75 425
75 425
75 425
75 425
75 425
75 425
75 425
75 425
75 425
75 425
75 425
75 425
75 425
75 425
75 425
75 425
75 425
75 425
75 425
75 425
75 425
75 425
75 425
75 425
75 425
75 425
75 425
75 425
75 425
75 425
75 425
75 425
75 425
75 425
75 425
75 425
75 425
75 425
75 425
75 425
75 425
75 425
75 425
75 425
75 425
75 425
75 425
75 425
75 425
75 425
75 425
75 425
75 425
75 425
75 425
75 425
75 425
75 425
75 425
75 425
75 425
75 425
75 425
75 425
75 425
76 424
76 424
76 424
76 424
76 424
76 424
76 424
76 424
76 424
76 424
76 424
76 424
76 424
76 424
76 424
76 424
76 424
76 424
76 424
76 424
76 424
76 424
76 424
76 424
76 424
76 424
76 424
76 424
76 424
76 424
76 424
76 424
76 424
76 424
76 424
76 424
76 424
76 424
76 424
76 424
76 424
76 424
76 424
76 424
76 424
76 424
76 424
76 424
76 424
76 424
76 424
76 424
76 424
76 424
76 424
76 424
76 424
76 424
76 424
76 424
76 424
76 424
76 424
76 424
76 424
76 424
76 424
76 424
76 424
76 424
76 424
76 424
76 424
76 424
76 424
76 424
76 424
76 424
76 424
76 424
76 424
76 424
76 424
76 424
76 424
76 424
76 424
76 424
76 424
76 424
76 424
76 424
76 424
76 424
76 424
77 423
77 423
77 423
77 423
77 423
77 423
77 423
77 423
77 423
77 423
77 423
77 423
77 423
77 423
77 423
77 423
77 423
77 423
77 423
77 423
77 423
77 423
77 423
77 423
77 423
77 423
77 423
77 423
77 423
77 423
77 423
77 423
77 423
77 423
77 423
77 423
77 423
77 423
77 423
77 423
77 423
77 423
77 423
77 423
77 423
77 423
77 423
77 423
77 423
77 423
77 423
77 423
77 423
77 423
77 423
77 423
77 423
77 423
77 423
77 423
77 423
77 423
77 423
77 423
77 423
77 423
77 423
77 423
77 423
77 423
77 423
77 423
77 423
77 423
77 423
77 423
77 423
77 423
77 423
77 423
77 423
77 423
77 423
77 423
77 423
77 423
77 423
77 423
78 422
78 422
78 422
78 422
78 422
78 422
78 422
78 422
78 422
78 422
78 422
78 422
78 422
78 422
78 422
78 422
78 422
78 422
78 422
78 422
78 422
78 422
78 422
78 422
78 422
78 422
78 422
78 422
78 422
78 422
78 422
78 422
78 422
78 422
78 422
78 422
78 422
78 422
78 422
78 422
78 422
78 422
78 422
78 422
78 422
78 422
78 422
78 422
78 422
78 422
78 422
78 422
78 422
78 422
78 422
78 422
78 422
78 422
78 422
78 422
78 422
78 422
78 422
78 422
78 422
78 422
78 422
78 422
78 422
78 422
78 422
78 422
78 422
78 422
78 422
78 422
78 422
78 422
78 422
78 422
78 422
78 422
78 422
78 422
78 422
78 422
78 422
78 422
78 422
78 422
78 422
79 421
79 421
79 421
79 421
79 421
79 421
79 421
79 421
79 421
79 421
79 421
79 421
79 421
79 421
79 421
79 421
79 421
79 421
79 421
79 421
79 421
79 421
79 421
79 421
79 421
79 421
79 421
79 421
79 421
79 421
79 421
79 421
79 421
79 421
79 421
79 421
79 421
79 421
79 421
79 421
79 421
79 421
79 421
79 421
79 421
79 421
79 421
79 421
79 421
79 421
79 421
79 421
79 421
79 421
79 421
79 421
79 421
79 421
79 421
79 421
79 421
79 421
79 421
79 421
79 421
79 421
79 421
79 421
79 421
79 421
79 421
79 421
79 421
79 421
79 421
79 421
79 421
79 421
79 421
79 421
79 421
79 421
79 421
79 421
79 421
79 421
79 421
79 421
79 421
79 421
79 421
79 421
79 421
79 421
79 421
79 421
79 421
79 421
79 421
79 421
79 421
79 421
79 421
80 420
80 420
80 420
80 420
80 420
80 420
80 420
80 420
80 420
80 420
80 420
80 420
80 420
80 420
80 420
80 420
80 420
80 420
80 420
80 420
80 420
80 420
80 420
80 420
80 420
80 420
80 420
80 420
80 420
80 420
80 420
80 420
80 420
80 420
80 420
80 420
80 420
80 420
80 420
80 420
80 420
80 420
80 420
80 420
80 420
80 420
80 420
80 420
80 420
80 420
80 420
80 420
80 420
80 420
80 420
80 420
80 420
80 420
80 420
80 420
80 420
80 420
80 420
80 420
80 420
80 420
80 420
80 420
80 420
80 420
80 420
80 420
80 420
80 420
80 420
80 420
80 420
80 420
80 420
80 420
80 420
80 420
80 420
80 420
80 420
80 420
81 419
81 419
81 419
81 419
81 419
81 419
81 419
81 419
81 419
81 419
81 419
81 419
81 419
81 419
81 419
81 419
81 419
81 419
81 419
81 419
81 419
81 419
81 419
81 419
81 419
81 419
81 419
81 419
81 419
81 419
81 419
81 419
81 419
81 419
81 419
81 419
81 419
81 419
81 419
81 419
81 419
81 419
81 419
81 419
81 419
81 419
81 419
81 419
81 419
81 419
81 419
81 419
81 419
81 419
81 419
81 419
81 419
81 419
81 419
81 419
81 419
81 419
81 419
81 419
81 419
81 419
81 419
81 419
81 419
81 419
81 419
81 419
81 419
81 419
81 419
81 419
81 419
81 419
81 419
81 419
81 419
81 419
81 419
81 419
81 419
81 419
81 419
81 419
81 419
81 419
81 419
81 419
81 419
81 419
82 418
82 418
82 418
82 418
82 418
82 418
82 418
82 418
82 418
82 418
82 418
82 418
82 418
82 418
82 418
82 418
82 418
82 418
82 418
82 418
82 418
82 418
82 418
82 418
82 418
82 418
82 418
82 418
82 418
82 418
82 418
82 418
82 418
82 418
82 418
82 418
82 418
82 418
82 418
82 418
82 418
82 418
82 418
82 418
82 418
82 418
82 418
82 418
82 418
82 418
82 418
82 418
82 418
82 418
82 418
82 418
82 418
82 418
82 418
82 418
82 418
82 418
82 418
82 418
82 418
82 418
82 418
82 418
82 418
82 418
82 418
82 418
82 418
82 418
82 418
82 418
82 418
82 418
82 418
82 418
82 418
82 418
82 418
82 418
82 418
82 418
82 418
82 418
82 418
82 418
82 418
82 418
82 418
82 418
82 418
82 418
82 418
82 418
82 418
82 418
82 418
82 418
82 418
82 418
82 418
82 418
83 417
83 417
83 417
83 417
83 417
83 417
83 417
83 417
83 417
83 417
83 417
83 417
83 417
83 417
83 417
83 417
83 417
83 417
83 417
83 417
83 417
83 417
83 417
83 417
83 417
83 417
83 417
83 417
83 417
83 417
83 417
83 417
83 417
83 417
83 417
83 417
83 417
83 417
83 417
83 417
83 417
83 417
83 417
83 417
83 417
83 417
83 417
83 417
83 417
83 417
83 417
83 417
83 417
83 417
83 417
83 417
83 417
83 417
83 417
83 417
83 417
83 417
83 417
83 417
83 417
83 417
83 417
83 417
83 417
83 417
83 417
83 417
83 417
83 417
83 417
83 417
83 417
83 417
83 417
83 417
83 417
83 417
83 417
83 417
83 417
83 417
83 417
83 417
83 417
83 417
83 417
83 417
83 417
83 417
83 417
83 417
83 417
84 416
84 416
84 416
84 416
84 416
84 416
84 416
84 416
84 416
84 416
84 416
84 416
84 416
84 416
84 416
84 416
84 416
84 416
84 416
84 416
84 416
84 416
84 416
84 416
84 416
84 416
84 416
84 416
84 416
84 416
84 416
84 416
84 416
84 416
84 416
84 416
84 416
84 416
84 416
84 416
84 416
84 416
84 416
84 416
84 416
84 416
84 416
84 416
84 416
84 416
84 416
84 416
84 416
84 416
84 416
84 416
84 416
84 416
84 416
84 416
84 416
84 416
84 416
84 416
84 416
84 416
84 416
84 416
84 416
84 416
84 416
84 416
84 416
84 416
84 416
84 416
85 415
85 415
85 415
85 415
85 415
85 415
85 415
85 415
85 415
85 415
85 415
85 415
85 415
85 415
85 415
85 415
85 415
85 415
85 415
85 415
85 415
85 415
85 415
85 415
85 415
85 415
85 415
85 415
85 415
85 415
85 415
85 415
85 415
85 415
85 415
85 415
85 415
85 415
85 415
85 415
85 415
85 415
85 415
85 415
85 415
85 415
85 415
85 415
85 415
85 415
85 415
85 415
85 415
85 415
85 415
85 415
85 415
85 415
85 415
85 415
85 415
85 415
85 415
85 415
85 415
85 415
85 415
85 415
85 415
85 415
85 415
85 415
85 415
85 415
85 415
85 415
85 415
85 415
85 415
85 415
85 415
85 415
85 415
85 415
85 415
85 415
85 415
85 415
85 415
85 415
85 415
85 415
85 415
85 415
85 415
85 415
85 415
85 415
85 415
85 415
85 415
85 415
85 415
86 414
86 414
86 414
86 414
86 414
86 414
86 414
86 414
86 414
86 414
86 414
86 414
86 414
86 414
86 414
86 414
86 414
86 414
86 414
86 414
86 414
86 414
86 414
86 414
86 414
86 414
86 414
86 414
86 414
86 414
86 414
86 414
86 414
86 414
86 414
86 414
86 414
86 414
86 414
86 414
86 414
86 414
86 414
86 414
86 414
86 414
86 414
86 414
86 414
86 414
86 414
86 414
86 414
86 414
86 414
86 414
86 414
86 414
86 414
86 414
86 414
86 414
86 414
86 414
86 414
86 414
86 414
86 414
86 414
86 414
86 414
86 414
86 414
86 414
86 414
86 414
86 414
86 414
86 414
86 414
86 414
86 414
86 414
86 414
86 414
86 414
86 414
86 414
86 414
86 414
86 414
86 414
87 413
87 413
87 413
87 413
87 413
87 413
87 413
87 413
87 413
87 413
87 413
87 413
87 413
87 413
87 413
87 413
87 413
87 413
87 413
87 413
87 413
87 413
87 413
87 413
87 413
87 413
87 413
87 413
87 413
87 413
87 413
87 413
87 413
87 413
87 413
87 413
87 413
87 413
87 413
87 413
87 413
87 413
87 413
87 413
87 413
87 413
87 413
87 413
87 413
87 413
87 413
87 413
87 413
87 413
87 413
87 413
87 413
87 413
87 413
87 413
87 413
87 413
87 413
87 413
87 413
87 413
87 413
87 413
87 413
87 413
87 413
87 413
87 413
87 413
87 413
87 413
87 413
87 413
87 413
87 413
87 413
87 413
87 413
87 413
87 413
87 413
87 413
87 413
87 413
87 413
87 413
87 413
88 412
88 412
88 412
88 412
88 412
88 412
88 412
88 412
88 412
88 412
88 412
88 412
88 412
88 412
88 412
88 412
88 412
88 412
88 412
88 412
88 412
88 412
88 412
88 412
88 412
88 412
88 412
88 412
88 412
88 412
88 412
88 412
88 412
88 412
88 412
88 412
88 412
88 412
88 412
88 412
88 412
88 412
88 412
88 412
88 412
88 412
88 412
88 412
88 412
88 412
88 412
88 412
88 412
88 412
88 412
88 412
88 412
88 412
88 412
88 412
88 412
88 412
88 412
88 412
88 412
88 412
88 412
88 412
88 412
88 412
88 412
88 412
88 412
88 412
88 412
88 412
88 412
88 412
88 412
88 412
88 412
88 412
88 412
88 412
88 412
88 412
88 412
88 412
88 412
88 412
89 411
89 411
89 411
89 411
89 411
89 411
89 411
89 411
89 411
89 411
89 411
89 411
89 411
89 411
89 411
89 411
89 411
89 411
89 411
89 411
89 411
89 411
89 411
89 411
89 411
89 411
89 411
89 411
89 411
89 411
89 411
89 411
89 411
89 411
89 411
89 411
89 411
89 411
89 411
89 411
89 411
89 411
89 411
89 411
89 411
89 411
89 411
89 411
89 411
89 411
89 411
89 411
89 411
89 411
89 411
89 411
89 411
89 411
89 411
89 411
89 411
89 411
89 411
89 411
89 411
89 411
89 411
89 411
89 411
89 411
89 411
89 411
89 411
89 411
89 411
89 411
89 411
89 411
89 411
89 411
89 411
89 411
89 411
89 411
89 411
90 410
90 410
90 410
90 410
90 410
90 410
90 410
90 410
90 410
90 410
90 410
90 410
90 410
90 410
90 410
90 410
90 410
90 410
90 410
90 410
90 410
90 410
90 410
90 410
90 410
90 410
90 410
90 410
90 410
90 410
90 410
90 410
90 410
90 410
90 410
90 410
90 410
90 410
90 410
90 410
90 410
90 410
90 410
90 410
90 410
90 410
90 410
90 410
90 410
90 410
90 410
90 410
90 410
90 410
90 410
90 410
90 410
90 410
90 410
90 410
90 410
90 410
90 410
90 410
90 410
90 410
90 410
90 410
90 410
90 410
90 410
90 410
90 410
90 410
90 410
90 410
90 410
90 410
90 410
90 410
90 410
90 410
90 410
90 410
90 410
90 410
90 410
90 410
90 410
90 410
90 410
90 410
90 410
90 410
90 410
91 409
91 409
91 409
91 409
91 409
91 409
91 409
91 409
91 409
91 409
91 409
91 409
91 409
91 409
91 409
91 409
91 409
91 409
91 409
91 409
91 409
91 409
91 409
91 409
91 409
91 409
91 409
91 409
91 409
91 409
91 409
91 409
91 409
91 409
91 409
91 409
91 409
91 409
91 409
91 409
91 409
91 409
91 409
91 409
91 409
91 409
91 409
91 409
91 409
91 409
91 409
91 409
91 409
91 409
91 409
91 409
91 409
91 409
91 409
91 409
91 409
91 409
91 409
91 409
91 409
91 409
91 409
91 409
91 409
91 409
91 409
91 409
91 409
91 409
91 409
91 409
91 409
91 409
91 409
91 409
91 409
91 409
91 409
91 409
91 409
91 409
91 409
91 409
91 409
91 409
91 409
91 409
91 409
91 409
91 409
91 409
91 409
91 409
91 409
91 409
92 408
92 408
92 408
92 408
92 408
92 408
92 408
92 408
92 408
92 408
92 408
92 408
92 408
92 408
92 408
92 408
92 408
92 408
92 408
92 408
92 408
92 408
92 408
92 408
92 408
92 408
92 408
92 408
92 408
92 408
92 408
92 408
92 408
92 408
92 408
92 408
92 408
92 408
92 408
92 408
92 408
92 408
92 408
92 408
92 408
92 408
92 408
92 408
92 408
92 408
92 408
92 408
92 408
92 408
92 408
92 408
92 408
92 408
92 408
92 408
92 408
92 408
92 408
92 408
92 408
92 408
92 408
92 408
92 408
92 408
92 408
92 408
92 408
92 408
92 408
92 408
92 408
92 408
92 408
92 408
93 407
93 407
93 407
93 407
93 407
93 407
93 407
93 407
93 407
93 407
93 407
93 407
93 407
93 407
93 407
93 407
93 407
93 407
93 407
93 407
93 407
93 407
93 407
93 407
93 407
93 407
93 407
93 407
93 407
93 407
93 407
93 407
93 407
93 407
93 407
93 407
93 407
93 407
93 407
93 407
93 407
93 407
93 407
93 407
93 407
93 407
93 407
93 407
93 407
93 407
93 407
93 407
93 407
93 407
93 407
93 407
93 407
93 407
93 407
93 407
93 407
93 407
93 407
93 407
93 407
93 407
93 407
93 407
93 407
93 407
93 407
93 407
93 407
93 407
93 407
93 407
93 407
93 407
93 407
93 407
93 407
93 407
93 407
93 407
93 407
93 407
93 407
93 407
93 407
93 407
93 407
93 407
93 407
93 407
93 407
93 407
94 406
94 406
94 406
94 406
94 406
94 406
94 406
94 406
94 406
94 406
94 406
94 406
94 406
94 406
94 406
94 406
94 406
94 406
94 406
94 406
94 406
94 406
94 406
94 406
94 406
94 406
94 406
94 406
94 406
94 406
94 406
94 406
94 406
94 406
94 406
94 406
94 406
94 406
94 406
94 406
94 406
94 406
94 406
94 406
94 406
94 406
94 406
94 406
94 406
94 406
94 406
94 406
94 406
94 406
94 406
94 406
94 406
94 406
94 406
94 406
94 406
94 406
94 406
94 406
94 406
94 406
94 406
94 406
94 406
94 406
94 406
94 406
94 406
94 406
94 406
94 406
94 406
94 406
94 406
94 406
94 406
94 406
94 406
94 406
94 406
94 406
94 406
94 406
94 406
94 406
94 406
94 406
94 406
94 406
94 406
94 406
94 406
94 406
94 406
94 406
94 406
94 406
94 406
94 406
94 406
94 406
94 406
94 406
94 406
94 406
94 406
95 405
95 405
95 405
95 405
95 405
95 405
95 405
95 405
95 405
95 405
95 405
95 405
95 405
95 405
95 405
95 405
95 405
95 405
95 405
95 405
95 405
95 405
95 405
95 405
95 405
95 405
95 405
95 405
95 405
95 405
95 405
95 405
95 405
95 405
95 405
95 405
95 405
95 405
95 405
95 405
95 405
95 405
95 405
95 405
95 405
95 405
95 405
95 405
95 405
95 405
95 405
95 405
95 405
95 405
95 405
95 405
95 405
95 405
95 405
95 405
95 405
95 405
95 405
95 405
95 405
95 405
95 405
95 405
95 405
95 405
95 405
95 405
95 405
95 405
95 405
95 405
95 405
95 405
95 405
95 405
95 405
95 405
95 405
95 405
95 405
95 405
95 405
95 405
95 405
95 405
95 405
95 405
95 405
95 405
95 405
95 405
95 405
95 405
95 405
95 405
95 405
95 405
95 405
95 405
95 405
95 405
95 405
95 405
95 405
95 405
95 405
95 405
95 405
95 405
95 405
96 404
96 404
96 404
96 404
96 404
96 404
96 404
96 404
96 404
96 404
96 404
96 404
96 404
96 404
96 404
96 404
96 404
96 404
96 404
96 404
96 404
96 404
96 404
96 404
96 404
96 404
96 404
96 404
96 404
96 404
96 404
96 404
96 404
96 404
96 404
96 404
96 404
96 404
96 404
96 404
96 404
96 404
96 404
96 404
96 404
96 404
96 404
96 404
96 404
96 404
96 404
96 404
96 404
96 404
96 404
96 404
96 404
96 404
96 404
96 404
96 404
96 404
96 404
96 404
96 404
96 404
96 404
96 404
96 404
96 404
96 404
96 404
96 404
96 404
96 404
96 404
96 404
96 404
96 404
96 404
96 404
96 404
96 404
96 404
96 404
96 404
96 404
96 404
96 404
96 404
96 404
96 404
96 404
96 404
96 404
96 404
97 403
97 403
97 403
97 403
97 403
97 403
97 403
97 403
97 403
97 403
97 403
97 403
97 403
97 403
97 403
97 403
97 403
97 403
97 403
97 403
97 403
97 403
97 403
97 403
97 403
97 403
97 403
97 403
97 403
97 403
97 403
97 403
97 403
97 403
97 403
97 403
97 403
97 403
97 403
97 403
97 403
97 403
97 403
97 403
97 403
97 403
97 403
97 403
97 403
97 403
97 403
97 403
97 403
97 403
97 403
97 403
97 403
97 403
97 403
97 403
97 403
97 403
97 403
97 403
97 403
97 403
97 403
97 403
97 403
97 403
97 403
97 403
97 403
97 403
97 403
97 403
98 402
98 402
98 402
98 402
98 402
98 402
98 402
98 402
98 402
98 402
98 402
98 402
98 402
98 402
98 402
98 402
98 402
98 402
98 402
98 402
98 402
98 402
98 402
98 402
98 402
98 402
98 402
98 402
98 402
98 402
98 402
98 402
98 402
98 402
98 402
98 402
98 402
98 402
98 402
98 402
98 402
98 402
98 402
98 402
98 402
98 402
98 402
98 402
98 402
98 402
98 402
98 402
98 402
98 402
98 402
98 402
98 402
98 402
98 402
98 402
98 402
98 402
98 402
98 402
98 402
98 402
98 402
98 402
98 402
98 402
98 402
98 402
98 402
98 402
98 402
98 402
98 402
98 402
98 402
98 402
98 402
98 402
98 402
98 402
98 402
98 402
98 402
98 402
98 402
98 402
98 402
98 402
98 402
98 402
98 402
98 402
98 402
98 402
98 402
98 402
99 401
99 401
99 401
99 401
99 401
99 401
99 401
99 401
99 401
99 401
99 401
99 401
99 401
99 401
99 401
99 401
99 401
99 401
99 401
99 401
99 401
99 401
99 401
99 401
99 401
99 401
99 401
99 401
99 401
99 401
99 401
99 401
99 401
99 401
99 401
99 401
99 401
99 401
99 401
99 401
99 401
99 401
99 401
99 401
99 401
99 401
99 401
99 401
99 401
99 401
99 401
99 401
99 401
99 401
99 401
99 401
99 401
99 401
99 401
99 401
99 401
99 401
99 401
99 401
99 401
99 401
99 401
99 401
99 401
99 401
99 401
99 401
99 401
99 401
99 401
99 401
99 401
99 401
99 401
99 401
99 401
99 401
99 401
99 401
99 401
99 401
99 401
99 401
99 401
99 401
99 401
99 401
99 401
99 401
99 401
99 401
99 401
99 401
99 401
100 400
100 400
100 400
100 400
100 400
100 400
100 400
100 400
100 400
100 400
100 400
100 400
100 400
100 400
100 400
100 400
100 400
100 400
100 400
100 400
100 400
100 400
100 400
100 400
100 400
100 400
100 400
100 400
100 400
100 400
100 400
100 400
100 400
100 400
100 400
100 400
100 400
100 400
100 400
100 400
100 400
100 400
100 400
100 400
100 400
100 400
100 400
100 400
100 400
100 400
100 400
100 400
100 400
100 400
100 400
100 400
100 400
100 400
100 400
100 400
100 400
100 400
100 400
100 400
100 400
100 400
100 400
100 400
100 400
100 400
100 400
100 400
100 400
100 400
100 400
100 400
100 400
101 399
101 399
101 399
101 399
101 399
101 399
101 399
101 399
101 399
101 399
101 399
101 399
101 399
101 399
101 399
101 399
101 399
101 399
101 399
101 399
101 399
101 399
101 399
101 399
101 399
101 399
101 399
101 399
101 399
101 399
101 399
101 399
101 399
101 399
101 399
101 399
101 399
101 399
101 399
101 399
101 399
101 399
101 399
101 399
101 399
101 399
101 399
101 399
101 399
101 399
101 399
101 399
101 399
101 399
101 399
101 399
101 399
101 399
101 399
101 399
101 399
101 399
101 399
101 399
101 399
101 399
101 399
101 399
101 399
101 399
101 399
101 399
101 399
101 399
101 399
101 399
101 399
101 399
101 399
101 399
101 399
101 399
101 399
101 399
101 399
101 399
101 399
101 399
101 399
101 399
101 399
101 399
101 399
101 399
101 399
101 399
101 399
101 399
101 399
101 399
101 399
101 399
101 399
101 399
101 399
101 399
101 399
101 399
101 399
101 399
101 399
101 399
102 398
102 398
102 398
102 398
102 398
102 398
102 398
102 398
102 398
102 398
102 398
102 398
102 398
102 398
102 398
102 398
102 398
102 398
102 398
102 398
102 398
102 398
102 398
102 398
102 398
102 398
102 398
102 398
102 398
102 398
102 398
102 398
102 398
102 398
102 398
102 398
102 398
102 398
102 398
102 398
102 398
102 398
102 398
102 398
102 398
102 398
102 398
102 398
102 398
102 398
102 398
102 398
102 398
102 398
102 398
102 398
102 398
102 398
102 398
102 398
102 398
102 398
102 398
102 398
102 398
102 398
102 398
102 398
102 398
102 398
102 398
102 398
102 398
102 398
102 398
102 398
102 398
102 398
102 398
102 398
102 398
102 398
102 398
102 398
102 398
102 398
102 398
102 398
102 398
102 398
102 398
102 398
103 397
103 397
103 397
103 397
103 397
103 397
103 397
103 397
103 397
103 397
103 397
103 397
103 397
103 397
103 397
103 397
103 397
103 397
103 397
103 397
103 397
103 397
103 397
103 397
103 397
103 397
103 397
103 397
103 397
103 397
103 397
103 397
103 397
103 397
103 397
103 397
103 397
103 397
103 397
103 397
103 397
103 397
103 397
103 397
103 397
103 397
103 397
103 397
103 397
103 397
103 397
103 397
103 397
103 397
103 397
103 397
103 397
103 397
103 397
103 397
103 397
103 397
103 397
103 397
103 397
103 397
103 397
103 397
103 397
103 397
103 397
103 397
103 397
103 397
103 397
103 397
103 397
103 397
103 397
103 397
103 397
103 397
103 397
103 397
103 397
103 397
103 397
103 397
103 397
103 397
103 397
103 397
103 397
103 397
103 397
104 396
104 396
104 396
104 396
104 396
104 396
104 396
104 396
104 396
104 396
104 396
104 396
104 396
104 396
104 396
104 396
104 396
104 396
104 396
104 396
104 396
104 396
104 396
104 396
104 396
104 396
104 396
104 396
104 396
104 396
104 396
104 396
104 396
104 396
104 396
104 396
104 396
104 396
104 396
104 396
104 396
104 396
104 396
104 396
104 396
104 396
104 396
104 396
104 396
104 396
104 396
104 396
104 396
104 396
104 396
104 396
104 396
104 396
104 396
104 396
104 396
104 396
104 396
104 396
104 396
104 396
104 396
104 396
104 396
104 396
104 396
104 396
104 396
104 396
104 396
104 396
104 396
104 396
104 396
104 396
104 396
104 396
104 396
104 396
104 396
104 396
104 396
104 396
104 396
104 396
104 396
104 396
104 396
104 396
104 396
104 396
104 396
104 396
104 396
104 396
104 396
104 396
104 396
104 396
104 396
105 395
105 395
105 395
105 395
105 395
105 395
105 395
105 395
105 395
105 395
105 395
105 395
105 395
105 395
105 395
105 395
105 395
105 395
105 395
105 395
105 395
105 395
105 395
105 395
105 395
105 395
105 395
105 395
105 395
105 395
105 395
105 395
105 395
105 395
105 395
105 395
105 395
105 395
105 395
105 395
105 395
105 395
105 395
105 395
105 395
105 395
105 395
105 395
105 395
105 395
105 395
105 395
105 395
105 395
105 395
105 395
105 395
105 395
105 395
105 395
105 395
105 395
105 395
105 395
105 395
105 395
105 395
105 395
105 395
105 395
105 395
105 395
105 395
105 395
105 395
105 395
105 395
105 395
105 395
105 395
105 395
105 395
105 395
106 394
106 394
106 394
106 394
106 394
106 394
106 394
106 394
106 394
106 394
106 394
106 394
106 394
106 394
106 394
106 394
106 394
106 394
106 394
106 394
106 394
106 394
106 394
106 394
106 394
106 394
106 394
106 394
106 394
106 394
106 394
106 394
106 394
106 394
106 394
106 394
106 394
106 394
106 394
106 394
106 394
106 394
106 394
106 394
106 394
106 394
106 394
106 394
106 394
106 394
106 394
106 394
106 394
106 394
106 394
106 394
106 394
106 394
106 394
106 394
106 394
106 394
106 394
106 394
106 394
106 394
106 394
106 394
106 394
106 394
106 394
106 394
106 394
106 394
106 394
106 394
106 394
106 394
106 394
106 394
106 394
106 394
106 394
106 394
106 394
106 394
106 394
107 393
107 393
107 393
107 393
107 393
107 393
107 393
107 393
107 393
107 393
107 393
107 393
107 393
107 393
107 393
107 393
107 393
107 393
107 393
107 393
107 393
107 393
107 393
107 393
107 393
107 393
107 393
107 393
107 393
107 393
107 393
107 393
107 393
107 393
107 393
107 393
107 393
107 393
107 393
107 393
107 393
107 393
107 393
107 393
107 393
107 393
107 393
107 393
107 393
107 393
107 393
107 393
107 393
107 393
107 393
107 393
107 393
107 393
107 393
107 393
107 393
107 393
107 393
107 393
107 393
107 393
107 393
107 393
107 393
107 393
107 393
107 393
107 393
107 393
107 393
107 393
107 393
107 393
107 393
107 393
107 393
107 393
107 393
107 393
107 393
107 393
107 393
107 393
107 393
107 393
107 393
108 392
108 392
108 392
108 392
108 392
108 392
108 392
108 392
108 392
108 392
108 392
108 392
108 392
108 392
108 392
108 392
108 392
108 392
108 392
108 392
108 392
108 392
108 392
108 392
108 392
108 392
108 392
108 392
108 392
108 392
108 392
108 392
108 392
108 392
108 392
108 392
108 392
108 392
108 392
108 392
108 392
108 392
108 392
108 392
108 392
108 392
108 392
108 392
108 392
108 392
108 392
108 392
108 392
108 392
108 392
108 392
108 392
108 392
108 392
108 392
108 392
108 392
108 392
108 392
108 392
108 392
108 392
108 392
108 392
108 392
108 392
108 392
108 392
108 392
108 392
108 392
108 392
108 392
108 392
108 392
108 392
108 392
108 392
108 392
108 392
108 392
108 392
108 392
108 392
108 392
108 392
108 392
108 392
109 391
109 391
109 391
109 391
109 391
109 391
109 391
109 391
109 391
109 391
109 391
109 391
109 391
109 391
109 391
109 391
109 391
109 391
109 391
109 391
109 391
109 391
109 391
109 391
109 391
109 391
109 391
109 391
109 391
109 391
109 391
109 391
109 391
109 391
109 391
109 391
109 391
109 391
109 391
109 391
109 391
109 391
109 391
109 391
109 391
109 391
109 391
109 391
109 391
109 391
109 391
109 391
109 391
109 391
109 391
109 391
109 391
109 391
109 391
109 391
109 391
109 391
109 391
109 391
109 391
109 391
109 391
109 391
109 391
109 391
109 391
109 391
109 391
109 391
109 391
109 391
109 391
109 391
109 391
109 391
109 391
109 391
109 391
109 391
109 391
109 391
109 391
109 391
109 391
109 391
109 391
109 391
109 391
109 391
109 391
109 391
109 391
109 391
109 391
109 391
109 391
109 391
109 391
109 391
109 391
109 391
110 390
110 390
110 390
110 390
110 390
110 390
110 390
110 390
110 390
110 390
110 390
110 390
110 390
110 390
110 390
110 390
110 390
110 390
110 390
110 390
110 390
110 390
110 390
110 390
110 390
110 390
110 390
110 390
110 390
110 390
110 390
110 390
110 390
110 390
110 390
110 390
110 390
110 390
110 390
110 390
110 390
110 390
110 390
110 390
110 390
110 390
110 390
110 390
110 390
110 390
110 390
110 390
110 390
110 390
110 390
110 390
110 390
110 390
110 390
110 390
110 390
110 390
110 390
110 390
110 390
110 390
110 390
110 390
110 390
110 390
110 390
110 390
110 390
110 390
110 390
110 390
110 390
110 390
110 390
110 390
110 390
110 390
110 390
110 390
110 390
110 390
110 390
110 390
110 390
110 390
110 390
110 390
110 390
110 390
110 390
110 390
110 390
111 389
111 389
111 389
111 389
111 389
111 389
111 389
111 389
111 389
111 389
111 389
111 389
111 389
111 389
111 389
111 389
111 389
111 389
111 389
111 389
111 389
111 389
111 389
111 389
111 389
111 389
111 389
111 389
111 389
111 389
111 389
111 389
111 389
111 389
111 389
111 389
111 389
111 389
111 389
111 389
111 389
111 389
111 389
111 389
111 389
111 389
111 389
111 389
111 389
111 389
111 389
111 389
111 389
111 389
111 389
111 389
111 389
111 389
111 389
111 389
111 389
111 389
111 389
111 389
111 389
111 389
111 389
111 389
111 389
111 389
111 389
111 389
111 389
111 389
111 389
111 389
111 389
111 389
111 389
111 389
111 389
111 389
111 389
111 389
111 389
111 389
111 389
111 389
111 389
111 389
111 389
111 389
111 389
111 389
111 389
111 389
111 389
111 389
112 388
112 388
112 388
112 388
112 388
112 388
112 388
112 388
112 388
112 388
112 388
112 388
112 388
112 388
112 388
112 388
112 388
112 388
112 388
112 388
112 388
112 388
112 388
112 388
112 388
112 388
112 388
112 388
112 388
112 388
112 388
112 388
112 388
112 388
112 388
112 388
112 388
112 388
112 388
112 388
112 388
112 388
112 388
112 388
112 388
112 388
112 388
112 388
112 388
112 388
112 388
112 388
112 388
112 388
112 388
112 388
112 388
112 388
112 388
112 388
112 388
112 388
112 388
112 388
112 388
112 388
112 388
112 388
112 388
112 388
112 388
112 388
112 388
112 388
112 388
112 388
112 388
112 388
112 388
112 388
112 388
112 388
112 388
112 388
112 388
112 388
112 388
112 388
112 388
112 388
112 388
112 388
112 388
112 388
113 387
113 387
113 387
113 387
113 387
113 387
113 387
113 387
113 387
113 387
113 387
113 387
113 387
113 387
113 387
113 387
113 387
113 387
113 387
113 387
113 387
113 387
113 387
113 387
113 387
113 387
113 387
113 387
113 387
113 387
113 387
113 387
113 387
113 387
113 387
113 387
113 387
113 387
113 387
113 387
113 387
113 387
113 387
113 387
113 387
113 387
113 387
113 387
113 387
113 387
113 387
113 387
113 387
113 387
113 387
113 387
113 387
113 387
113 387
113 387
113 387
113 387
113 387
113 387
113 387
113 387
113 387
113 387
113 387
113 387
113 387
113 387
113 387
113 387
113 387
113 387
113 387
113 387
113 387
113 387
113 387
113 387
113 387
113 387
113 387
113 387
113 387
113 387
113 387
114 386
114 386
114 386
114 386
114 386
114 386
114 386
114 386
114 386
114 386
114 386
114 386
114 386
114 386
114 386
114 386
114 386
114 386
114 386
114 386
114 386
114 386
114 386
114 386
114 386
114 386
114 386
114 386
114 386
114 386
114 386
114 386
114 386
114 386
114 386
114 386
114 386
114 386
114 386
114 386
114 386
114 386
114 386
114 386
114 386
114 386
114 386
114 386
114 386
114 386
114 386
114 386
114 386
114 386
114 386
114 386
114 386
114 386
114 386
114 386
114 386
114 386
114 386
114 386
114 386
114 386
114 386
114 386
114 386
114 386
114 386
114 386
114 386
114 386
114 386
114 386
114 386
114 386
114 386
114 386
114 386
114 386
114 386
114 386
115 385
115 385
115 385
115 385
115 385
115 385
115 385
115 385
115 385
115 385
115 385
115 385
115 385
115 385
115 385
115 385
115 385
115 385
115 385
115 385
115 385
115 385
115 385
115 385
115 385
115 385
115 385
115 385
115 385
115 385
115 385
115 385
115 385
115 385
115 385
115 385
115 385
115 385
115 385
115 385
115 385
115 385
115 385
115 385
115 385
115 385
115 385
115 385
115 385
115 385
115 385
115 385
115 385
115 385
115 385
115 385
115 385
115 385
115 385
115 385
115 385
115 385
115 385
115 385
115 385
115 385
115 385
115 385
115 385
115 385
115 385
115 385
115 385
115 385
115 385
115 385
115 385
115 385
115 385
115 385
115 385
115 385
115 385
115 385
115 385
115 385
115 385
115 385
115 385
115 385
115 385
115 385
116 384
116 384
116 384
116 384
116 384
116 384
116 384
116 384
116 384
116 384
116 384
116 384
116 384
116 384
116 384
116 384
116 384
116 384
116 384
116 384
116 384
116 384
116 384
116 384
116 384
116 384
116 384
116 384
116 384
116 384
116 384
116 384
116 384
116 384
116 384
116 384
116 384
116 384
116 384
116 384
116 384
116 384
116 384
116 384
116 384
116 384
116 384
116 384
116 384
116 384
116 384
116 384
116 384
116 384
116 384
116 384
116 384
116 384
116 384
116 384
116 384
116 384
116 384
116 384
116 384
116 384
116 384
116 384
116 384
116 384
116 384
116 384
116 384
116 384
116 384
116 384
116 384
116 384
116 384
116 384
116 384
116 384
116 384
116 384
116 384
116 384
116 384
116 384
116 384
116 384
116 384
116 384
116 384
117 383
117 383
117 383
117 383
117 383
117 383
117 383
117 383
117 383
117 383
117 383
117 383
117 383
117 383
117 383
117 383
117 383
117 383
117 383
117 383
117 383
117 383
117 383
117 383
117 383
117 383
117 383
117 383
117 383
117 383
117 383
117 383
117 383
117 383
117 383
117 383
117 383
117 383
117 383
117 383
117 383
117 383
117 383
117 383
117 383
117 383
117 383
117 383
117 383
117 383
117 383
117 383
117 383
117 383
117 383
117 383
117 383
117 383
117 383
117 383
117 383
117 383
117 383
117 383
117 383
117 383
117 383
117 383
117 383
117 383
117 383
117 383
117 383
117 383
117 383
117 383
117 383
117 383
117 383
117 383
117 383
117 383
117 383
117 383
117 383
118 382
118 382
118 382
118 382
118 382
118 382
118 382
118 382
118 382
118 382
118 382
118 382
118 382
118 382
118 382
118 382
118 382
118 382
118 382
118 382
118 382
118 382
118 382
118 382
118 382
118 382
118 382
118 382
118 382
118 382
118 382
118 382
118 382
118 382
118 382
118 382
118 382
118 382
118 382
118 382
118 382
118 382
118 382
118 382
118 382
118 382
118 382
118 382
118 382
118 382
118 382
118 382
118 382
118 382
118 382
118 382
118 382
118 382
118 382
118 382
118 382
118 382
118 382
118 382
118 382
118 382
118 382
118 382
118 382
118 382
118 382
118 382
118 382
118 382
118 382
118 382
118 382
118 382
118 382
118 382
118 382
118 382
118 382
118 382
118 382
118 382
118 382
118 382
118 382
118 382
118 382
118 382
118 382
118 382
118 382
119 381
119 381
119 381
119 381
119 381
119 381
119 381
119 381
119 381
119 381
119 381
119 381
119 381
119 381
119 381
119 381
119 381
119 381
119 381
119 381
119 381
119 381
119 381
119 381
119 381
119 381
119 381
119 381
119 381
119 381
119 381
119 381
119 381
119 381
119 381
119 381
119 381
119 381
119 381
119 381
119 381
119 381
119 381
119 381
119 381
119 381
119 381
119 381
119 381
119 381
119 381
119 381
119 381
119 381
119 381
119 381
119 381
119 381
119 381
119 381
119 381
119 381
119 381
119 381
119 381
119 381
119 381
119 381
119 381
119 381
119 381
119 381
119 381
119 381
119 381
119 381
119 381
119 381
119 381
119 381
119 381
119 381
119 381
119 381
119 381
119 381
119 381
119 381
119 381
119 381
119 381
119 381
119 381
119 381
119 381
119 381
119 381
120 380
120 380
120 380
120 380
120 380
120 380
120 380
120 380
120 380
120 380
120 380
120 380
120 380
120 380
120 380
120 380
120 380
120 380
120 380
120 380
120 380
120 380
120 380
120 380
120 380
120 380
120 380
120 380
120 380
120 380
120 380
120 380
120 380
120 380
120 380
120 380
120 380
120 380
120 380
120 380
120 380
120 380
120 380
120 380
120 380
120 380
120 380
120 380
120 380
120 380
120 380
120 380
120 380
120 380
120 380
120 380
120 380
120 380
120 380
120 380
120 380
120 380
120 380
120 380
120 380
120 380
120 380
120 380
120 380
120 380
120 380
120 380
120 380
120 380
120 380
120 380
120 380
120 380
120 380
120 380
120 380
120 380
120 380
120 380
120 380
120 380
120 380
120 380
120 380
120 380
120 380
120 380
120 380
120 380
120 380
120 380
120 380
120 380
120 380
120 380
120 380
120 380
120 380
120 380
121 379
121 379
121 379
121 379
121 379
121 379
121 379
121 379
121 379
121 379
121 379
121 379
121 379
121 379
121 379
121 379
121 379
121 379
121 379
121 379
121 379
121 379
121 379
121 379
121 379
121 379
121 379
121 379
121 379
121 379
121 379
121 379
121 379
121 379
121 379
121 379
121 379
121 379
121 379
121 379
121 379
121 379
121 379
121 379
121 379
121 379
121 379
121 379
121 379
121 379
121 379
121 379
121 379
121 379
121 379
121 379
121 379
121 379
121 379
121 379
121 379
121 379
121 379
121 379
121 379
121 379
121 379
121 379
121 379
121 379
121 379
121 379
121 379
121 379
121 379
121 379
121 379
121 379
121 379
121 379
121 379
121 379
121 379
121 379
121 379
121 379
121 379
121 379
121 379
121 379
121 379
121 379
121 379
121 379
121 379
121 379
121 379
121 379
121 379
121 379
121 379
121 379
121 379
122 378
122 378
122 378
122 378
122 378
122 378
122 378
122 378
122 378
122 378
122 378
122 378
122 378
122 378
122 378
122 378
122 378
122 378
122 378
122 378
122 378
122 378
122 378
122 378
122 378
122 378
122 378
122 378
122 378
122 378
122 378
122 378
122 378
122 378
122 378
122 378
122 378
122 378
122 378
122 378
122 378
122 378
122 378
122 378
122 378
122 378
122 378
122 378
122 378
122 378
122 378
122 378
122 378
122 378
122 378
122 378
122 378
122 378
122 378
122 378
122 378
122 378
122 378
122 378
122 378
122 378
122 378
122 378
122 378
122 378
122 378
122 378
122 378
122 378
122 378
122 378
122 378
122 378
122 378
122 378
122 378
122 378
122 378
122 378
122 378
122 378
122 378
122 378
123 377
123 377
123 377
123 377
123 377
123 377
123 377
123 377
123 377
123 377
123 377
123 377
123 377
123 377
123 377
123 377
123 377
123 377
123 377
123 377
123 377
123 377
123 377
123 377
123 377
123 377
123 377
123 377
123 377
123 377
123 377
123 377
123 377
123 377
123 377
123 377
123 377
123 377
123 377
123 377
123 377
123 377
123 377
123 377
123 377
123 377
123 377
123 377
123 377
123 377
123 377
123 377
123 377
123 377
123 377
123 377
123 377
123 377
123 377
123 377
123 377
123 377
123 377
123 377
123 377
123 377
123 377
123 377
123 377
123 377
123 377
123 377
123 377
123 377
123 377
123 377
123 377
123 377
123 377
123 377
123 377
123 377
123 377
123 377
123 377
123 377
123 377
123 377
123 377
123 377
123 377
123 377
123 377
123 377
123 377
123 377
123 377
123 377
123 377
123 377
124 376
124 376
124 376
124 376
124 376
124 376
124 376
124 376
124 376
124 376
124 376
124 376
124 376
124 376
124 376
124 376
124 376
124 376
124 376
124 376
124 376
124 376
124 376
124 376
124 376
124 376
124 376
124 376
124 376
124 376
124 376
124 376
124 376
124 376
124 376
124 376
124 376
124 376
124 376
124 376
124 376
124 376
124 376
124 376
124 376
124 376
124 376
124 376
124 376
124 376
124 376
124 376
124 376
124 376
124 376
124 376
124 376
124 376
124 376
124 376
124 376
124 376
124 376
124 376
124 376
124 376
124 376
124 376
124 376
124 376
124 376
124 376
124 376
124 376
124 376
124 376
124 376
124 376
124 376
124 376
124 376
124 376
124 376
124 376
124 376
124 376
124 376
124 376
124 376
124 376
124 376
124 376
125 375
125 375
125 375
125 375
125 375
125 375
125 375
125 375
125 375
125 375
125 375
125 375
125 375
125 375
125 375
125 375
125 375
125 375
125 375
125 375
125 375
125 375
125 375
125 375
125 375
125 375
125 375
125 375
125 375
125 375
125 375
125 375
125 375
125 375
125 375
125 375
125 375
125 375
125 375
125 375
125 375
125 375
125 375
125 375
125 375
125 375
125 375
125 375
125 375
125 375
125 375
125 375
125 375
125 375
125 375
125 375
125 375
125 375
125 375
125 375
125 375
125 375
125 375
125 375
125 375
125 375
125 375
125 375
125 375
125 375
125 375
125 375
125 375
125 375
125 375
125 375
125 375
125 375
125 375
125 375
125 375
125 375
125 375
125 375
125 375
125 375
125 375
125 375
125 375
125 375
125 375
125 375
125 375
125 375
125 375
125 375
125 375
125 375
125 375
125 375
125 375
125 375
125 375
125 375
126 374
126 374
126 374
126 374
126 374
126 374
126 374
126 374
126 374
126 374
126 374
126 374
126 374
126 374
126 374
126 374
126 374
126 374
126 374
126 374
126 374
126 374
126 374
126 374
126 374
126 374
126 374
126 374
126 374
126 374
126 374
126 374
126 374
126 374
126 374
126 374
126 374
126 374
126 374
126 374
126 374
126 374
126 374
126 374
126 374
126 374
126 374
126 374
126 374
126 374
126 374
126 374
126 374
126 374
126 374
126 374
126 374
126 374
126 374
126 374
126 374
126 374
126 374
126 374
126 374
126 374
126 374
126 374
126 374
126 374
126 374
126 374
126 374
126 374
126 374
126 374
126 374
126 374
126 374
126 374
126 374
126 374
126 374
126 374
126 374
126 374
126 374
126 374
126 374
126 374
126 374
126 374
126 374
126 374
126 374
126 374
127 373
127 373
127 373
127 373
127 373
127 373
127 373
127 373
127 373
127 373
127 373
127 373
127 373
127 373
127 373
127 373
127 373
127 373
127 373
127 373
127 373
127 373
127 373
127 373
127 373
127 373
127 373
127 373
127 373
127 373
127 373
127 373
127 373
127 373
127 373
127 373
127 373
127 373
127 373
127 373
127 373
127 373
127 373
127 373
127 373
127 373
127 373
127 373
127 373
127 373
127 373
127 373
127 373
127 373
127 373
127 373
127 373
127 373
127 373
127 373
127 373
127 373
127 373
127 373
127 373
127 373
127 373
127 373
127 373
127 373
127 373
127 373
127 373
127 373
127 373
127 373
127 373
127 373
127 373
127 373
127 373
127 373
127 373
127 373
127 373
127 373
127 373
127 373
127 373
127 373
127 373
127 373
127 373
127 373
127 373
127 373
127 373
127 373
127 373
127 373
127 373
127 373
127 373
127 373
128 372
128 372
128 372
128 372
128 372
128 372
128 372
128 372
128 372
128 372
128 372
128 372
128 372
128 372
128 372
128 372
128 372
128 372
128 372
128 372
128 372
128 372
128 372
128 372
128 372
128 372
128 372
128 372
128 372
128 372
128 372
128 372
128 372
128 372
128 372
128 372
128 372
128 372
128 372
128 372
128 372
128 372
128 372
128 372
128 372
128 372
128 372
128 372
128 372
128 372
128 372
128 372
128 372
128 372
128 372
128 372
128 372
128 372
128 372
128 372
128 372
128 372
128 372
128 372
128 372
128 372
128 372
128 372
128 372
128 372
128 372
128 372
128 372
128 372
128 372
128 372
128 372
128 372
129 371
129 371
129 371
129 371
129 371
129 371
129 371
129 371
129 371
129 371
129 371
129 371
129 371
129 371
129 371
129 371
129 371
129 371
129 371
129 371
129 371
129 371
129 371
129 371
129 371
129 371
129 371
129 371
129 371
129 371
129 371
129 371
129 371
129 371
129 371
129 371
129 371
129 371
129 371
129 371
129 371
129 371
129 371
129 371
129 371
129 371
129 371
129 371
129 371
129 371
129 371
129 371
129 371
129 371
129 371
129 371
129 371
129 371
129 371
129 371
129 371
129 371
129 371
129 371
129 371
129 371
129 371
129 371
129 371
129 371
129 371
129 371
129 371
129 371
129 371
129 371
129 371
129 371
129 371
129 371
129 371
129 371
129 371
129 371
129 371
129 371
129 371
129 371
129 371
129 371
129 371
129 371
129 371
129 371
129 371
129 371
129 371
129 371
129 371
129 371
129 371
129 371
129 371
129 371
129 371
129 371
130 370
130 370
130 370
130 370
130 370
130 370
130 370
130 370
130 370
130 370
130 370
130 370
130 370
130 370
130 370
130 370
130 370
130 370
130 370
130 370
130 370
130 370
130 370
130 370
130 370
130 370
130 370
130 370
130 370
130 370
130 370
130 370
130 370
130 370
130 370
130 370
130 370
130 370
130 370
130 370
130 370
130 370
130 370
130 370
130 370
130 370
130 370
130 370
130 370
130 370
130 370
130 370
130 370
130 370
130 370
130 370
130 370
130 370
130 370
130 370
130 370
130 370
130 370
130 370
130 370
130 370
130 370
130 370
130 370
130 370
130 370
130 370
130 370
130 370
130 370
130 370
130 370
130 370
130 370
130 370
130 370
130 370
130 370
130 370
130 370
130 370
130 370
130 370
130 370
130 370
130 370
130 370
130 370
130 370
130 370
130 370
130 370
130 370
130 370
130 370
130 370
130 370
131 369
131 369
131 369
131 369
131 369
131 369
131 369
131 369
131 369
131 369
131 369
131 369
131 369
131 369
131 369
131 369
131 369
131 369
131 369
131 369
131 369
131 369
131 369
131 369
131 369
131 369
131 369
131 369
131 369
131 369
131 369
131 369
131 369
131 369
131 369
131 369
131 369
131 369
131 369
131 369
131 369
131 369
131 369
131 369
131 369
131 369
131 369
131 369
131 369
131 369
131 369
131 369
131 369
131 369
131 369
131 369
131 369
131 369
131 369
131 369
131 369
131 369
131 369
131 369
131 369
131 369
131 369
131 369
131 369
131 369
131 369
131 369
131 369
131 369
131 369
131 369
131 369
131 369
131 369
131 369
131 369
131 369
131 369
131 369
131 369
131 369
131 369
131 369
131 369
132 368
132 368
132 368
132 368
132 368
132 368
132 368
132 368
132 368
132 368
132 368
132 368
132 368
132 368
132 368
132 368
132 368
132 368
132 368
132 368
132 368
132 368
132 368
132 368
132 368
132 368
132 368
132 368
132 368
132 368
132 368
132 368
132 368
132 368
132 368
132 368
132 368
132 368
132 368
132 368
132 368
132 368
132 368
132 368
132 368
132 368
132 368
132 368
132 368
132 368
132 368
132 368
132 368
132 368
132 368
132 368
132 368
132 368
132 368
132 368
132 368
132 368
132 368
132 368
132 368
132 368
132 368
132 368
132 368
132 368
132 368
132 368
132 368
132 368
132 368
132 368
132 368
132 368
132 368
132 368
132 368
132 368
132 368
132 368
132 368
132 368
132 368
132 368
132 368
132 368
132 368
132 368
132 368
132 368
132 368
132 368
132 368
133 367
133 367
133 367
133 367
133 367
133 367
133 367
133 367
133 367
133 367
133 367
133 367
133 367
133 367
133 367
133 367
133 367
133 367
133 367
133 367
133 367
133 367
133 367
133 367
133 367
133 367
133 367
133 367
133 367
133 367
133 367
133 367
133 367
133 367
133 367
133 367
133 367
133 367
133 367
133 367
133 367
133 367
133 367
133 367
133 367
133 367
133 367
133 367
133 367
133 367
133 367
133 367
133 367
133 367
133 367
133 367
133 367
133 367
133 367
133 367
133 367
133 367
133 367
133 367
133 367
133 367
133 367
133 367
133 367
133 367
133 367
133 367
133 367
133 367
133 367
133 367
133 367
133 367
133 367
133 367
133 367
133 367
133 367
133 367
133 367
133 367
133 367
133 367
133 367
133 367
133 367
133 367
133 367
133 367
133 367
133 367
133 367
133 367
133 367
133 367
134 366
134 366
134 366
134 366
134 366
134 366
134 366
134 366
134 366
134 366
134 366
134 366
134 366
134 366
134 366
134 366
134 366
134 366
134 366
134 366
134 366
134 366
134 366
134 366
134 366
134 366
134 366
134 366
134 366
134 366
134 366
134 366
134 366
134 366
134 366
134 366
134 366
134 366
134 366
134 366
134 366
134 366
134 366
134 366
134 366
134 366
134 366
134 366
134 366
134 366
134 366
134 366
134 366
134 366
134 366
134 366
134 366
134 366
134 366
134 366
134 366
134 366
134 366
134 366
134 366
134 366
134 366
134 366
134 366
134 366
134 366
134 366
134 366
134 366
134 366
134 366
134 366
134 366
134 366
134 366
134 366
134 366
134 366
134 366
134 366
134 366
134 366
134 366
134 366
134 366
134 366
134 366
134 366
134 366
134 366
134 366
134 366
134 366
135 365
135 365
135 365
135 365
135 365
135 365
135 365
135 365
135 365
135 365
135 365
135 365
135 365
135 365
135 365
135 365
135 365
135 365
135 365
135 365
135 365
135 365
135 365
135 365
135 365
135 365
135 365
135 365
135 365
135 365
135 365
135 365
135 365
135 365
135 365
135 365
135 365
135 365
135 365
135 365
135 365
135 365
135 365
135 365
135 365
135 365
135 365
135 365
135 365
135 365
135 365
135 365
135 365
135 365
135 365
135 365
135 365
135 365
135 365
135 365
135 365
135 365
135 365
135 365
135 365
135 365
135 365
135 365
135 365
135 365
135 365
135 365
135 365
135 365
135 365
135 365
135 365
135 365
135 365
135 365
135 365
135 365
135 365
135 365
135 365
135 365
135 365
135 365
135 365
135 365
135 365
135 365
135 365
135 365
135 365
136 364
136 364
136 364
136 364
136 364
136 364
136 364
136 364
136 364
136 364
136 364
136 364
136 364
136 364
136 364
136 364
136 364
136 364
136 364
136 364
136 364
136 364
136 364
136 364
136 364
136 364
136 364
136 364
136 364
136 364
136 364
136 364
136 364
136 364
136 364
136 364
136 364
136 364
136 364
136 364
136 364
136 364
136 364
136 364
136 364
136 364
136 364
136 364
136 364
136 364
136 364
136 364
136 364
136 364
136 364
136 364
136 364
136 364
136 364
136 364
136 364
136 364
136 364
136 364
136 364
136 364
136 364
136 364
136 364
136 364
136 364
136 364
136 364
136 364
136 364
136 364
136 364
136 364
136 364
136 364
136 364
136 364
137 363
137 363
137 363
137 363
137 363
137 363
137 363
137 363
137 363
137 363
137 363
137 363
137 363
137 363
137 363
137 363
137 363
137 363
137 363
137 363
137 363
137 363
137 363
137 363
137 363
137 363
137 363
137 363
137 363
137 363
137 363
137 363
137 363
137 363
137 363
137 363
137 363
137 363
137 363
137 363
137 363
137 363
137 363
137 363
137 363
137 363
137 363
137 363
137 363
137 363
137 363
137 363
137 363
137 363
137 363
137 363
137 363
137 363
137 363
137 363
137 363
137 363
137 363
137 363
137 363
137 363
137 363
137 363
137 363
137 363
137 363
137 363
137 363
137 363
137 363
137 363
137 363
137 363
137 363
137 363
137 363
137 363
137 363
137 363
137 363
137 363
137 363
137 363
137 363
137 363
137 363
137 363
138 362
138 362
138 362
138 362
138 362
138 362
138 362
138 362
138 362
138 362
138 362
138 362
138 362
138 362
138 362
138 362
138 362
138 362
138 362
138 362
138 362
138 362
138 362
138 362
138 362
138 362
138 362
138 362
138 362
138 362
138 362
138 362
138 362
138 362
138 362
138 362
138 362
138 362
138 362
138 362
138 362
138 362
138 362
138 362
138 362
138 362
138 362
138 362
138 362
138 362
138 362
138 362
138 362
138 362
138 362
138 362
138 362
138 362
138 362
138 362
138 362
138 362
138 362
138 362
138 362
138 362
138 362
138 362
138 362
138 362
138 362
138 362
138 362
138 362
138 362
138 362
138 362
138 362
138 362
138 362
138 362
138 362
138 362
138 362
138 362
138 362
138 362
138 362
138 362
138 362
139 361
139 361
139 361
139 361
139 361
139 361
139 361
139 361
139 361
139 361
139 361
139 361
139 361
139 361
139 361
139 361
139 361
139 361
139 361
139 361
139 361
139 361
139 361
139 361
139 361
139 361
139 361
139 361
139 361
139 361
139 361
139 361
139 361
139 361
139 361
139 361
139 361
139 361
139 361
139 361
139 361
139 361
139 361
139 361
139 361
139 361
139 361
139 361
139 361
139 361
139 361
139 361
139 361
139 361
139 361
139 361
139 361
139 361
139 361
139 361
139 361
139 361
139 361
139 361
139 361
139 361
139 361
139 361
139 361
139 361
139 361
139 361
139 361
139 361
139 361
139 361
139 361
139 361
139 361
139 361
139 361
139 361
139 361
139 361
139 361
139 361
139 361
139 361
139 361
139 361
139 361
139 361
139 361
139 361
139 361
139 361
140 360
140 360
140 360
140 360
140 360
140 360
140 360
140 360
140 360
140 360
140 360
140 360
140 360
140 360
140 360
140 360
140 360
140 360
140 360
140 360
140 360
140 360
140 360
140 360
140 360
140 360
140 360
140 360
140 360
140 360
140 360
140 360
140 360
140 360
140 360
140 360
140 360
140 360
140 360
140 360
140 360
140 360
140 360
140 360
140 360
140 360
140 360
140 360
140 360
140 360
140 360
140 360
140 360
140 360
140 360
140 360
140 360
140 360
140 360
140 360
140 360
140 360
140 360
140 360
140 360
140 360
140 360
140 360
140 360
140 360
140 360
140 360
140 360
140 360
140 360
140 360
140 360
140 360
140 360
140 360
140 360
140 360
140 360
140 360
140 360
140 360
140 360
140 360
140 360
140 360
140 360
140 360
141 359
141 359
141 359
141 359
141 359
141 359
141 359
141 359
141 359
141 359
141 359
141 359
141 359
141 359
141 359
141 359
141 359
141 359
141 359
141 359
141 359
141 359
141 359
141 359
141 359
141 359
141 359
141 359
141 359
141 359
141 359
141 359
141 359
141 359
141 359
141 359
141 359
141 359
141 359
141 359
141 359
141 359
141 359
141 359
141 359
141 359
141 359
141 359
141 359
141 359
141 359
141 359
141 359
141 359
141 359
141 359
141 359
141 359
141 359
141 359
141 359
141 359
141 359
141 359
141 359
141 359
141 359
141 359
141 359
141 359
141 359
141 359
141 359
141 359
141 359
141 359
141 359
141 359
141 359
141 359
141 359
141 359
141 359
142 358
142 358
142 358
142 358
142 358
142 358
142 358
142 358
142 358
142 358
142 358
142 358
142 358
142 358
142 358
142 358
142 358
142 358
142 358
142 358
142 358
142 358
142 358
142 358
142 358
142 358
142 358
142 358
142 358
142 358
142 358
142 358
142 358
142 358
142 358
142 358
142 358
142 358
142 358
142 358
142 358
142 358
142 358
142 358
142 358
142 358
142 358
142 358
142 358
142 358
142 358
142 358
142 358
142 358
142 358
142 358
142 358
142 358
142 358
142 358
142 358
142 358
142 358
142 358
142 358
142 358
142 358
142 358
142 358
142 358
142 358
142 358
142 358
142 358
142 358
142 358
142 358
142 358
142 358
142 358
142 358
142 358
142 358
142 358
142 358
142 358
142 358
142 358
142 358
142 358
142 358
142 358
142 358
142 358
142 358
142 358
142 358
142 358
142 358
142 358
142 358
142 358
142 358
142 358
142 358
142 358
142 358
142 358
142 358
143 357
143 357
143 357
143 357
143 357
143 357
143 357
143 357
143 357
143 357
143 357
143 357
143 357
143 357
143 357
143 357
143 357
143 357
143 357
143 357
143 357
143 357
143 357
143 357
143 357
143 357
143 357
143 357
143 357
143 357
143 357
143 357
143 357
143 357
143 357
143 357
143 357
143 357
143 357
143 357
143 357
143 357
143 357
143 357
143 357
143 357
143 357
143 357
143 357
143 357
143 357
143 357
143 357
143 357
143 357
143 357
143 357
143 357
143 357
143 357
143 357
143 357
143 357
143 357
143 357
143 357
143 357
143 357
143 357
143 357
143 357
143 357
143 357
143 357
143 357
143 357
143 357
143 357
143 357
143 357
143 357
143 357
143 357
143 357
143 357
143 357
144 356
144 356
144 356
144 356
144 356
144 356
144 356
144 356
144 356
144 356
144 356
144 356
144 356
144 356
144 356
144 356
144 356
144 356
144 356
144 356
144 356
144 356
144 356
144 356
144 356
144 356
144 356
144 356
144 356
144 356
144 356
144 356
144 356
144 356
144 356
144 356
144 356
144 356
144 356
144 356
144 356
144 356
144 356
144 356
144 356
144 356
144 356
144 356
144 356
144 356
144 356
144 356
144 356
144 356
144 356
144 356
144 356
144 356
144 356
144 356
144 356
144 356
144 356
144 356
144 356
144 356
144 356
144 356
144 356
144 356
144 356
144 356
144 356
144 356
144 356
144 356
144 356
144 356
144 356
144 356
144 356
144 356
144 356
144 356
144 356
144 356
144 356
144 356
144 356
144 356
144 356
144 356
144 356
144 356
144 356
144 356
144 356
144 356
144 356
144 356
144 356
144 356
144 356
144 356
144 356
144 356
145 355
145 355
145 355
145 355
145 355
145 355
145 355
145 355
145 355
145 355
145 355
145 355
145 355
145 355
145 355
145 355
145 355
145 355
145 355
145 355
145 355
145 355
145 355
145 355
145 355
145 355
145 355
145 355
145 355
145 355
145 355
145 355
145 355
145 355
145 355
145 355
145 355
145 355
145 355
145 355
145 355
145 355
145 355
145 355
145 355
145 355
145 355
145 355
145 355
145 355
145 355
145 355
145 355
145 355
145 355
145 355
145 355
145 355
145 355
145 355
145 355
145 355
145 355
145 355
145 355
145 355
145 355
145 355
145 355
145 355
145 355
145 355
145 355
145 355
145 355
145 355
145 355
145 355
145 355
145 355
145 355
145 355
145 355
145 355
145 355
145 355
146 354
146 354
146 354
146 354
146 354
146 354
146 354
146 354
146 354
146 354
146 354
146 354
146 354
146 354
146 354
146 354
146 354
146 354
146 354
146 354
146 354
146 354
146 354
146 354
146 354
146 354
146 354
146 354
146 354
146 354
146 354
146 354
146 354
146 354
146 354
146 354
146 354
146 354
146 354
146 354
146 354
146 354
146 354
146 354
146 354
146 354
146 354
146 354
146 354
146 354
146 354
146 354
146 354
146 354
146 354
146 354
146 354
146 354
146 354
146 354
146 354
146 354
146 354
146 354
146 354
146 354
146 354
146 354
146 354
146 354
146 354
146 354
146 354
146 354
146 354
146 354
146 354
146 354
146 354
146 354
146 354
146 354
146 354
146 354
146 354
146 354
146 354
146 354
146 354
146 354
146 354
146 354
146 354
146 354
146 354
146 354
146 354
146 354
146 354
146 354
146 354
146 354
146 354
146 354
146 354
146 354
146 354
146 354
147 353
147 353
147 353
147 353
147 353
147 353
147 353
147 353
147 353
147 353
147 353
147 353
147 353
147 353
147 353
147 353
147 353
147 353
147 353
147 353
147 353
147 353
147 353
147 353
147 353
147 353
147 353
147 353
147 353
147 353
147 353
147 353
147 353
147 353
147 353
147 353
147 353
147 353
147 353
147 353
147 353
147 353
147 353
147 353
147 353
147 353
147 353
147 353
147 353
147 353
147 353
147 353
147 353
147 353
147 353
147 353
147 353
147 353
147 353
147 353
147 353
147 353
147 353
147 353
147 353
147 353
147 353
147 353
147 353
147 353
147 353
147 353
147 353
147 353
147 353
147 353
147 353
147 353
147 353
147 353
147 353
147 353
147 353
147 353
147 353
147 353
147 353
147 353
147 353
147 353
147 353
147 353
147 353
147 353
147 353
147 353
147 353
147 353
147 353
148 352
148 352
148 352
148 352
148 352
148 352
148 352
148 352
148 352
148 352
148 352
148 352
148 352
148 352
148 352
148 352
148 352
148 352
148 352
148 352
148 352
148 352
148 352
148 352
148 352
148 352
148 352
148 352
148 352
148 352
148 352
148 352
148 352
148 352
148 352
148 352
148 352
148 352
148 352
148 352
148 352
148 352
148 352
148 352
148 352
148 352
148 352
148 352
148 352
148 352
148 352
148 352
148 352
148 352
148 352
148 352
148 352
148 352
148 352
148 352
148 352
148 352
148 352
148 352
148 352
148 352
148 352
148 352
148 352
148 352
148 352
148 352
148 352
148 352
148 352
148 352
148 352
148 352
148 352
148 352
148 352
148 352
148 352
148 352
148 352
148 352
148 352
148 352
148 352
148 352
148 352
148 352
148 352
148 352
148 352
148 352
149 351
149 351
149 351
149 351
149 351
149 351
149 351
149 351
149 351
149 351
149 351
149 351
149 351
149 351
149 351
149 351
149 351
149 351
149 351
149 351
149 351
149 351
149 351
149 351
149 351
149 351
149 351
149 351
149 351
149 351
149 351
149 351
149 351
149 351
149 351
149 351
149 351
149 351
149 351
149 351
149 351
149 351
149 351
149 351
149 351
149 351
149 351
149 351
149 351
149 351
149 351
149 351
149 351
149 351
149 351
149 351
149 351
149 351
149 351
149 351
149 351
149 351
149 351
149 351
149 351
149 351
149 351
149 351
149 351
149 351
149 351
149 351
149 351
149 351
149 351
149 351
149 351
149 351
149 351
149 351
149 351
149 351
149 351
149 351
149 351
149 351
149 351
149 351
149 351
149 351
149 351
149 351
150 350
150 350
150 350
150 350
150 350
150 350
150 350
150 350
150 350
150 350
150 350
150 350
150 350
150 350
150 350
150 350
150 350
150 350
150 350
150 350
150 350
150 350
150 350
150 350
150 350
150 350
150 350
150 350
150 350
150 350
150 350
150 350
150 350
150 350
150 350
150 350
150 350
150 350
150 350
150 350
150 350
150 350
150 350
150 350
150 350
150 350
150 350
150 350
150 350
150 350
150 350
150 350
150 350
150 350
150 350
150 350
150 350
150 350
150 350
150 350
150 350
150 350
150 350
150 350
150 350
150 350
150 350
150 350
150 350
150 350
150 350
150 350
150 350
150 350
150 350
150 350
150 350
150 350
150 350
150 350
150 350
150 350
150 350
150 350
150 350
150 350
150 350
150 350
151 349
151 349
151 349
151 349
151 349
151 349
151 349
151 349
151 349
151 349
151 349
151 349
151 349
151 349
151 349
151 349
151 349
151 349
151 349
151 349
151 349
151 349
151 349
151 349
151 349
151 349
151 349
151 349
151 349
151 349
151 349
151 349
151 349
151 349
151 349
151 349
151 349
151 349
151 349
151 349
151 349
151 349
151 349
151 349
151 349
151 349
151 349
151 349
151 349
151 349
151 349
151 349
151 349
151 349
151 349
151 349
151 349
151 349
151 349
151 349
151 349
151 349
151 349
151 349
151 349
151 349
151 349
151 349
151 349
151 349
151 349
151 349
151 349
151 349
151 349
151 349
151 349
151 349
151 349
151 349
151 349
151 349
151 349
151 349
151 349
151 349
151 349
151 349
151 349
151 349
151 349
151 349
151 349
151 349
151 349
151 349
151 349
151 349
151 349
151 349
151 349
151 349
151 349
151 349
151 349
151 349
151 349
151 349
151 349
152 348
152 348
152 348
152 348
152 348
152 348
152 348
152 348
152 348
152 348
152 348
152 348
152 348
152 348
152 348
152 348
152 348
152 348
152 348
152 348
152 348
152 348
152 348
152 348
152 348
152 348
152 348
152 348
152 348
152 348
152 348
152 348
152 348
152 348
152 348
152 348
152 348
152 348
152 348
152 348
152 348
152 348
152 348
152 348
152 348
152 348
152 348
152 348
152 348
152 348
152 348
152 348
152 348
152 348
152 348
152 348
152 348
152 348
152 348
152 348
152 348
152 348
152 348
152 348
152 348
152 348
152 348
152 348
152 348
152 348
152 348
152 348
152 348
152 348
152 348
152 348
152 348
152 348
152 348
152 348
152 348
152 348
152 348
152 348
152 348
152 348
152 348
152 348
152 348
152 348
152 348
152 348
152 348
153 347
153 347
153 347
153 347
153 347
153 347
153 347
153 347
153 347
153 347
153 347
153 347
153 347
153 347
153 347
153 347
153 347
153 347
153 347
153 347
153 347
153 347
153 347
153 347
153 347
153 347
153 347
153 347
153 347
153 347
153 347
153 347
153 347
153 347
153 347
153 347
153 347
153 347
153 347
153 347
153 347
153 347
153 347
153 347
153 347
153 347
153 347
153 347
153 347
153 347
153 347
153 347
153 347
153 347
153 347
153 347
153 347
153 347
153 347
153 347
153 347
153 347
153 347
153 347
153 347
153 347
153 347
153 347
153 347
153 347
153 347
153 347
153 347
153 347
153 347
153 347
153 347
153 347
153 347
153 347
153 347
153 347
153 347
153 347
153 347
153 347
153 347
153 347
153 347
153 347
153 347
153 347
154 346
154 346
154 346
154 346
154 346
154 346
154 346
154 346
154 346
154 346
154 346
154 346
154 346
154 346
154 346
154 346
154 346
154 346
154 346
154 346
154 346
154 346
154 346
154 346
154 346
154 346
154 346
154 346
154 346
154 346
154 346
154 346
154 346
154 346
154 346
154 346
154 346
154 346
154 346
154 346
154 346
154 346
154 346
154 346
154 346
154 346
154 346
154 346
154 346
154 346
154 346
154 346
154 346
154 346
154 346
154 346
154 346
154 346
154 346
154 346
154 346
154 346
154 346
154 346
154 346
154 346
154 346
154 346
154 346
154 346
154 346
154 346
154 346
154 346
154 346
154 346
154 346
154 346
154 346
154 346
154 346
154 346
154 346
154 346
154 346
154 346
154 346
154 346
154 346
154 346
154 346
154 346
154 346
154 346
154 346
154 346
154 346
154 346
154 346
154 346
155 345
155 345
155 345
155 345
155 345
155 345
155 345
155 345
155 345
155 345
155 345
155 345
155 345
155 345
155 345
155 345
155 345
155 345
155 345
155 345
155 345
155 345
155 345
155 345
155 345
155 345
155 345
155 345
155 345
155 345
155 345
155 345
155 345
155 345
155 345
155 345
155 345
155 345
155 345
155 345
155 345
155 345
155 345
155 345
155 345
155 345
155 345
155 345
155 345
155 345
155 345
155 345
155 345
155 345
155 345
155 345
155 345
155 345
155 345
155 345
155 345
155 345
155 345
155 345
155 345
155 345
155 345
155 345
155 345
155 345
155 345
155 345
155 345
155 345
155 345
155 345
155 345
155 345
155 345
155 345
155 345
155 345
155 345
155 345
155 345
155 345
156 344
156 344
156 344
156 344
156 344
156 344
156 344
156 344
156 344
156 344
156 344
156 344
156 344
156 344
156 344
156 344
156 344
156 344
156 344
156 344
156 344
156 344
156 344
156 344
156 344
156 344
156 344
156 344
156 344
156 344
156 344
156 344
156 344
156 344
156 344
156 344
156 344
156 344
156 344
156 344
156 344
156 344
156 344
156 344
156 344
156 344
156 344
156 344
156 344
156 344
156 344
156 344
156 344
156 344
156 344
156 344
156 344
156 344
156 344
156 344
156 344
156 344
156 344
156 344
156 344
156 344
156 344
156 344
156 344
156 344
156 344
156 344
156 344
156 344
156 344
156 344
156 344
156 344
156 344
156 344
156 344
156 344
156 344
156 344
156 344
156 344
156 344
156 344
156 344
156 344
156 344
156 344
156 344
156 344
156 344
156 344
156 344
156 344
156 344
156 344
157 343
157 343
157 343
157 343
157 343
157 343
157 343
157 343
157 343
157 343
157 343
157 343
157 343
157 343
157 343
157 343
157 343
157 343
157 343
157 343
157 343
157 343
157 343
157 343
157 343
157 343
157 343
157 343
157 343
157 343
157 343
157 343
157 343
157 343
157 343
157 343
157 343
157 343
157 343
157 343
157 343
157 343
157 343
157 343
157 343
157 343
157 343
157 343
157 343
157 343
157 343
157 343
157 343
157 343
157 343
157 343
157 343
157 343
157 343
157 343
157 343
157 343
157 343
157 343
157 343
157 343
157 343
157 343
157 343
157 343
157 343
157 343
157 343
157 343
157 343
157 343
157 343
157 343
157 343
157 343
157 343
157 343
157 343
157 343
157 343
157 343
157 343
157 343
158 342
158 342
158 342
158 342
158 342
158 342
158 342
158 342
158 342
158 342
158 342
158 342
158 342
158 342
158 342
158 342
158 342
158 342
158 342
158 342
158 342
158 342
158 342
158 342
158 342
158 342
158 342
158 342
158 342
158 342
158 342
158 342
158 342
158 342
158 342
158 342
158 342
158 342
158 342
158 342
158 342
158 342
158 342
158 342
158 342
158 342
158 342
158 342
158 342
158 342
158 342
158 342
158 342
158 342
158 342
158 342
158 342
158 342
158 342
158 342
158 342
158 342
158 342
158 342
158 342
158 342
158 342
158 342
158 342
158 342
158 342
158 342
158 342
158 342
158 342
158 342
158 342
158 342
158 342
158 342
158 342
158 342
158 342
158 342
158 342
158 342
158 342
159 341
159 341
159 341
159 341
159 341
159 341
159 341
159 341
159 341
159 341
159 341
159 341
159 341
159 341
159 341
159 341
159 341
159 341
159 341
159 341
159 341
159 341
159 341
159 341
159 341
159 341
159 341
159 341
159 341
159 341
159 341
159 341
159 341
159 341
159 341
159 341
159 341
159 341
159 341
159 341
159 341
159 341
159 341
159 341
159 341
159 341
159 341
159 341
159 341
159 341
159 341
159 341
159 341
159 341
159 341
159 341
159 341
159 341
159 341
159 341
159 341
159 341
159 341
159 341
159 341
159 341
159 341
159 341
159 341
159 341
159 341
159 341
159 341
159 341
159 341
159 341
159 341
159 341
159 341
159 341
159 341
159 341
159 341
159 341
159 341
159 341
159 341
159 341
159 341
159 341
159 341
159 341
159 341
159 341
159 341
159 341
159 341
159 341
159 341
159 341
159 341
159 341
160 340
160 340
160 340
160 340
160 340
160 340
160 340
160 340
160 340
160 340
160 340
160 340
160 340
160 340
160 340
160 340
160 340
160 340
160 340
160 340
160 340
160 340
160 340
160 340
160 340
160 340
160 340
160 340
160 340
160 340
160 340
160 340
160 340
160 340
160 340
160 340
160 340
160 340
160 340
160 340
160 340
160 340
160 340
160 340
160 340
160 340
160 340
160 340
160 340
160 340
160 340
160 340
160 340
160 340
160 340
160 340
160 340
160 340
160 340
160 340
160 340
160 340
160 340
160 340
160 340
160 340
160 340
160 340
160 340
160 340
160 340
160 340
160 340
160 340
160 340
160 340
160 340
160 340
160 340
160 340
160 340
160 340
160 340
160 340
160 340
160 340
160 340
161 339
161 339
161 339
161 339
161 339
161 339
161 339
161 339
161 339
161 339
161 339
161 339
161 339
161 339
161 339
161 339
161 339
161 339
161 339
161 339
161 339
161 339
161 339
161 339
161 339
161 339
161 339
161 339
161 339
161 339
161 339
161 339
161 339
161 339
161 339
161 339
161 339
161 339
161 339
161 339
161 339
161 339
161 339
161 339
161 339
161 339
161 339
161 339
161 339
161 339
161 339
161 339
161 339
161 339
161 339
161 339
161 339
161 339
161 339
161 339
161 339
161 339
161 339
161 339
161 339
161 339
161 339
161 339
161 339
161 339
161 339
161 339
161 339
161 339
161 339
161 339
161 339
161 339
161 339
161 339
161 339
161 339
161 339
161 339
161 339
161 339
161 339
162 338
162 338
162 338
162 338
162 338
162 338
162 338
162 338
162 338
162 338
162 338
162 338
162 338
162 338
162 338
162 338
162 338
162 338
162 338
162 338
162 338
162 338
162 338
162 338
162 338
162 338
162 338
162 338
162 338
162 338
162 338
162 338
162 338
162 338
162 338
162 338
162 338
162 338
162 338
162 338
162 338
162 338
162 338
162 338
162 338
162 338
162 338
162 338
162 338
162 338
162 338
162 338
162 338
162 338
162 338
162 338
162 338
162 338
162 338
162 338
162 338
162 338
162 338
162 338
162 338
162 338
162 338
162 338
162 338
162 338
162 338
162 338
162 338
162 338
162 338
162 338
162 338
162 338
162 338
162 338
162 338
162 338
162 338
162 338
162 338
162 338
162 338
162 338
162 338
162 338
162 338
162 338
162 338
162 338
162 338
162 338
163 337
163 337
163 337
163 337
163 337
163 337
163 337
163 337
163 337
163 337
163 337
163 337
163 337
163 337
163 337
163 337
163 337
163 337
163 337
163 337
163 337
163 337
163 337
163 337
163 337
163 337
163 337
163 337
163 337
163 337
163 337
163 337
163 337
163 337
163 337
163 337
163 337
163 337
163 337
163 337
163 337
163 337
163 337
163 337
163 337
163 337
163 337
163 337
163 337
163 337
163 337
163 337
163 337
163 337
163 337
163 337
163 337
163 337
163 337
163 337
163 337
163 337
163 337
163 337
163 337
163 337
163 337
163 337
163 337
163 337
163 337
163 337
163 337
163 337
163 337
163 337
163 337
163 337
163 337
163 337
163 337
163 337
163 337
163 337
163 337
163 337
163 337
163 337
163 337
163 337
163 337
163 337
163 337
163 337
163 337
163 337
163 337
164 336
164 336
164 336
164 336
164 336
164 336
164 336
164 336
164 336
164 336
164 336
164 336
164 336
164 336
164 336
164 336
164 336
164 336
164 336
164 336
164 336
164 336
164 336
164 336
164 336
164 336
164 336
164 336
164 336
164 336
164 336
164 336
164 336
164 336
164 336
164 336
164 336
164 336
164 336
164 336
164 336
164 336
164 336
164 336
164 336
164 336
164 336
164 336
164 336
164 336
164 336
164 336
164 336
164 336
164 336
164 336
164 336
164 336
164 336
164 336
164 336
164 336
164 336
164 336
164 336
164 336
164 336
164 336
164 336
164 336
164 336
164 336
164 336
164 336
164 336
164 336
164 336
164 336
164 336
164 336
164 336
164 336
164 336
164 336
164 336
164 336
164 336
164 336
164 336
164 336
164 336
164 336
164 336
164 336
164 336
164 336
164 336
164 336
164 336
164 336
164 336
164 336
164 336
164 336
164 336
164 336
164 336
164 336
165 335
165 335
165 335
165 335
165 335
165 335
165 335
165 335
165 335
165 335
165 335
165 335
165 335
165 335
165 335
165 335
165 335
165 335
165 335
165 335
165 335
165 335
165 335
165 335
165 335
165 335
165 335
165 335
165 335
165 335
165 335
165 335
165 335
165 335
165 335
165 335
165 335
165 335
165 335
165 335
165 335
165 335
165 335
165 335
165 335
165 335
165 335
165 335
165 335
165 335
165 335
165 335
165 335
165 335
165 335
165 335
165 335
165 335
165 335
165 335
165 335
165 335
165 335
165 335
165 335
165 335
165 335
165 335
165 335
165 335
165 335
165 335
165 335
165 335
165 335
165 335
165 335
165 335
165 335
165 335
165 335
165 335
165 335
165 335
165 335
165 335
165 335
165 335
165 335
165 335
165 335
165 335
165 335
166 334
166 334
166 334
166 334
166 334
166 334
166 334
166 334
166 334
166 334
166 334
166 334
166 334
166 334
166 334
166 334
166 334
166 334
166 334
166 334
166 334
166 334
166 334
166 334
166 334
166 334
166 334
166 334
166 334
166 334
166 334
166 334
166 334
166 334
166 334
166 334
166 334
166 334
166 334
166 334
166 334
166 334
166 334
166 334
166 334
166 334
166 334
166 334
166 334
166 334
166 334
166 334
166 334
166 334
166 334
166 334
166 334
166 334
166 334
166 334
166 334
166 334
166 334
166 334
166 334
166 334
166 334
166 334
166 334
166 334
166 334
166 334
166 334
166 334
166 334
166 334
166 334
166 334
166 334
166 334
166 334
166 334
166 334
166 334
166 334
166 334
166 334
166 334
166 334
166 334
166 334
166 334
166 334
166 334
166 334
166 334
166 334
166 334
167 333
167 333
167 333
167 333
167 333
167 333
167 333
167 333
167 333
167 333
167 333
167 333
167 333
167 333
167 333
167 333
167 333
167 333
167 333
167 333
167 333
167 333
167 333
167 333
167 333
167 333
167 333
167 333
167 333
167 333
167 333
167 333
167 333
167 333
167 333
167 333
167 333
167 333
167 333
167 333
167 333
167 333
167 333
167 333
167 333
167 333
167 333
167 333
167 333
167 333
167 333
167 333
167 333
167 333
167 333
167 333
167 333
167 333
167 333
167 333
167 333
167 333
167 333
167 333
167 333
167 333
167 333
167 333
167 333
167 333
167 333
167 333
167 333
167 333
167 333
167 333
167 333
167 333
167 333
167 333
167 333
167 333
167 333
167 333
167 333
167 333
167 333
167 333
167 333
168 332
168 332
168 332
168 332
168 332
168 332
168 332
168 332
168 332
168 332
168 332
168 332
168 332
168 332
168 332
168 332
168 332
168 332
168 332
168 332
168 332
168 332
168 332
168 332
168 332
168 332
168 332
168 332
168 332
168 332
168 332
168 332
168 332
168 332
168 332
168 332
168 332
168 332
168 332
168 332
168 332
168 332
168 332
168 332
168 332
168 332
168 332
168 332
168 332
168 332
168 332
168 332
168 332
168 332
168 332
168 332
168 332
168 332
168 332
168 332
168 332
168 332
168 332
168 332
168 332
168 332
168 332
168 332
168 332
168 332
168 332
168 332
168 332
168 332
168 332
168 332
168 332
168 332
168 332
168 332
168 332
168 332
168 332
168 332
168 332
168 332
168 332
168 332
169 331
169 331
169 331
169 331
169 331
169 331
169 331
169 331
169 331
169 331
169 331
169 331
169 331
169 331
169 331
169 331
169 331
169 331
169 331
169 331
169 331
169 331
169 331
169 331
169 331
169 331
169 331
169 331
169 331
169 331
169 331
169 331
169 331
169 331
169 331
169 331
169 331
169 331
169 331
169 331
169 331
169 331
169 331
169 331
169 331
169 331
169 331
169 331
169 331
169 331
169 331
169 331
169 331
169 331
169 331
169 331
169 331
169 331
169 331
169 331
169 331
169 331
169 331
169 331
169 331
169 331
169 331
169 331
169 331
169 331
169 331
169 331
169 331
169 331
169 331
169 331
169 331
169 331
169 331
169 331
169 331
169 331
169 331
169 331
169 331
169 331
169 331
169 331
169 331
169 331
169 331
169 331
169 331
169 331
169 331
170 330
170 330
170 330
170 330
170 330
170 330
170 330
170 330
170 330
170 330
170 330
170 330
170 330
170 330
170 330
170 330
170 330
170 330
170 330
170 330
170 330
170 330
170 330
170 330
170 330
170 330
170 330
170 330
170 330
170 330
170 330
170 330
170 330
170 330
170 330
170 330
170 330
170 330
170 330
170 330
170 330
170 330
170 330
170 330
170 330
170 330
170 330
170 330
170 330
170 330
170 330
170 330
170 330
170 330
170 330
170 330
170 330
170 330
170 330
170 330
170 330
170 330
170 330
170 330
170 330
170 330
170 330
170 330
170 330
170 330
170 330
170 330
170 330
170 330
170 330
170 330
170 330
170 330
170 330
170 330
170 330
170 330
170 330
170 330
170 330
170 330
170 330
170 330
170 330
170 330
170 330
170 330
170 330
170 330
170 330
170 330
170 330
170 330
170 330
170 330
171 329
171 329
171 329
171 329
171 329
171 329
171 329
171 329
171 329
171 329
171 329
171 329
171 329
171 329
171 329
171 329
171 329
171 329
171 329
171 329
171 329
171 329
171 329
171 329
171 329
171 329
171 329
171 329
171 329
171 329
171 329
171 329
171 329
171 329
171 329
171 329
171 329
171 329
171 329
171 329
171 329
171 329
171 329
171 329
171 329
171 329
171 329
171 329
171 329
171 329
171 329
171 329
171 329
171 329
171 329
171 329
171 329
171 329
171 329
171 329
171 329
171 329
171 329
171 329
171 329
171 329
171 329
171 329
171 329
171 329
171 329
171 329
171 329
171 329
171 329
171 329
171 329
171 329
171 329
171 329
171 329
171 329
171 329
171 329
171 329
171 329
171 329
171 329
171 329
171 329
171 329
171 329
171 329
171 329
171 329
171 329
171 329
171 329
171 329
171 329
171 329
171 329
171 329
171 329
171 329
172 328
172 328
172 328
172 328
172 328
172 328
172 328
172 328
172 328
172 328
172 328
172 328
172 328
172 328
172 328
172 328
172 328
172 328
172 328
172 328
172 328
172 328
172 328
172 328
172 328
172 328
172 328
172 328
172 328
172 328
172 328
172 328
172 328
172 328
172 328
172 328
172 328
172 328
172 328
172 328
172 328
172 328
172 328
172 328
172 328
172 328
172 328
172 328
172 328
172 328
172 328
172 328
172 328
172 328
172 328
172 328
172 328
172 328
172 328
172 328
172 328
172 328
172 328
172 328
172 328
172 328
172 328
172 328
172 328
172 328
172 328
172 328
172 328
172 328
172 328
172 328
172 328
172 328
172 328
172 328
172 328
172 328
172 328
172 328
172 328
172 328
172 328
172 328
172 328
172 328
172 328
172 328
172 328
172 328
172 328
172 328
173 327
173 327
173 327
173 327
173 327
173 327
173 327
173 327
173 327
173 327
173 327
173 327
173 327
173 327
173 327
173 327
173 327
173 327
173 327
173 327
173 327
173 327
173 327
173 327
173 327
173 327
173 327
173 327
173 327
173 327
173 327
173 327
173 327
173 327
173 327
173 327
173 327
173 327
173 327
173 327
173 327
173 327
173 327
173 327
173 327
173 327
173 327
173 327
173 327
173 327
173 327
173 327
173 327
173 327
173 327
173 327
173 327
173 327
173 327
173 327
173 327
173 327
173 327
173 327
173 327
173 327
173 327
173 327
173 327
173 327
173 327
173 327
173 327
173 327
173 327
173 327
173 327
173 327
173 327
173 327
173 327
173 327
173 327
173 327
173 327
173 327
173 327
173 327
173 327
173 327
173 327
173 327
173 327
173 327
173 327
173 327
173 327
173 327
173 327
173 327
173 327
173 327
173 327
173 327
173 327
173 327
173 327
173 327
174 326
174 326
174 326
174 326
174 326
174 326
174 326
174 326
174 326
174 326
174 326
174 326
174 326
174 326
174 326
174 326
174 326
174 326
174 326
174 326
174 326
174 326
174 326
174 326
174 326
174 326
174 326
174 326
174 326
174 326
174 326
174 326
174 326
174 326
174 326
174 326
174 326
174 326
174 326
174 326
174 326
174 326
174 326
174 326
174 326
174 326
174 326
174 326
174 326
174 326
174 326
174 326
174 326
174 326
174 326
174 326
174 326
174 326
174 326
174 326
174 326
174 326
174 326
174 326
174 326
174 326
174 326
174 326
174 326
174 326
174 326
174 326
174 326
174 326
174 326
174 326
174 326
174 326
174 326
174 326
174 326
174 326
174 326
174 326
174 326
174 326
174 326
174 326
174 326
174 326
175 325
175 325
175 325
175 325
175 325
175 325
175 325
175 325
175 325
175 325
175 325
175 325
175 325
175 325
175 325
175 325
175 325
175 325
175 325
175 325
175 325
175 325
175 325
175 325
175 325
175 325
175 325
175 325
175 325
175 325
175 325
175 325
175 325
175 325
175 325
175 325
175 325
175 325
175 325
175 325
175 325
175 325
175 325
175 325
175 325
175 325
175 325
175 325
175 325
175 325
175 325
175 325
175 325
175 325
175 325
175 325
175 325
175 325
175 325
175 325
175 325
175 325
175 325
175 325
175 325
175 325
175 325
175 325
175 325
175 325
175 325
175 325
175 325
175 325
175 325
175 325
175 325
175 325
175 325
175 325
175 325
175 325
175 325
175 325
175 325
175 325
175 325
175 325
175 325
175 325
175 325
175 325
175 325
175 325
175 325
175 325
176 324
176 324
176 324
176 324
176 324
176 324
176 324
176 324
176 324
176 324
176 324
176 324
176 324
176 324
176 324
176 324
176 324
176 324
176 324
176 324
176 324
176 324
176 324
176 324
176 324
176 324
176 324
176 324
176 324
176 324
176 324
176 324
176 324
176 324
176 324
176 324
176 324
176 324
176 324
176 324
176 324
176 324
176 324
176 324
176 324
176 324
176 324
176 324
176 324
176 324
176 324
176 324
176 324
176 324
176 324
176 324
176 324
176 324
176 324
176 324
176 324
176 324
176 324
176 324
176 324
176 324
176 324
176 324
176 324
176 324
176 324
176 324
176 324
176 324
176 324
176 324
176 324
176 324
176 324
176 324
176 324
176 324
176 324
176 324
176 324
176 324
176 324
176 324
176 324
176 324
176 324
176 324
176 324
177 323
177 323
177 323
177 323
177 323
177 323
177 323
177 323
177 323
177 323
177 323
177 323
177 323
177 323
177 323
177 323
177 323
177 323
177 323
177 323
177 323
177 323
177 323
177 323
177 323
177 323
177 323
177 323
177 323
177 323
177 323
177 323
177 323
177 323
177 323
177 323
177 323
177 323
177 323
177 323
177 323
177 323
177 323
177 323
177 323
177 323
177 323
177 323
177 323
177 323
177 323
177 323
177 323
177 323
177 323
177 323
177 323
177 323
177 323
177 323
177 323
177 323
177 323
177 323
177 323
177 323
177 323
177 323
177 323
177 323
177 323
177 323
177 323
177 323
177 323
177 323
177 323
177 323
177 323
177 323
177 323
177 323
177 323
177 323
177 323
177 323
177 323
177 323
177 323
177 323
177 323
177 323
177 323
177 323
177 323
177 323
177 323
177 323
177 323
177 323
177 323
177 323
177 323
177 323
177 323
177 323
177 323
177 323
177 323
177 323
177 323
178 322
178 322
178 322
178 322
178 322
178 322
178 322
178 322
178 322
178 322
178 322
178 322
178 322
178 322
178 322
178 322
178 322
178 322
178 322
178 322
178 322
178 322
178 322
178 322
178 322
178 322
178 322
178 322
178 322
178 322
178 322
178 322
178 322
178 322
178 322
178 322
178 322
178 322
178 322
178 322
178 322
178 322
178 322
178 322
178 322
178 322
178 322
178 322
178 322
178 322
178 322
178 322
178 322
178 322
178 322
178 322
178 322
178 322
178 322
178 322
178 322
178 322
178 322
178 322
178 322
178 322
178 322
178 322
178 322
178 322
178 322
178 322
178 322
178 322
178 322
178 322
178 322
178 322
178 322
178 322
178 322
178 322
179 321
179 321
179 321
179 321
179 321
179 321
179 321
179 321
179 321
179 321
179 321
179 321
179 321
179 321
179 321
179 321
179 321
179 321
179 321
179 321
179 321
179 321
179 321
179 321
179 321
179 321
179 321
179 321
179 321
179 321
179 321
179 321
179 321
179 321
179 321
179 321
179 321
179 321
179 321
179 321
179 321
179 321
179 321
179 321
179 321
179 321
179 321
179 321
179 321
179 321
179 321
179 321
179 321
179 321
179 321
179 321
179 321
179 321
179 321
179 321
179 321
179 321
179 321
179 321
179 321
179 321
179 321
179 321
179 321
179 321
179 321
179 321
179 321
179 321
179 321
179 321
179 321
179 321
179 321
179 321
179 321
179 321
179 321
179 321
179 321
179 321
179 321
179 321
179 321
179 321
179 321
180 320
180 320
180 320
180 320
180 320
180 320
180 320
180 320
180 320
180 320
180 320
180 320
180 320
180 320
180 320
180 320
180 320
180 320
180 320
180 320
180 320
180 320
180 320
180 320
180 320
180 320
180 320
180 320
180 320
180 320
180 320
180 320
180 320
180 320
180 320
180 320
180 320
180 320
180 320
180 320
180 320
180 320
180 320
180 320
180 320
180 320
180 320
180 320
180 320
180 320
180 320
180 320
180 320
180 320
180 320
180 320
180 320
180 320
180 320
180 320
180 320
180 320
180 320
180 320
180 320
180 320
180 320
180 320
180 320
180 320
180 320
180 320
180 320
180 320
180 320
180 320
180 320
180 320
180 320
180 320
180 320
180 320
180 320
180 320
180 320
180 320
180 320
180 320
180 320
180 320
180 320
180 320
180 320
180 320
181 319
181 319
181 319
181 319
181 319
181 319
181 319
181 319
181 319
181 319
181 319
181 319
181 319
181 319
181 319
181 319
181 319
181 319
181 319
181 319
181 319
181 319
181 319
181 319
181 319
181 319
181 319
181 319
181 319
181 319
181 319
181 319
181 319
181 319
181 319
181 319
181 319
181 319
181 319
181 319
181 319
181 319
181 319
181 319
181 319
181 319
181 319
181 319
181 319
181 319
181 319
181 319
181 319
181 319
181 319
181 319
181 319
181 319
181 319
181 319
181 319
181 319
181 319
181 319
181 319
181 319
181 319
181 319
181 319
181 319
181 319
181 319
181 319
181 319
181 319
181 319
181 319
181 319
181 319
181 319
181 319
181 319
181 319
181 319
181 319
181 319
181 319
181 319
181 319
181 319
181 319
181 319
181 319
181 319
181 319
181 319
182 318
182 318
182 318
182 318
182 318
182 318
182 318
182 318
182 318
182 318
182 318
182 318
182 318
182 318
182 318
182 318
182 318
182 318
182 318
182 318
182 318
182 318
182 318
182 318
182 318
182 318
182 318
182 318
182 318
182 318
182 318
182 318
182 318
182 318
182 318
182 318
182 318
182 318
182 318
182 318
182 318
182 318
182 318
182 318
182 318
182 318
182 318
182 318
182 318
182 318
182 318
182 318
182 318
182 318
182 318
182 318
182 318
182 318
182 318
182 318
182 318
182 318
182 318
182 318
182 318
182 318
182 318
182 318
182 318
182 318
182 318
182 318
182 318
182 318
182 318
182 318
182 318
182 318
182 318
182 318
182 318
182 318
182 318
182 318
182 318
182 318
182 318
182 318
182 318
182 318
182 318
182 318
182 318
182 318
182 318
183 317
183 317
183 317
183 317
183 317
183 317
183 317
183 317
183 317
183 317
183 317
183 317
183 317
183 317
183 317
183 317
183 317
183 317
183 317
183 317
183 317
183 317
183 317
183 317
183 317
183 317
183 317
183 317
183 317
183 317
183 317
183 317
183 317
183 317
183 317
183 317
183 317
183 317
183 317
183 317
183 317
183 317
183 317
183 317
183 317
183 317
183 317
183 317
183 317
183 317
183 317
183 317
183 317
183 317
183 317
183 317
183 317
183 317
183 317
183 317
183 317
183 317
183 317
183 317
183 317
183 317
183 317
183 317
183 317
183 317
183 317
183 317
183 317
183 317
183 317
183 317
183 317
183 317
183 317
183 317
183 317
183 317
183 317
183 317
183 317
183 317
183 317
183 317
183 317
183 317
183 317
183 317
183 317
184 316
184 316
184 316
184 316
184 316
184 316
184 316
184 316
184 316
184 316
184 316
184 316
184 316
184 316
184 316
184 316
184 316
184 316
184 316
184 316
184 316
184 316
184 316
184 316
184 316
184 316
184 316
184 316
184 316
184 316
184 316
184 316
184 316
184 316
184 316
184 316
184 316
184 316
184 316
184 316
184 316
184 316
184 316
184 316
184 316
184 316
184 316
184 316
184 316
184 316
184 316
184 316
184 316
184 316
184 316
184 316
184 316
184 316
184 316
184 316
184 316
184 316
184 316
184 316
184 316
184 316
184 316
184 316
184 316
184 316
184 316
184 316
184 316
184 316
184 316
184 316
184 316
184 316
184 316
184 316
184 316
184 316
184 316
184 316
184 316
184 316
184 316
184 316
184 316
184 316
184 316
184 316
184 316
184 316
184 316
184 316
184 316
184 316
184 316
184 316
184 316
184 316
185 315
185 315
185 315
185 315
185 315
185 315
185 315
185 315
185 315
185 315
185 315
185 315
185 315
185 315
185 315
185 315
185 315
185 315
185 315
185 315
185 315
185 315
185 315
185 315
185 315
185 315
185 315
185 315
185 315
185 315
185 315
185 315
185 315
185 315
185 315
185 315
185 315
185 315
185 315
185 315
185 315
185 315
185 315
185 315
185 315
185 315
185 315
185 315
185 315
185 315
185 315
185 315
185 315
185 315
185 315
185 315
185 315
185 315
185 315
185 315
185 315
185 315
185 315
185 315
185 315
185 315
185 315
185 315
185 315
185 315
185 315
185 315
185 315
185 315
185 315
185 315
185 315
185 315
185 315
185 315
185 315
185 315
185 315
185 315
185 315
185 315
185 315
185 315
185 315
185 315
185 315
185 315
185 315
185 315
185 315
185 315
185 315
185 315
185 315
186 314
186 314
186 314
186 314
186 314
186 314
186 314
186 314
186 314
186 314
186 314
186 314
186 314
186 314
186 314
186 314
186 314
186 314
186 314
186 314
186 314
186 314
186 314
186 314
186 314
186 314
186 314
186 314
186 314
186 314
186 314
186 314
186 314
186 314
186 314
186 314
186 314
186 314
186 314
186 314
186 314
186 314
186 314
186 314
186 314
186 314
186 314
186 314
186 314
186 314
186 314
186 314
186 314
186 314
186 314
186 314
186 314
186 314
186 314
186 314
186 314
186 314
186 314
186 314
186 314
186 314
186 314
186 314
186 314
186 314
186 314
186 314
186 314
186 314
186 314
186 314
186 314
187 313
187 313
187 313
187 313
187 313
187 313
187 313
187 313
187 313
187 313
187 313
187 313
187 313
187 313
187 313
187 313
187 313
187 313
187 313
187 313
187 313
187 313
187 313
187 313
187 313
187 313
187 313
187 313
187 313
187 313
187 313
187 313
187 313
187 313
187 313
187 313
187 313
187 313
187 313
187 313
187 313
187 313
187 313
187 313
187 313
187 313
187 313
187 313
187 313
187 313
187 313
187 313
187 313
187 313
187 313
187 313
187 313
187 313
187 313
187 313
187 313
187 313
187 313
187 313
187 313
187 313
187 313
187 313
187 313
187 313
187 313
187 313
187 313
187 313
187 313
187 313
187 313
187 313
187 313
187 313
187 313
187 313
187 313
187 313
187 313
187 313
187 313
187 313
187 313
187 313
187 313
187 313
187 313
187 313
187 313
187 313
187 313
187 313
187 313
187 313
187 313
187 313
187 313
187 313
188 312
188 312
188 312
188 312
188 312
188 312
188 312
188 312
188 312
188 312
188 312
188 312
188 312
188 312
188 312
188 312
188 312
188 312
188 312
188 312
188 312
188 312
188 312
188 312
188 312
188 312
188 312
188 312
188 312
188 312
188 312
188 312
188 312
188 312
188 312
188 312
188 312
188 312
188 312
188 312
188 312
188 312
188 312
188 312
188 312
188 312
188 312
188 312
188 312
188 312
188 312
188 312
188 312
188 312
188 312
188 312
188 312
188 312
188 312
188 312
188 312
188 312
188 312
188 312
188 312
188 312
188 312
188 312
188 312
188 312
188 312
188 312
188 312
188 312
188 312
188 312
188 312
188 312
188 312
188 312
188 312
188 312
188 312
188 312
188 312
188 312
188 312
188 312
188 312
188 312
188 312
188 312
188 312
188 312
188 312
188 312
188 312
188 312
188 312
188 312
188 312
188 312
189 311
189 311
189 311
189 311
189 311
189 311
189 311
189 311
189 311
189 311
189 311
189 311
189 311
189 311
189 311
189 311
189 311
189 311
189 311
189 311
189 311
189 311
189 311
189 311
189 311
189 311
189 311
189 311
189 311
189 311
189 311
189 311
189 311
189 311
189 311
189 311
189 311
189 311
189 311
189 311
189 311
189 311
189 311
189 311
189 311
189 311
189 311
189 311
189 311
189 311
189 311
189 311
189 311
189 311
189 311
189 311
189 311
189 311
189 311
189 311
189 311
189 311
189 311
189 311
189 311
189 311
189 311
189 311
189 311
189 311
189 311
189 311
189 311
189 311
189 311
189 311
189 311
190 310
190 310
190 310
190 310
190 310
190 310
190 310
190 310
190 310
190 310
190 310
190 310
190 310
190 310
190 310
190 310
190 310
190 310
190 310
190 310
190 310
190 310
190 310
190 310
190 310
190 310
190 310
190 310
190 310
190 310
190 310
190 310
190 310
190 310
190 310
190 310
190 310
190 310
190 310
190 310
190 310
190 310
190 310
190 310
190 310
190 310
190 310
190 310
190 310
190 310
190 310
190 310
190 310
190 310
190 310
190 310
190 310
190 310
190 310
190 310
190 310
190 310
190 310
190 310
190 310
190 310
190 310
190 310
190 310
190 310
190 310
190 310
190 310
190 310
190 310
190 310
190 310
190 310
190 310
190 310
190 310
190 310
190 310
190 310
190 310
190 310
190 310
190 310
190 310
190 310
190 310
190 310
190 310
190 310
190 310
190 310
190 310
190 310
190 310
191 309
191 309
191 309
191 309
191 309
191 309
191 309
191 309
191 309
191 309
191 309
191 309
191 309
191 309
191 309
191 309
191 309
191 309
191 309
191 309
191 309
191 309
191 309
191 309
191 309
191 309
191 309
191 309
191 309
191 309
191 309
191 309
191 309
191 309
191 309
191 309
191 309
191 309
191 309
191 309
191 309
191 309
191 309
191 309
191 309
191 309
191 309
191 309
191 309
191 309
191 309
191 309
191 309
191 309
191 309
191 309
191 309
191 309
191 309
191 309
191 309
191 309
191 309
191 309
191 309
191 309
191 309
191 309
191 309
191 309
191 309
191 309
191 309
191 309
191 309
191 309
191 309
191 309
191 309
191 309
191 309
191 309
191 309
191 309
191 309
191 309
191 309
191 309
191 309
191 309
191 309
191 309
191 309
191 309
191 309
192 308
192 308
192 308
192 308
192 308
192 308
192 308
192 308
192 308
192 308
192 308
192 308
192 308
192 308
192 308
192 308
192 308
192 308
192 308
192 308
192 308
192 308
192 308
192 308
192 308
192 308
192 308
192 308
192 308
192 308
192 308
192 308
192 308
192 308
192 308
192 308
192 308
192 308
192 308
192 308
192 308
192 308
192 308
192 308
192 308
192 308
192 308
192 308
192 308
192 308
192 308
192 308
192 308
192 308
192 308
192 308
192 308
192 308
192 308
192 308
192 308
192 308
192 308
192 308
192 308
192 308
192 308
192 308
192 308
192 308
192 308
192 308
192 308
192 308
192 308
192 308
192 308
192 308
192 308
192 308
192 308
192 308
192 308
192 308
192 308
192 308
192 308
192 308
192 308
192 308
192 308
192 308
192 308
192 308
192 308
192 308
192 308
192 308
192 308
193 307
193 307
193 307
193 307
193 307
193 307
193 307
193 307
193 307
193 307
193 307
193 307
193 307
193 307
193 307
193 307
193 307
193 307
193 307
193 307
193 307
193 307
193 307
193 307
193 307
193 307
193 307
193 307
193 307
193 307
193 307
193 307
193 307
193 307
193 307
193 307
193 307
193 307
193 307
193 307
193 307
193 307
193 307
193 307
193 307
193 307
193 307
193 307
193 307
193 307
193 307
193 307
193 307
193 307
193 307
193 307
193 307
193 307
193 307
193 307
193 307
193 307
193 307
193 307
193 307
193 307
193 307
193 307
193 307
193 307
193 307
193 307
193 307
193 307
193 307
193 307
193 307
193 307
193 307
193 307
193 307
193 307
193 307
193 307
193 307
193 307
193 307
193 307
193 307
193 307
193 307
194 306
194 306
194 306
194 306
194 306
194 306
194 306
194 306
194 306
194 306
194 306
194 306
194 306
194 306
194 306
194 306
194 306
194 306
194 306
194 306
194 306
194 306
194 306
194 306
194 306
194 306
194 306
194 306
194 306
194 306
194 306
194 306
194 306
194 306
194 306
194 306
194 306
194 306
194 306
194 306
194 306
194 306
194 306
194 306
194 306
194 306
194 306
194 306
194 306
194 306
194 306
194 306
194 306
194 306
194 306
194 306
194 306
194 306
194 306
194 306
194 306
194 306
194 306
194 306
194 306
194 306
194 306
194 306
194 306
194 306
194 306
194 306
194 306
194 306
194 306
194 306
194 306
194 306
194 306
194 306
194 306
194 306
194 306
194 306
194 306
194 306
194 306
194 306
194 306
194 306
194 306
194 306
194 306
194 306
194 306
195 305
195 305
195 305
195 305
195 305
195 305
195 305
195 305
195 305
195 305
195 305
195 305
195 305
195 305
195 305
195 305
195 305
195 305
195 305
195 305
195 305
195 305
195 305
195 305
195 305
195 305
195 305
195 305
195 305
195 305
195 305
195 305
195 305
195 305
195 305
195 305
195 305
195 305
195 305
195 305
195 305
195 305
195 305
195 305
195 305
195 305
195 305
195 305
195 305
195 305
195 305
195 305
195 305
195 305
195 305
195 305
195 305
195 305
195 305
195 305
195 305
195 305
195 305
195 305
195 305
195 305
195 305
195 305
195 305
195 305
195 305
195 305
195 305
195 305
195 305
195 305
195 305
195 305
195 305
195 305
195 305
195 305
195 305
195 305
195 305
195 305
195 305
195 305
195 305
195 305
196 304
196 304
196 304
196 304
196 304
196 304
196 304
196 304
196 304
196 304
196 304
196 304
196 304
196 304
196 304
196 304
196 304
196 304
196 304
196 304
196 304
196 304
196 304
196 304
196 304
196 304
196 304
196 304
196 304
196 304
196 304
196 304
196 304
196 304
196 304
196 304
196 304
196 304
196 304
196 304
196 304
196 304
196 304
196 304
196 304
196 304
196 304
196 304
196 304
196 304
196 304
196 304
196 304
196 304
196 304
196 304
196 304
196 304
196 304
196 304
196 304
196 304
196 304
196 304
196 304
196 304
196 304
196 304
196 304
196 304
196 304
196 304
196 304
196 304
196 304
196 304
196 304
196 304
196 304
196 304
196 304
196 304
197 303
197 303
197 303
197 303
197 303
197 303
197 303
197 303
197 303
197 303
197 303
197 303
197 303
197 303
197 303
197 303
197 303
197 303
197 303
197 303
197 303
197 303
197 303
197 303
197 303
197 303
197 303
197 303
197 303
197 303
197 303
197 303
197 303
197 303
197 303
197 303
197 303
197 303
197 303
197 303
197 303
197 303
197 303
197 303
197 303
197 303
197 303
197 303
197 303
197 303
197 303
197 303
197 303
197 303
197 303
197 303
197 303
197 303
197 303
197 303
197 303
197 303
197 303
197 303
197 303
197 303
197 303
197 303
197 303
197 303
197 303
197 303
197 303
197 303
197 303
197 303
197 303
197 303
197 303
197 303
197 303
197 303
197 303
197 303
197 303
197 303
197 303
198 302
198 302
198 302
198 302
198 302
198 302
198 302
198 302
198 302
198 302
198 302
198 302
198 302
198 302
198 302
198 302
198 302
198 302
198 302
198 302
198 302
198 302
198 302
198 302
198 302
198 302
198 302
198 302
198 302
198 302
198 302
198 302
198 302
198 302
198 302
198 302
198 302
198 302
198 302
198 302
198 302
198 302
198 302
198 302
198 302
198 302
198 302
198 302
198 302
198 302
198 302
198 302
198 302
198 302
198 302
198 302
198 302
198 302
198 302
198 302
198 302
198 302
198 302
198 302
198 302
198 302
198 302
198 302
198 302
198 302
198 302
198 302
198 302
198 302
198 302
198 302
198 302
198 302
198 302
198 302
198 302
198 302
198 302
198 302
198 302
198 302
198 302
198 302
198 302
198 302
198 302
198 302
198 302
199 301
199 301
199 301
199 301
199 301
199 301
199 301
199 301
199 301
199 301
199 301
199 301
199 301
199 301
199 301
199 301
199 301
199 301
199 301
199 301
199 301
199 301
199 301
199 301
199 301
199 301
199 301
199 301
199 301
199 301
199 301
199 301
199 301
199 301
199 301
199 301
199 301
199 301
199 301
199 301
199 301
199 301
199 301
199 301
199 301
199 301
199 301
199 301
199 301
199 301
199 301
199 301
199 301
199 301
199 301
199 301
199 301
199 301
199 301
199 301
199 301
199 301
199 301
199 301
199 301
199 301
199 301
199 301
199 301
199 301
199 301
199 301
199 301
199 301
199 301
199 301
199 301
199 301
199 301
199 301
199 301
199 301
200 300
200 300
200 300
200 300
200 300
200 300
200 300
200 300
200 300
200 300
200 300
200 300
200 300
200 300
200 300
200 300
200 300
200 300
200 300
200 300
200 300
200 300
200 300
200 300
200 300
200 300
200 300
200 300
200 300
200 300
200 300
200 300
200 300
200 300
200 300
200 300
200 300
200 300
200 300
200 300
200 300
200 300
200 300
200 300
200 300
200 300
200 300
200 300
200 300
200 300
200 300
200 300
200 300
200 300
200 300
200 300
200 300
200 300
200 300
200 300
200 300
200 300
200 300
200 300
200 300
200 300
200 300
200 300
200 300
200 300
200 300
200 300
200 300
200 300
200 300
200 300
200 300
200 300
200 300
200 300
200 300
200 300
200 300
200 300
200 300
200 300
200 300
200 300
200 300
200 300
200 300
201 299
201 299
201 299
201 299
201 299
201 299
201 299
201 299
201 299
201 299
201 299
201 299
201 299
201 299
201 299
201 299
201 299
201 299
201 299
201 299
201 299
201 299
201 299
201 299
201 299
201 299
201 299
201 299
201 299
201 299
201 299
201 299
201 299
201 299
201 299
201 299
201 299
201 299
201 299
201 299
201 299
201 299
201 299
201 299
201 299
201 299
201 299
201 299
201 299
201 299
201 299
201 299
201 299
201 299
201 299
201 299
201 299
201 299
201 299
201 299
201 299
201 299
201 299
201 299
201 299
201 299
201 299
201 299
201 299
201 299
201 299
201 299
201 299
201 299
201 299
201 299
201 299
201 299
201 299
201 299
201 299
201 299
201 299
201 299
201 299
201 299
201 299
201 299
201 299
201 299
201 299
202 298
202 298
202 298
202 298
202 298
202 298
202 298
202 298
202 298
202 298
202 298
202 298
202 298
202 298
202 298
202 298
202 298
202 298
202 298
202 298
202 298
202 298
202 298
202 298
202 298
202 298
202 298
202 298
202 298
202 298
202 298
202 298
202 298
202 298
202 298
202 298
202 298
202 298
202 298
202 298
202 298
202 298
202 298
202 298
202 298
202 298
202 298
202 298
202 298
202 298
202 298
202 298
202 298
202 298
202 298
202 298
202 298
202 298
202 298
202 298
202 298
202 298
202 298
202 298
202 298
202 298
202 298
202 298
202 298
202 298
202 298
202 298
202 298
202 298
202 298
202 298
202 298
202 298
202 298
202 298
202 298
202 298
202 298
202 298
203 297
203 297
203 297
203 297
203 297
203 297
203 297
203 297
203 297
203 297
203 297
203 297
203 297
203 297
203 297
203 297
203 297
203 297
203 297
203 297
203 297
203 297
203 297
203 297
203 297
203 297
203 297
203 297
203 297
203 297
203 297
203 297
203 297
203 297
203 297
203 297
203 297
203 297
203 297
203 297
203 297
203 297
203 297
203 297
203 297
203 297
203 297
203 297
203 297
203 297
203 297
203 297
203 297
203 297
203 297
203 297
203 297
203 297
203 297
203 297
203 297
203 297
203 297
203 297
203 297
203 297
203 297
203 297
203 297
203 297
203 297
203 297
203 297
203 297
203 297
203 297
203 297
203 297
203 297
203 297
203 297
203 297
203 297
203 297
203 297
203 297
203 297
203 297
203 297
203 297
203 297
203 297
203 297
204 296
204 296
204 296
204 296
204 296
204 296
204 296
204 296
204 296
204 296
204 296
204 296
204 296
204 296
204 296
204 296
204 296
204 296
204 296
204 296
204 296
204 296
204 296
204 296
204 296
204 296
204 296
204 296
204 296
204 296
204 296
204 296
204 296
204 296
204 296
204 296
204 296
204 296
204 296
204 296
204 296
204 296
204 296
204 296
204 296
204 296
204 296
204 296
204 296
204 296
204 296
204 296
204 296
204 296
204 296
204 296
204 296
204 296
204 296
204 296
204 296
204 296
204 296
204 296
204 296
204 296
204 296
204 296
204 296
204 296
204 296
204 296
204 296
204 296
204 296
204 296
204 296
204 296
204 296
204 296
204 296
204 296
204 296
204 296
204 296
204 296
204 296
204 296
204 296
204 296
204 296
204 296
204 296
205 295
205 295
205 295
205 295
205 295
205 295
205 295
205 295
205 295
205 295
205 295
205 295
205 295
205 295
205 295
205 295
205 295
205 295
205 295
205 295
205 295
205 295
205 295
205 295
205 295
205 295
205 295
205 295
205 295
205 295
205 295
205 295
205 295
205 295
205 295
205 295
205 295
205 295
205 295
205 295
205 295
205 295
205 295
205 295
205 295
205 295
205 295
205 295
205 295
205 295
205 295
205 295
205 295
205 295
205 295
205 295
205 295
205 295
205 295
205 295
205 295
205 295
205 295
205 295
205 295
205 295
205 295
205 295
205 295
205 295
205 295
205 295
205 295
205 295
205 295
205 295
205 295
205 295
205 295
205 295
205 295
205 295
205 295
205 295
205 295
205 295
205 295
205 295
205 295
205 295
205 295
205 295
205 295
205 295
205 295
205 295
205 295
205 295
205 295
205 295
205 295
205 295
205 295
205 295
205 295
205 295
206 294
206 294
206 294
206 294
206 294
206 294
206 294
206 294
206 294
206 294
206 294
206 294
206 294
206 294
206 294
206 294
206 294
206 294
206 294
206 294
206 294
206 294
206 294
206 294
206 294
206 294
206 294
206 294
206 294
206 294
206 294
206 294
206 294
206 294
206 294
206 294
206 294
206 294
206 294
206 294
206 294
206 294
206 294
206 294
206 294
206 294
206 294
206 294
206 294
206 294
206 294
206 294
206 294
206 294
206 294
206 294
206 294
206 294
206 294
206 294
206 294
206 294
206 294
206 294
206 294
206 294
206 294
206 294
206 294
206 294
206 294
206 294
206 294
206 294
206 294
206 294
206 294
206 294
206 294
206 294
206 294
206 294
206 294
206 294
206 294
206 294
207 293
207 293
207 293
207 293
207 293
207 293
207 293
207 293
207 293
207 293
207 293
207 293
207 293
207 293
207 293
207 293
207 293
207 293
207 293
207 293
207 293
207 293
207 293
207 293
207 293
207 293
207 293
207 293
207 293
207 293
207 293
207 293
207 293
207 293
207 293
207 293
207 293
207 293
207 293
207 293
207 293
207 293
207 293
207 293
207 293
207 293
207 293
207 293
207 293
207 293
207 293
207 293
207 293
207 293
207 293
207 293
207 293
207 293
207 293
207 293
207 293
207 293
207 293
207 293
207 293
207 293
207 293
207 293
207 293
207 293
207 293
207 293
207 293
207 293
207 293
207 293
207 293
207 293
207 293
207 293
207 293
207 293
207 293
207 293
208 292
208 292
208 292
208 292
208 292
208 292
208 292
208 292
208 292
208 292
208 292
208 292
208 292
208 292
208 292
208 292
208 292
208 292
208 292
208 292
208 292
208 292
208 292
208 292
208 292
208 292
208 292
208 292
208 292
208 292
208 292
208 292
208 292
208 292
208 292
208 292
208 292
208 292
208 292
208 292
208 292
208 292
208 292
208 292
208 292
208 292
208 292
208 292
208 292
208 292
208 292
208 292
208 292
208 292
208 292
208 292
208 292
208 292
208 292
208 292
208 292
208 292
208 292
208 292
208 292
208 292
208 292
208 292
208 292
208 292
208 292
208 292
208 292
208 292
208 292
208 292
208 292
208 292
208 292
208 292
208 292
208 292
208 292
208 292
208 292
208 292
208 292
208 292
208 292
208 292
208 292
208 292
208 292
208 292
208 292
208 292
208 292
208 292
208 292
208 292
208 292
208 292
208 292
208 292
209 291
209 291
209 291
209 291
209 291
209 291
209 291
209 291
209 291
209 291
209 291
209 291
209 291
209 291
209 291
209 291
209 291
209 291
209 291
209 291
209 291
209 291
209 291
209 291
209 291
209 291
209 291
209 291
209 291
209 291
209 291
209 291
209 291
209 291
209 291
209 291
209 291
209 291
209 291
209 291
209 291
209 291
209 291
209 291
209 291
209 291
209 291
209 291
209 291
209 291
209 291
209 291
209 291
209 291
209 291
209 291
209 291
209 291
209 291
209 291
209 291
209 291
209 291
209 291
209 291
209 291
209 291
209 291
209 291
209 291
209 291
209 291
209 291
209 291
209 291
209 291
209 291
209 291
209 291
209 291
209 291
209 291
209 291
209 291
209 291
209 291
209 291
209 291
209 291
209 291
209 291
209 291
209 291
209 291
209 291
209 291
209 291
209 291
209 291
209 291
209 291
209 291
210 290
210 290
210 290
210 290
210 290
210 290
210 290
210 290
210 290
210 290
210 290
210 290
210 290
210 290
210 290
210 290
210 290
210 290
210 290
210 290
210 290
210 290
210 290
210 290
210 290
210 290
210 290
210 290
210 290
210 290
210 290
210 290
210 290
210 290
210 290
210 290
210 290
210 290
210 290
210 290
210 290
210 290
210 290
210 290
210 290
210 290
210 290
210 290
210 290
210 290
210 290
210 290
210 290
210 290
210 290
210 290
210 290
210 290
210 290
210 290
210 290
210 290
210 290
210 290
210 290
210 290
210 290
210 290
210 290
210 290
210 290
210 290
210 290
210 290
210 290
210 290
210 290
210 290
210 290
210 290
210 290
210 290
210 290
210 290
210 290
210 290
210 290
210 290
210 290
210 290
210 290
210 290
210 290
210 290
210 290
210 290
210 290
210 290
210 290
210 290
210 290
211 289
211 289
211 289
211 289
211 289
211 289
211 289
211 289
211 289
211 289
211 289
211 289
211 289
211 289
211 289
211 289
211 289
211 289
211 289
211 289
211 289
211 289
211 289
211 289
211 289
211 289
211 289
211 289
211 289
211 289
211 289
211 289
211 289
211 289
211 289
211 289
211 289
211 289
211 289
211 289
211 289
211 289
211 289
211 289
211 289
211 289
211 289
211 289
211 289
211 289
211 289
211 289
211 289
211 289
211 289
211 289
211 289
211 289
211 289
211 289
211 289
211 289
211 289
211 289
211 289
211 289
211 289
211 289
211 289
211 289
211 289
211 289
211 289
211 289
211 289
211 289
211 289
211 289
211 289
211 289
211 289
211 289
211 289
211 289
211 289
211 289
211 289
211 289
211 289
211 289
211 289
211 289
212 288
212 288
212 288
212 288
212 288
212 288
212 288
212 288
212 288
212 288
212 288
212 288
212 288
212 288
212 288
212 288
212 288
212 288
212 288
212 288
212 288
212 288
212 288
212 288
212 288
212 288
212 288
212 288
212 288
212 288
212 288
212 288
212 288
212 288
212 288
212 288
212 288
212 288
212 288
212 288
212 288
212 288
212 288
212 288
212 288
212 288
212 288
212 288
212 288
212 288
212 288
212 288
212 288
212 288
212 288
212 288
212 288
212 288
212 288
212 288
212 288
212 288
212 288
212 288
212 288
212 288
212 288
212 288
212 288
212 288
212 288
212 288
212 288
212 288
212 288
212 288
212 288
212 288
212 288
212 288
212 288
212 288
212 288
212 288
212 288
212 288
212 288
212 288
212 288
212 288
213 287
213 287
213 287
213 287
213 287
213 287
213 287
213 287
213 287
213 287
213 287
213 287
213 287
213 287
213 287
213 287
213 287
213 287
213 287
213 287
213 287
213 287
213 287
213 287
213 287
213 287
213 287
213 287
213 287
213 287
213 287
213 287
213 287
213 287
213 287
213 287
213 287
213 287
213 287
213 287
213 287
213 287
213 287
213 287
213 287
213 287
213 287
213 287
213 287
213 287
213 287
213 287
213 287
213 287
213 287
213 287
213 287
213 287
213 287
213 287
213 287
213 287
213 287
213 287
213 287
213 287
213 287
213 287
213 287
213 287
213 287
213 287
213 287
213 287
213 287
213 287
213 287
213 287
213 287
213 287
213 287
213 287
213 287
213 287
213 287
213 287
213 287
213 287
214 286
214 286
214 286
214 286
214 286
214 286
214 286
214 286
214 286
214 286
214 286
214 286
214 286
214 286
214 286
214 286
214 286
214 286
214 286
214 286
214 286
214 286
214 286
214 286
214 286
214 286
214 286
214 286
214 286
214 286
214 286
214 286
214 286
214 286
214 286
214 286
214 286
214 286
214 286
214 286
214 286
214 286
214 286
214 286
214 286
214 286
214 286
214 286
214 286
214 286
214 286
214 286
214 286
214 286
214 286
214 286
214 286
214 286
214 286
214 286
214 286
214 286
214 286
214 286
214 286
214 286
214 286
214 286
214 286
214 286
214 286
214 286
214 286
214 286
214 286
214 286
214 286
214 286
214 286
214 286
214 286
214 286
214 286
214 286
214 286
214 286
214 286
214 286
214 286
214 286
214 286
214 286
214 286
214 286
214 286
214 286
214 286
214 286
214 286
214 286
214 286
214 286
215 285
215 285
215 285
215 285
215 285
215 285
215 285
215 285
215 285
215 285
215 285
215 285
215 285
215 285
215 285
215 285
215 285
215 285
215 285
215 285
215 285
215 285
215 285
215 285
215 285
215 285
215 285
215 285
215 285
215 285
215 285
215 285
215 285
215 285
215 285
215 285
215 285
215 285
215 285
215 285
215 285
215 285
215 285
215 285
215 285
215 285
215 285
215 285
215 285
215 285
215 285
215 285
215 285
215 285
215 285
215 285
215 285
215 285
215 285
215 285
215 285
215 285
215 285
215 285
215 285
215 285
215 285
215 285
215 285
215 285
215 285
215 285
215 285
215 285
215 285
215 285
215 285
215 285
215 285
215 285
215 285
215 285
215 285
215 285
215 285
215 285
215 285
215 285
215 285
215 285
215 285
215 285
215 285
215 285
215 285
215 285
215 285
215 285
215 285
216 284
216 284
216 284
216 284
216 284
216 284
216 284
216 284
216 284
216 284
216 284
216 284
216 284
216 284
216 284
216 284
216 284
216 284
216 284
216 284
216 284
216 284
216 284
216 284
216 284
216 284
216 284
216 284
216 284
216 284
216 284
216 284
216 284
216 284
216 284
216 284
216 284
216 284
216 284
216 284
216 284
216 284
216 284
216 284
216 284
216 284
216 284
216 284
216 284
216 284
216 284
216 284
216 284
216 284
216 284
216 284
216 284
216 284
216 284
216 284
216 284
216 284
216 284
216 284
216 284
216 284
216 284
216 284
216 284
216 284
216 284
216 284
216 284
216 284
216 284
216 284
216 284
216 284
216 284
216 284
216 284
216 284
216 284
216 284
216 284
216 284
216 284
216 284
216 284
216 284
216 284
217 283
217 283
217 283
217 283
217 283
217 283
217 283
217 283
217 283
217 283
217 283
217 283
217 283
217 283
217 283
217 283
217 283
217 283
217 283
217 283
217 283
217 283
217 283
217 283
217 283
217 283
217 283
217 283
217 283
217 283
217 283
217 283
217 283
217 283
217 283
217 283
217 283
217 283
217 283
217 283
217 283
217 283
217 283
217 283
217 283
217 283
217 283
217 283
217 283
217 283
217 283
217 283
217 283
217 283
217 283
217 283
217 283
217 283
217 283
217 283
217 283
217 283
217 283
217 283
217 283
217 283
217 283
217 283
217 283
217 283
217 283
217 283
217 283
217 283
217 283
217 283
217 283
217 283
217 283
217 283
217 283
217 283
217 283
217 283
217 283
217 283
217 283
217 283
217 283
217 283
217 283
217 283
217 283
217 283
217 283
217 283
218 282
218 282
218 282
218 282
218 282
218 282
218 282
218 282
218 282
218 282
218 282
218 282
218 282
218 282
218 282
218 282
218 282
218 282
218 282
218 282
218 282
218 282
218 282
218 282
218 282
218 282
218 282
218 282
218 282
218 282
218 282
218 282
218 282
218 282
218 282
218 282
218 282
218 282
218 282
218 282
218 282
218 282
218 282
218 282
218 282
218 282
218 282
218 282
218 282
218 282
218 282
218 282
218 282
218 282
218 282
218 282
218 282
218 282
218 282
218 282
218 282
218 282
218 282
218 282
218 282
218 282
218 282
218 282
218 282
218 282
218 282
218 282
218 282
218 282
218 282
218 282
218 282
218 282
218 282
218 282
218 282
218 282
218 282
218 282
218 282
218 282
218 282
218 282
218 282
218 282
218 282
218 282
219 281
219 281
219 281
219 281
219 281
219 281
219 281
219 281
219 281
219 281
219 281
219 281
219 281
219 281
219 281
219 281
219 281
219 281
219 281
219 281
219 281
219 281
219 281
219 281
219 281
219 281
219 281
219 281
219 281
219 281
219 281
219 281
219 281
219 281
219 281
219 281
219 281
219 281
219 281
219 281
219 281
219 281
219 281
219 281
219 281
219 281
219 281
219 281
219 281
219 281
219 281
219 281
219 281
219 281
219 281
219 281
219 281
219 281
219 281
219 281
219 281
219 281
219 281
219 281
219 281
219 281
219 281
219 281
219 281
219 281
219 281
219 281
219 281
219 281
219 281
219 281
219 281
219 281
219 281
219 281
219 281
219 281
219 281
219 281
219 281
219 281
219 281
219 281
219 281
219 281
219 281
219 281
219 281
219 281
219 281
219 281
219 281
219 281
219 281
219 281
220 280
220 280
220 280
220 280
220 280
220 280
220 280
220 280
220 280
220 280
220 280
220 280
220 280
220 280
220 280
220 280
220 280
220 280
220 280
220 280
220 280
220 280
220 280
220 280
220 280
220 280
220 280
220 280
220 280
220 280
220 280
220 280
220 280
220 280
220 280
220 280
220 280
220 280
220 280
220 280
220 280
220 280
220 280
220 280
220 280
220 280
220 280
220 280
220 280
220 280
220 280
220 280
220 280
220 280
220 280
220 280
220 280
220 280
220 280
220 280
220 280
220 280
220 280
220 280
220 280
220 280
220 280
220 280
220 280
220 280
220 280
220 280
220 280
220 280
220 280
220 280
220 280
220 280
220 280
220 280
220 280
220 280
220 280
220 280
220 280
220 280
220 280
220 280
220 280
220 280
220 280
220 280
220 280
220 280
220 280
220 280
220 280
221 279
221 279
221 279
221 279
221 279
221 279
221 279
221 279
221 279
221 279
221 279
221 279
221 279
221 279
221 279
221 279
221 279
221 279
221 279
221 279
221 279
221 279
221 279
221 279
221 279
221 279
221 279
221 279
221 279
221 279
221 279
221 279
221 279
221 279
221 279
221 279
221 279
221 279
221 279
221 279
221 279
221 279
221 279
221 279
221 279
221 279
221 279
221 279
221 279
221 279
221 279
221 279
221 279
221 279
221 279
221 279
221 279
221 279
221 279
221 279
221 279
221 279
221 279
221 279
221 279
221 279
221 279
221 279
221 279
221 279
221 279
221 279
221 279
221 279
221 279
221 279
221 279
221 279
221 279
221 279
221 279
221 279
221 279
221 279
221 279
221 279
221 279
221 279
221 279
221 279
221 279
221 279
221 279
221 279
221 279
221 279
221 279
221 279
221 279
221 279
221 279
222 278
222 278
222 278
222 278
222 278
222 278
222 278
222 278
222 278
222 278
222 278
222 278
222 278
222 278
222 278
222 278
222 278
222 278
222 278
222 278
222 278
222 278
222 278
222 278
222 278
222 278
222 278
222 278
222 278
222 278
222 278
222 278
222 278
222 278
222 278
222 278
222 278
222 278
222 278
222 278
222 278
222 278
222 278
222 278
222 278
222 278
222 278
222 278
222 278
222 278
222 278
222 278
222 278
222 278
222 278
222 278
222 278
222 278
222 278
222 278
222 278
222 278
222 278
222 278
222 278
222 278
222 278
222 278
222 278
222 278
222 278
222 278
222 278
222 278
222 278
222 278
222 278
223 277
223 277
223 277
223 277
223 277
223 277
223 277
223 277
223 277
223 277
223 277
223 277
223 277
223 277
223 277
223 277
223 277
223 277
223 277
223 277
223 277
223 277
223 277
223 277
223 277
223 277
223 277
223 277
223 277
223 277
223 277
223 277
223 277
223 277
223 277
223 277
223 277
223 277
223 277
223 277
223 277
223 277
223 277
223 277
223 277
223 277
223 277
223 277
223 277
223 277
223 277
223 277
223 277
223 277
223 277
223 277
223 277
223 277
223 277
223 277
223 277
223 277
223 277
223 277
223 277
223 277
223 277
223 277
223 277
223 277
223 277
223 277
223 277
223 277
223 277
223 277
223 277
223 277
223 277
223 277
223 277
223 277
223 277
223 277
223 277
223 277
223 277
223 277
223 277
223 277
223 277
223 277
223 277
223 277
223 277
223 277
223 277
223 277
223 277
223 277
223 277
224 276
224 276
224 276
224 276
224 276
224 276
224 276
224 276
224 276
224 276
224 276
224 276
224 276
224 276
224 276
224 276
224 276
224 276
224 276
224 276
224 276
224 276
224 276
224 276
224 276
224 276
224 276
224 276
224 276
224 276
224 276
224 276
224 276
224 276
224 276
224 276
224 276
224 276
224 276
224 276
224 276
224 276
224 276
224 276
224 276
224 276
224 276
224 276
224 276
224 276
224 276
224 276
224 276
224 276
224 276
224 276
224 276
224 276
224 276
224 276
224 276
224 276
224 276
224 276
224 276
224 276
224 276
224 276
224 276
224 276
224 276
224 276
224 276
224 276
224 276
224 276
224 276
224 276
224 276
224 276
224 276
224 276
224 276
224 276
224 276
224 276
224 276
224 276
224 276
224 276
224 276
224 276
224 276
224 276
224 276
224 276
224 276
224 276
224 276
225 275
225 275
225 275
225 275
225 275
225 275
225 275
225 275
225 275
225 275
225 275
225 275
225 275
225 275
225 275
225 275
225 275
225 275
225 275
225 275
225 275
225 275
225 275
225 275
225 275
225 275
225 275
225 275
225 275
225 275
225 275
225 275
225 275
225 275
225 275
225 275
225 275
225 275
225 275
225 275
225 275
225 275
225 275
225 275
225 275
225 275
225 275
225 275
225 275
225 275
225 275
225 275
225 275
225 275
225 275
225 275
225 275
225 275
225 275
225 275
225 275
225 275
225 275
225 275
225 275
225 275
225 275
225 275
225 275
225 275
225 275
225 275
225 275
225 275
225 275
225 275
225 275
225 275
225 275
225 275
225 275
225 275
225 275
225 275
225 275
225 275
225 275
225 275
225 275
225 275
225 275
225 275
225 275
225 275
225 275
225 275
225 275
225 275
225 275
225 275
225 275
225 275
225 275
226 274
226 274
226 274
226 274
226 274
226 274
226 274
226 274
226 274
226 274
226 274
226 274
226 274
226 274
226 274
226 274
226 274
226 274
226 274
226 274
226 274
226 274
226 274
226 274
226 274
226 274
226 274
226 274
226 274
226 274
226 274
226 274
226 274
226 274
226 274
226 274
226 274
226 274
226 274
226 274
226 274
226 274
226 274
226 274
226 274
226 274
226 274
226 274
226 274
226 274
226 274
226 274
226 274
226 274
226 274
226 274
226 274
226 274
226 274
226 274
226 274
226 274
226 274
226 274
226 274
226 274
226 274
226 274
226 274
226 274
226 274
226 274
226 274
226 274
226 274
226 274
226 274
226 274
226 274
226 274
226 274
226 274
226 274
226 274
226 274
226 274
226 274
226 274
226 274
226 274
226 274
226 274
226 274
226 274
227 273
227 273
227 273
227 273
227 273
227 273
227 273
227 273
227 273
227 273
227 273
227 273
227 273
227 273
227 273
227 273
227 273
227 273
227 273
227 273
227 273
227 273
227 273
227 273
227 273
227 273
227 273
227 273
227 273
227 273
227 273
227 273
227 273
227 273
227 273
227 273
227 273
227 273
227 273
227 273
227 273
227 273
227 273
227 273
227 273
227 273
227 273
227 273
227 273
227 273
227 273
227 273
227 273
227 273
227 273
227 273
227 273
227 273
227 273
227 273
227 273
227 273
227 273
227 273
227 273
227 273
227 273
227 273
227 273
227 273
227 273
227 273
227 273
227 273
227 273
227 273
227 273
227 273
227 273
227 273
227 273
227 273
227 273
227 273
227 273
227 273
227 273
227 273
227 273
227 273
228 272
228 272
228 272
228 272
228 272
228 272
228 272
228 272
228 272
228 272
228 272
228 272
228 272
228 272
228 272
228 272
228 272
228 272
228 272
228 272
228 272
228 272
228 272
228 272
228 272
228 272
228 272
228 272
228 272
228 272
228 272
228 272
228 272
228 272
228 272
228 272
228 272
228 272
228 272
228 272
228 272
228 272
228 272
228 272
228 272
228 272
228 272
228 272
228 272
228 272
228 272
228 272
228 272
228 272
228 272
228 272
228 272
228 272
228 272
228 272
228 272
228 272
228 272
228 272
228 272
228 272
228 272
228 272
228 272
228 272
228 272
228 272
228 272
228 272
228 272
228 272
228 272
228 272
228 272
228 272
228 272
228 272
228 272
228 272
228 272
228 272
228 272
228 272
228 272
228 272
228 272
228 272
228 272
228 272
228 272
228 272
228 272
228 272
228 272
228 272
228 272
228 272
228 272
228 272
228 272
228 272
228 272
229 271
229 271
229 271
229 271
229 271
229 271
229 271
229 271
229 271
229 271
229 271
229 271
229 271
229 271
229 271
229 271
229 271
229 271
229 271
229 271
229 271
229 271
229 271
229 271
229 271
229 271
229 271
229 271
229 271
229 271
229 271
229 271
229 271
229 271
229 271
229 271
229 271
229 271
229 271
229 271
229 271
229 271
229 271
229 271
229 271
229 271
229 271
229 271
229 271
229 271
229 271
229 271
229 271
229 271
229 271
229 271
229 271
229 271
229 271
229 271
229 271
229 271
229 271
229 271
229 271
229 271
229 271
229 271
229 271
229 271
229 271
229 271
229 271
229 271
229 271
229 271
229 271
229 271
229 271
229 271
229 271
229 271
229 271
229 271
229 271
229 271
229 271
229 271
229 271
229 271
229 271
229 271
229 271
229 271
229 271
229 271
229 271
229 271
229 271
229 271
229 271
229 271
229 271
229 271
229 271
229 271
229 271
229 271
229 271
229 271
229 271
229 271
230 270
230 270
230 270
230 270
230 270
230 270
230 270
230 270
230 270
230 270
230 270
230 270
230 270
230 270
230 270
230 270
230 270
230 270
230 270
230 270
230 270
230 270
230 270
230 270
230 270
230 270
230 270
230 270
230 270
230 270
230 270
230 270
230 270
230 270
230 270
230 270
230 270
230 270
230 270
230 270
230 270
230 270
230 270
230 270
230 270
230 270
230 270
230 270
230 270
230 270
230 270
230 270
230 270
230 270
230 270
230 270
230 270
230 270
230 270
230 270
230 270
230 270
230 270
230 270
230 270
230 270
230 270
230 270
230 270
230 270
230 270
230 270
230 270
230 270
230 270
230 270
230 270
230 270
230 270
230 270
230 270
230 270
230 270
231 269
231 269
231 269
231 269
231 269
231 269
231 269
231 269
231 269
231 269
231 269
231 269
231 269
231 269
231 269
231 269
231 269
231 269
231 269
231 269
231 269
231 269
231 269
231 269
231 269
231 269
231 269
231 269
231 269
231 269
231 269
231 269
231 269
231 269
231 269
231 269
231 269
231 269
231 269
231 269
231 269
231 269
231 269
231 269
231 269
231 269
231 269
231 269
231 269
231 269
231 269
231 269
231 269
231 269
231 269
231 269
231 269
231 269
231 269
231 269
231 269
231 269
231 269
231 269
231 269
231 269
231 269
231 269
231 269
231 269
231 269
231 269
231 269
231 269
231 269
231 269
231 269
231 269
231 269
231 269
231 269
231 269
231 269
231 269
231 269
231 269
232 268
232 268
232 268
232 268
232 268
232 268
232 268
232 268
232 268
232 268
232 268
232 268
232 268
232 268
232 268
232 268
232 268
232 268
232 268
232 268
232 268
232 268
232 268
232 268
232 268
232 268
232 268
232 268
232 268
232 268
232 268
232 268
232 268
232 268
232 268
232 268
232 268
232 268
232 268
232 268
232 268
232 268
232 268
232 268
232 268
232 268
232 268
232 268
232 268
232 268
232 268
232 268
232 268
232 268
232 268
232 268
232 268
232 268
232 268
232 268
232 268
232 268
232 268
232 268
232 268
232 268
232 268
232 268
232 268
232 268
232 268
232 268
232 268
232 268
232 268
232 268
232 268
232 268
232 268
232 268
232 268
232 268
232 268
232 268
232 268
232 268
232 268
233 267
233 267
233 267
233 267
233 267
233 267
233 267
233 267
233 267
233 267
233 267
233 267
233 267
233 267
233 267
233 267
233 267
233 267
233 267
233 267
233 267
233 267
233 267
233 267
233 267
233 267
233 267
233 267
233 267
233 267
233 267
233 267
233 267
233 267
233 267
233 267
233 267
233 267
233 267
233 267
233 267
233 267
233 267
233 267
233 267
233 267
233 267
233 267
233 267
233 267
233 267
233 267
233 267
233 267
233 267
233 267
233 267
233 267
233 267
233 267
233 267
233 267
233 267
233 267
233 267
233 267
233 267
233 267
233 267
233 267
233 267
233 267
233 267
233 267
233 267
233 267
233 267
233 267
233 267
233 267
233 267
233 267
233 267
233 267
233 267
233 267
233 267
233 267
233 267
233 267
233 267
233 267
233 267
233 267
234 266
234 266
234 266
234 266
234 266
234 266
234 266
234 266
234 266
234 266
234 266
234 266
234 266
234 266
234 266
234 266
234 266
234 266
234 266
234 266
234 266
234 266
234 266
234 266
234 266
234 266
234 266
234 266
234 266
234 266
234 266
234 266
234 266
234 266
234 266
234 266
234 266
234 266
234 266
234 266
234 266
234 266
234 266
234 266
234 266
234 266
234 266
234 266
234 266
234 266
234 266
234 266
234 266
234 266
234 266
234 266
234 266
234 266
234 266
234 266
234 266
234 266
234 266
234 266
234 266
234 266
234 266
234 266
234 266
234 266
234 266
234 266
234 266
234 266
234 266
234 266
234 266
234 266
234 266
234 266
234 266
235 265
235 265
235 265
235 265
235 265
235 265
235 265
235 265
235 265
235 265
235 265
235 265
235 265
235 265
235 265
235 265
235 265
235 265
235 265
235 265
235 265
235 265
235 265
235 265
235 265
235 265
235 265
235 265
235 265
235 265
235 265
235 265
235 265
235 265
235 265
235 265
235 265
235 265
235 265
235 265
235 265
235 265
235 265
235 265
235 265
235 265
235 265
235 265
235 265
235 265
235 265
235 265
235 265
235 265
235 265
235 265
235 265
235 265
235 265
235 265
235 265
235 265
235 265
235 265
235 265
235 265
235 265
235 265
235 265
235 265
235 265
235 265
235 265
235 265
235 265
235 265
235 265
235 265
235 265
235 265
235 265
235 265
235 265
235 265
235 265
235 265
235 265
235 265
235 265
235 265
235 265
235 265
235 265
235 265
235 265
235 265
235 265
235 265
235 265
236 264
236 264
236 264
236 264
236 264
236 264
236 264
236 264
236 264
236 264
236 264
236 264
236 264
236 264
236 264
236 264
236 264
236 264
236 264
236 264
236 264
236 264
236 264
236 264
236 264
236 264
236 264
236 264
236 264
236 264
236 264
236 264
236 264
236 264
236 264
236 264
236 264
236 264
236 264
236 264
236 264
236 264
236 264
236 264
236 264
236 264
236 264
236 264
236 264
236 264
236 264
236 264
236 264
236 264
236 264
236 264
236 264
236 264
236 264
236 264
236 264
236 264
236 264
236 264
236 264
236 264
236 264
236 264
236 264
236 264
236 264
236 264
236 264
236 264
236 264
236 264
236 264
236 264
236 264
236 264
236 264
236 264
236 264
236 264
236 264
236 264
236 264
236 264
236 264
236 264
236 264
236 264
236 264
236 264
236 264
236 264
237 263
237 263
237 263
237 263
237 263
237 263
237 263
237 263
237 263
237 263
237 263
237 263
237 263
237 263
237 263
237 263
237 263
237 263
237 263
237 263
237 263
237 263
237 263
237 263
237 263
237 263
237 263
237 263
237 263
237 263
237 263
237 263
237 263
237 263
237 263
237 263
237 263
237 263
237 263
237 263
237 263
237 263
237 263
237 263
237 263
237 263
237 263
237 263
237 263
237 263
237 263
237 263
237 263
237 263
237 263
237 263
237 263
237 263
237 263
237 263
237 263
237 263
237 263
237 263
237 263
237 263
237 263
237 263
237 263
237 263
237 263
237 263
237 263
237 263
237 263
237 263
237 263
237 263
237 263
237 263
237 263
237 263
237 263
237 263
237 263
237 263
237 263
237 263
237 263
237 263
237 263
237 263
237 263
237 263
237 263
237 263
238 262
238 262
238 262
238 262
238 262
238 262
238 262
238 262
238 262
238 262
238 262
238 262
238 262
238 262
238 262
238 262
238 262
238 262
238 262
238 262
238 262
238 262
238 262
238 262
238 262
238 262
238 262
238 262
238 262
238 262
238 262
238 262
238 262
238 262
238 262
238 262
238 262
238 262
238 262
238 262
238 262
238 262
238 262
238 262
238 262
238 262
238 262
238 262
238 262
238 262
238 262
238 262
238 262
238 262
238 262
238 262
238 262
238 262
238 262
238 262
238 262
238 262
238 262
238 262
238 262
238 262
238 262
238 262
238 262
238 262
238 262
238 262
238 262
238 262
238 262
238 262
238 262
238 262
238 262
238 262
238 262
238 262
238 262
238 262
238 262
238 262
238 262
238 262
238 262
238 262
238 262
238 262
238 262
238 262
238 262
239 261
239 261
239 261
239 261
239 261
239 261
239 261
239 261
239 261
239 261
239 261
239 261
239 261
239 261
239 261
239 261
239 261
239 261
239 261
239 261
239 261
239 261
239 261
239 261
239 261
239 261
239 261
239 261
239 261
239 261
239 261
239 261
239 261
239 261
239 261
239 261
239 261
239 261
239 261
239 261
239 261
239 261
239 261
239 261
239 261
239 261
239 261
239 261
239 261
239 261
239 261
239 261
239 261
239 261
239 261
239 261
239 261
239 261
239 261
239 261
239 261
239 261
239 261
239 261
239 261
239 261
239 261
239 261
239 261
239 261
239 261
239 261
239 261
239 261
239 261
239 261
239 261
239 261
239 261
239 261
239 261
239 261
239 261
239 261
239 261
239 261
239 261
239 261
239 261
239 261
239 261
239 261
240 260
240 260
240 260
240 260
240 260
240 260
240 260
240 260
240 260
240 260
240 260
240 260
240 260
240 260
240 260
240 260
240 260
240 260
240 260
240 260
240 260
240 260
240 260
240 260
240 260
240 260
240 260
240 260
240 260
240 260
240 260
240 260
240 260
240 260
240 260
240 260
240 260
240 260
240 260
240 260
240 260
240 260
240 260
240 260
240 260
240 260
240 260
240 260
240 260
240 260
240 260
240 260
240 260
240 260
240 260
240 260
240 260
240 260
240 260
240 260
240 260
240 260
240 260
240 260
240 260
240 260
240 260
240 260
240 260
240 260
240 260
240 260
240 260
240 260
240 260
240 260
240 260
240 260
240 260
240 260
240 260
240 260
240 260
240 260
240 260
240 260
241 259
241 259
241 259
241 259
241 259
241 259
241 259
241 259
241 259
241 259
241 259
241 259
241 259
241 259
241 259
241 259
241 259
241 259
241 259
241 259
241 259
241 259
241 259
241 259
241 259
241 259
241 259
241 259
241 259
241 259
241 259
241 259
241 259
241 259
241 259
241 259
241 259
241 259
241 259
241 259
241 259
241 259
241 259
241 259
241 259
241 259
241 259
241 259
241 259
241 259
241 259
241 259
241 259
241 259
241 259
241 259
241 259
241 259
241 259
241 259
241 259
241 259
241 259
241 259
241 259
241 259
241 259
241 259
241 259
241 259
241 259
241 259
241 259
241 259
241 259
241 259
241 259
241 259
241 259
241 259
241 259
241 259
241 259
241 259
241 259
241 259
241 259
241 259
241 259
241 259
241 259
241 259
241 259
241 259
241 259
242 258
242 258
242 258
242 258
242 258
242 258
242 258
242 258
242 258
242 258
242 258
242 258
242 258
242 258
242 258
242 258
242 258
242 258
242 258
242 258
242 258
242 258
242 258
242 258
242 258
242 258
242 258
242 258
242 258
242 258
242 258
242 258
242 258
242 258
242 258
242 258
242 258
242 258
242 258
242 258
242 258
242 258
242 258
242 258
242 258
242 258
242 258
242 258
242 258
242 258
242 258
242 258
242 258
242 258
242 258
242 258
242 258
242 258
242 258
242 258
242 258
242 258
242 258
242 258
242 258
242 258
242 258
242 258
242 258
242 258
242 258
242 258
242 258
242 258
242 258
242 258
242 258
242 258
242 258
242 258
242 258
242 258
242 258
242 258
242 258
242 258
242 258
242 258
242 258
242 258
242 258
242 258
242 258
243 257
243 257
243 257
243 257
243 257
243 257
243 257
243 257
243 257
243 257
243 257
243 257
243 257
243 257
243 257
243 257
243 257
243 257
243 257
243 257
243 257
243 257
243 257
243 257
243 257
243 257
243 257
243 257
243 257
243 257
243 257
243 257
243 257
243 257
243 257
243 257
243 257
243 257
243 257
243 257
243 257
243 257
243 257
243 257
243 257
243 257
243 257
243 257
243 257
243 257
243 257
243 257
243 257
243 257
243 257
243 257
243 257
243 257
243 257
243 257
243 257
243 257
243 257
243 257
243 257
243 257
243 257
243 257
243 257
243 257
243 257
243 257
243 257
243 257
243 257
243 257
243 257
243 257
243 257
243 257
243 257
243 257
243 257
243 257
243 257
243 257
243 257
243 257
243 257
243 257
243 257
243 257
243 257
243 257
243 257
243 257
243 257
243 257
244 256
244 256
244 256
244 256
244 256
244 256
244 256
244 256
244 256
244 256
244 256
244 256
244 256
244 256
244 256
244 256
244 256
244 256
244 256
244 256
244 256
244 256
244 256
244 256
244 256
244 256
244 256
244 256
244 256
244 256
244 256
244 256
244 256
244 256
244 256
244 256
244 256
244 256
244 256
244 256
244 256
244 256
244 256
244 256
244 256
244 256
244 256
244 256
244 256
244 256
244 256
244 256
244 256
244 256
244 256
244 256
244 256
244 256
244 256
244 256
244 256
244 256
244 256
244 256
244 256
244 256
244 256
244 256
244 256
244 256
244 256
244 256
244 256
244 256
244 256
244 256
244 256
244 256
244 256
244 256
244 256
244 256
244 256
244 256
244 256
244 256
244 256
244 256
244 256
244 256
244 256
244 256
244 256
244 256
244 256
244 256
245 255
245 255
245 255
245 255
245 255
245 255
245 255
245 255
245 255
245 255
245 255
245 255
245 255
245 255
245 255
245 255
245 255
245 255
245 255
245 255
245 255
245 255
245 255
245 255
245 255
245 255
245 255
245 255
245 255
245 255
245 255
245 255
245 255
245 255
245 255
245 255
245 255
245 255
245 255
245 255
245 255
245 255
245 255
245 255
245 255
245 255
245 255
245 255
245 255
245 255
245 255
245 255
245 255
245 255
245 255
245 255
245 255
245 255
245 255
245 255
245 255
245 255
245 255
245 255
245 255
245 255
245 255
245 255
245 255
245 255
245 255
245 255
245 255
245 255
245 255
245 255
245 255
245 255
245 255
245 255
245 255
245 255
245 255
245 255
245 255
245 255
245 255
245 255
245 255
246 254
246 254
246 254
246 254
246 254
246 254
246 254
246 254
246 254
246 254
246 254
246 254
246 254
246 254
246 254
246 254
246 254
246 254
246 254
246 254
246 254
246 254
246 254
246 254
246 254
246 254
246 254
246 254
246 254
246 254
246 254
246 254
246 254
246 254
246 254
246 254
246 254
246 254
246 254
246 254
246 254
246 254
246 254
246 254
246 254
246 254
246 254
246 254
246 254
246 254
246 254
246 254
246 254
246 254
246 254
246 254
246 254
246 254
246 254
246 254
246 254
246 254
246 254
246 254
246 254
246 254
246 254
246 254
246 254
246 254
246 254
246 254
246 254
246 254
246 254
246 254
246 254
246 254
246 254
246 254
246 254
246 254
246 254
246 254
246 254
246 254
246 254
246 254
246 254
246 254
246 254
246 254
246 254
246 254
246 254
246 254
246 254
247 253
247 253
247 253
247 253
247 253
247 253
247 253
247 253
247 253
247 253
247 253
247 253
247 253
247 253
247 253
247 253
247 253
247 253
247 253
247 253
247 253
247 253
247 253
247 253
247 253
247 253
247 253
247 253
247 253
247 253
247 253
247 253
247 253
247 253
247 253
247 253
247 253
247 253
247 253
247 253
247 253
247 253
247 253
247 253
247 253
247 253
247 253
247 253
247 253
247 253
247 253
247 253
247 253
247 253
247 253
247 253
247 253
247 253
247 253
247 253
247 253
247 253
247 253
247 253
247 253
247 253
247 253
247 253
247 253
247 253
247 253
247 253
247 253
247 253
247 253
247 253
247 253
247 253
247 253
247 253
247 253
247 253
247 253
247 253
247 253
247 253
247 253
248 252
248 252
248 252
248 252
248 252
248 252
248 252
248 252
248 252
248 252
248 252
248 252
248 252
248 252
248 252
248 252
248 252
248 252
248 252
248 252
248 252
248 252
248 252
248 252
248 252
248 252
248 252
248 252
248 252
248 252
248 252
248 252
248 252
248 252
248 252
248 252
248 252
248 252
248 252
248 252
248 252
248 252
248 252
248 252
248 252
248 252
248 252
248 252
248 252
248 252
248 252
248 252
248 252
248 252
248 252
248 252
248 252
248 252
248 252
248 252
248 252
248 252
248 252
248 252
248 252
248 252
248 252
248 252
248 252
248 252
248 252
248 252
248 252
248 252
248 252
248 252
248 252
248 252
248 252
248 252
248 252
248 252
248 252
248 252
248 252
248 252
248 252
248 252
248 252
248 252
248 252
248 252
248 252
248 252
248 252
248 252
248 252
248 252
248 252
248 252
248 252
249 251
249 251
249 251
249 251
249 251
249 251
249 251
249 251
249 251
249 251
249 251
249 251
249 251
249 251
249 251
249 251
249 251
249 251
249 251
249 251
249 251
249 251
249 251
249 251
249 251
249 251
249 251
249 251
249 251
249 251
249 251
249 251
249 251
249 251
249 251
249 251
249 251
249 251
249 251
249 251
249 251
249 251
249 251
249 251
249 251
249 251
249 251
249 251
249 251
249 251
249 251
249 251
249 251
249 251
249 251
249 251
249 251
249 251
249 251
249 251
249 251
249 251
249 251
249 251
249 251
249 251
249 251
249 251
249 251
249 251
249 251
249 251
249 251
249 251
249 251
249 251
249 251
249 251
249 251
249 251
249 251
249 251
249 251
249 251
249 251
249 251
249 251
249 251
249 251
249 251
249 251
249 251
249 251
249 251
249 251
249 251
249 251
249 251
249 251
250 250
250 250
250 250
250 250
250 250
250 250
250 250
250 250
250 250
250 250
250 250
250 250
250 250
250 250
250 250
250 250
250 250
250 250
250 250
250 250
250 250
250 250
250 250
250 250
250 250
250 250
250 250
250 250
250 250
250 250
250 250
250 250
250 250
250 250
250 250
250 250
250 250
250 250
250 250
250 250
250 250
250 250
250 250
250 250
康
2916
4 12336
6 12334
7 12333
8 12332
8 12332
10 12330
13 12327
17 12323
17 12323
20 12320
21 12319
23 12317
28 12312
29 12311
29 12311
30 12310
30 12310
31 12309
33 12307
34 12306
35 12305
35 12305
36 12304
41 12299
43 12297
44 12296
45 12295
46 12294
47 12293
62 12278
62 12278
63 12277
64 12276
69 12271
71 12269
72 12268
73 12267
75 12265
77 12263
79 12261
82 12258
83 12257
89 12251
93 12247
95 12245
98 12242
99 12241
103 12237
105 12235
107 12233
112 12228
114 12226
121 12219
122 12218
123 12217
125 12215
127 12213
132 12208
133 12207
135 12205
136 12204
137 12203
139 12201
139 12201
140 12200
141 12199
143 12197
145 12195
146 12194
148 12192
150 12190
151 12189
151 12189
152 12188
153 12187
156 12184
158 12182
160 12180
162 12178
162 12178
165 12175
165 12175
165 12175
167 12173
169 12171
172 12168
173 12167
174 12166
175 12165
177 12163
179 12161
180 12160
182 12158
182 12158
187 12153
188 12152
193 12147
198 12142
202 12138
209 12131
209 12131
210 12130
211 12129
212 12128
212 12128
222 12118
224 12116
225 12115
226 12114
230 12110
232 12108
232 12108
234 12106
235 12105
236 12104
237 12103
238 12102
239 12101
243 12097
249 12091
250 12090
251 12089
254 12086
256 12084
256 12084
257 12083
257 12083
263 12077
271 12069
272 12068
276 12064
280 12060
281 12059
282 12058
289 12051
290 12050
295 12045
298 12042
301 12039
301 12039
302 12038
303 12037
304 12036
313 12027
313 12027
316 12024
320 12020
322 12018
325 12015
326 12014
334 12006
337 12003
339 12001
344 11996
345 11995
346 11994
346 11994
353 11987
355 11985
356 11984
357 11983
359 11981
362 11978
367 11973
372 11968
379 11961
380 11960
381 11959
382 11958
383 11957
384 11956
385 11955
386 11954
387 11953
388 11952
391 11949
393 11947
394 11946
397 11943
398 11942
399 11941
400 11940
400 11940
401 11939
403 11937
405 11935
405 11935
408 11932
409 11931
409 11931
411 11929
412 11928
414 11926
415 11925
416 11924
417 11923
419 11921
419 11921
420 11920
422 11918
424 11916
424 11916
424 11916
425 11915
426 11914
426 11914
428 11912
428 11912
429 11911
432 11908
434 11906
434 11906
435 11905
437 11903
440 11900
443 11897
443 11897
443 11897
445 11895
446 11894
449 11891
450 11890
454 11886
456 11884
461 11879
464 11876
467 11873
468 11872
473 11867
476 11864
478 11862
478 11862
481 11859
482 11858
486 11854
487 11853
489 11851
493 11847
499 11841
500 11840
501 11839
503 11837
505 11835
506 11834
508 11832
513 11827
514 11826
514 11826
516 11824
521 11819
522 11818
523 11817
526 11814
527 11813
530 11810
530 11810
531 11809
532 11808
533 11807
535 11805
537 11803
538 11802
540 11800
541 11799
542 11798
544 11796
547 11793
548 11792
553 11787
553 11787
556 11784
557 11783
557 11783
558 11782
564 11776
566 11774
566 11774
567 11773
567 11773
568 11772
573 11767
574 11766
575 11765
576 11764
584 11756
585 11755
585 11755
586 11754
586 11754
588 11752
589 11751
591 11749
594 11746
597 11743
604 11736
605 11735
607 11733
608 11732
608 11732
609 11731
610 11730
621 11719
622 11718
622 11718
625 11715
626 11714
627 11713
627 11713
632 11708
632 11708
635 11705
639 11701
640 11700
643 11697
643 11697
648 11692
649 11691
654 11686
657 11683
660 11680
660 11680
661 11679
665 11675
666 11674
668 11672
668 11672
670 11670
671 11669
672 11668
673 11667
675 11665
677 11663
677 11663
678 11662
679 11661
682 11658
683 11657
684 11656
689 11651
691 11649
693 11647
694 11646
699 11641
700 11640
700 11640
701 11639
703 11637
704 11636
705 11635
706 11634
706 11634
708 11632
709 11631
711 11629
712 11628
713 11627
715 11625
715 11625
715 11625
716 11624
718 11622
718 11622
719 11621
720 11620
721 11619
723 11617
725 11615
725 11615
728 11612
729 11611
731 11609
732 11608
733 11607
735 11605
736 11604
740 11600
741 11599
743 11597
745 11595
746 11594
746 11594
747 11593
748 11592
748 11592
749 11591
751 11589
752 11588
754 11586
756 11584
757 11583
759 11581
760 11580
766 11574
767 11573
768 11572
768 11572
769 11571
771 11569
772 11568
775 11565
777 11563
777 11563
778 11562
778 11562
779 11561
779 11561
780 11560
786 11554
786 11554
788 11552
791 11549
791 11549
793 11547
793 11547
796 11544
800 11540
802 11538
804 11536
805 11535
806 11534
809 11531
809 11531
811 11529
812 11528
813 11527
819 11521
820 11520
820 11520
821 11519
822 11518
825 11515
826 11514
829 11511
830 11510
834 11506
836 11504
841 11499
843 11497
844 11496
845 11495
849 11491
850 11490
851 11489
851 11489
853 11487
855 11485
858 11482
859 11481
862 11478
863 11477
863 11477
866 11474
867 11473
868 11472
871 11469
871 11469
876 11464
877 11463
879 11461
880 11460
880 11460
883 11457
883 11457
885 11455
886 11454
889 11451
892 11448
892 11448
894 11446
894 11446
895 11445
898 11442
899 11441
901 11439
903 11437
904 11436
905 11435
905 11435
906 11434
908 11432
909 11431
910 11430
911 11429
911 11429
917 11423
918 11422
918 11422
919 11421
921 11419
922 11418
925 11415
926 11414
927 11413
930 11410
930 11410
931 11409
932 11408
936 11404
937 11403
938 11402
939 11401
940 11400
942 11398
944 11396
946 11394
947 11393
948 11392
949 11391
951 11389
952 11388
954 11386
958 11382
958 11382
958 11382
959 11381
961 11379
961 11379
967 11373
968 11372
970 11370
972 11368
972 11368
973 11367
975 11365
976 11364
977 11363
980 11360
981 11359
982 11358
983 11357
990 11350
992 11348
995 11345
995 11345
997 11343
999 11341
1000 11340
1002 11338
1006 11334
1007 11333
1007 11333
1009 11331
1011 11329
1011 11329
1013 11327
1015 11325
1015 11325
1018 11322
1018 11322
1020 11320
1021 11319
1021 11319
1023 11317
1023 11317
1025 11315
1026 11314
1028 11312
1032 11308
1038 11302
1043 11297
1046 11294
1050 11290
1056 11284
1058 11282
1062 11278
1064 11276
1065 11275
1066 11274
1066 11274
1067 11273
1067 11273
1070 11270
1072 11268
1078 11262
1084 11256
1085 11255
1087 11253
1088 11252
1089 11251
1094 11246
1095 11245
1095 11245
1096 11244
1097 11243
1097 11243
1099 11241
1100 11240
1101 11239
1103 11237
1109 11231
1111 11229
1113 11227
1117 11223
1120 11220
1125 11215
1126 11214
1127 11213
1132 11208
1136 11204
1138 11202
1141 11199
1144 11196
1147 11193
1156 11184
1157 11183
1158 11182
1159 11181
1162 11178
1163 11177
1164 11176
1169 11171
1170 11170
1172 11168
1173 11167
1175 11165
1178 11162
1180 11160
1181 11159
1183 11157
1185 11155
1186 11154
1187 11153
1189 11151
1191 11149
1194 11146
1195 11145
1197 11143
1207 11133
1208 11132
1209 11131
1209 11131
1212 11128
1214 11126
1215 11125
1217 11123
1219 11121
1227 11113
1228 11112
1230 11110
1231 11109
1232 11108
1234 11106
1234 11106
1235 11105
1236 11104
1236 11104
1237 11103
1243 11097
1243 11097
1248 11092
1250 11090
1251 11089
1252 11088
1253 11087
1253 11087
1254 11086
1255 11085
1258 11082
1263 11077
1264 11076
1264 11076
1265 11075
1270 11070
1273 11067
1276 11064
1279 11061
1283 11057
1286 11054
1296 11044
1299 11041
1299 11041
1304 11036
1306 11034
1308 11032
1308 11032
1309 11031
1309 11031
1311 11029
1312 11028
1313 11027
1314 11026
1316 11024
1318 11022
1319 11021
1322 11018
1324 11016
1324 11016
1326 11014
1328 11012
1331 11009
1332 11008
1335 11005
1336 11004
1339 11001
1346 10994
1348 10992
1351 10989
1355 10985
1356 10984
1357 10983
1358 10982
1359 10981
1362 10978
1362 10978
1363 10977
1363 10977
1365 10975
1369 10971
1374 10966
1375 10965
1377 10963
1378 10962
1382 10958
1388 10952
1393 10947
1394 10946
1395 10945
1396 10944
1397 10943
1397 10943
1399 10941
1404 10936
1405 10935
1406 10934
1408 10932
1411 10929
1412 10928
1413 10927
1415 10925
1415 10925
1415 10925
1417 10923
1419 10921
1420 10920
1422 10918
1425 10915
1426 10914
1426 10914
1428 10912
1430 10910
1433 10907
1434 10906
1435 10905
1437 10903
1445 10895
1447 10893
1448 10892
1448 10892
1450 10890
1452 10888
1454 10886
1455 10885
1457 10883
1459 10881
1462 10878
1463 10877
1466 10874
1468 10872
1469 10871
1470 10870
1474 10866
1475 10865
1477 10863
1479 10861
1482 10858
1487 10853
1492 10848
1497 10843
1498 10842
1499 10841
1499 10841
1506 10834
1507 10833
1508 10832
1510 10830
1513 10827
1518 10822
1518 10822
1519 10821
1520 10820
1521 10819
1522 10818
1523 10817
1525 10815
1533 10807
1534 10806
1536 10804
1540 10800
1541 10799
1542 10798
1543 10797
1543 10797
1543 10797
1544 10796
1544 10796
1546 10794
1549 10791
1551 10789
1555 10785
1557 10783
1558 10782
1563 10777
1563 10777
1564 10776
1566 10774
1569 10771
1570 10770
1571 10769
1573 10767
1574 10766
1576 10764
1579 10761
1582 10758
1582 10758
1585 10755
1586 10754
1587 10753
1588 10752
1589 10751
1589 10751
1591 10749
1592 10748
1592 10748
1593 10747
1594 10746
1596 10744
1596 10744
1601 10739
1603 10737
1607 10733
1613 10727
1615 10725
1616 10724
1633 10707
1634 10706
1634 10706
1637 10703
1637 10703
1638 10702
1639 10701
1644 10696
1649 10691
1651 10689
1663 10677
1664 10676
1666 10674
1667 10673
1668 10672
1672 10668
1678 10662
1682 10658
1683 10657
1685 10655
1686 10654
1689 10651
1690 10650
1690 10650
1696 10644
1697 10643
1698 10642
1698 10642
1699 10641
1701 10639
1702 10638
1703 10637
1705 10635
1708 10632
1709 10631
1714 10626
1718 10622
1718 10622
1721 10619
1727 10613
1731 10609
1737 10603
1739 10601
1744 10596
1744 10596
1748 10592
1750 10590
1751 10589
1753 10587
1753 10587
1758 10582
1760 10580
1764 10576
1768 10572
1769 10571
1771 10569
1772 10568
1778 10562
1779 10561
1779 10561
1779 10561
1780 10560
1781 10559
1784 10556
1787 10553
1790 10550
1791 10549
1792 10548
1793 10547
1793 10547
1793 10547
1797 10543
1798 10542
1805 10535
1805 10535
1807 10533
1807 10533
1809 10531
1813 10527
1814 10526
1814 10526
1816 10524
1819 10521
1822 10518
1823 10517
1823 10517
1824 10516
1826 10514
1827 10513
1832 10508
1835 10505
1838 10502
1838 10502
1843 10497
1845 10495
1852 10488
1852 10488
1854 10486
1856 10484
1857 10483
1857 10483
1861 10479
1864 10476
1867 10473
1868 10472
1869 10471
1872 10468
1875 10465
1876 10464
1878 10462
1879 10461
1881 10459
1882 10458
1883 10457
1884 10456
1888 10452
1891 10449
1892 10448
1893 10447
1895 10445
1896 10444
1899 10441
1902 10438
1905 10435
1910 10430
1913 10427
1913 10427
1913 10427
1915 10425
1916 10424
1917 10423
1920 10420
1927 10413
1928 10412
1929 10411
1934 10406
1935 10405
1936 10404
1937 10403
1938 10402
1939 10401
1942 10398
1943 10397
1948 10392
1953 10387
1954 10386
1954 10386
1958 10382
1958 10382
1958 10382
1958 10382
1959 10381
1961 10379
1963 10377
1964 10376
1965 10375
1965 10375
1969 10371
1970 10370
1971 10369
1972 10368
1973 10367
1974 10366
1975 10365
1977 10363
1995 10345
1997 10343
1998 10342
1999 10341
2001 10339
2003 10337
2007 10333
2008 10332
2009 10331
2009 10331
2010 10330
2012 10328
2017 10323
2024 10316
2025 10315
2027 10313
2029 10311
2030 10310
2040 10300
2044 10296
2048 10292
2049 10291
2054 10286
2055 10285
2056 10284
2057 10283
2067 10273
2071 10269
2071 10269
2072 10268
2076 10264
2077 10263
2078 10262
2080 10260
2081 10259
2082 10258
2084 10256
2084 10256
2085 10255
2085 10255
2092 10248
2097 10243
2100 10240
2102 10238
2104 10236
2106 10234
2109 10231
2109 10231
2111 10229
2114 10226
2117 10223
2120 10220
2127 10213
2127 10213
2131 10209
2131 10209
2134 10206
2135 10205
2138 10202
2139 10201
2139 10201
2141 10199
2142 10198
2144 10196
2149 10191
2150 10190
2154 10186
2157 10183
2158 10182
2158 10182
2161 10179
2166 10174
2166 10174
2170 10170
2171 10169
2172 10168
2175 10165
2176 10164
2178 10162
2180 10160
2181 10159
2186 10154
2187 10153
2188 10152
2189 10151
2194 10146
2194 10146
2195 10145
2198 10142
2199 10141
2200 10140
2201 10139
2207 10133
2207 10133
2207 10133
2208 10132
2210 10130
2214 10126
2215 10125
2216 10124
2220 10120
2222 10118
2226 10114
2227 10113
2230 10110
2233 10107
2235 10105
2238 10102
2241 10099
2247 10093
2248 10092
2250 10090
2254 10086
2254 10086
2257 10083
2258 10082
2259 10081
2260 10080
2261 10079
2265 10075
2269 10071
2271 10069
2272 10068
2276 10064
2277 10063
2279 10061
2281 10059
2282 10058
2284 10056
2286 10054
2288 10052
2290 10050
2290 10050
2292 10048
2295 10045
2296 10044
2300 10040
2302 10038
2303 10037
2311 10029
2312 10028
2313 10027
2316 10024
2319 10021
2321 10019
2322 10018
2323 10017
2324 10016
2326 10014
2327 10013
2331 10009
2331 10009
2332 10008
2332 10008
2334 10006
2334 10006
2342 9998
2345 9995
2346 9994
2347 9993
2347 9993
2348 9992
2349 9991
2350 9990
2355 9985
2356 9984
2365 9975
2366 9974
2372 9968
2373 9967
2375 9965
2377 9963
2378 9962
2380 9960
2381 9959
2382 9958
2383 9957
2384 9956
2386 9954
2386 9954
2391 9949
2393 9947
2393 9947
2397 9943
2400 9940
2401 9939
2401 9939
2402 9938
2405 9935
2405 9935
2407 9933
2410 9930
2414 9926
2416 9924
2417 9923
2418 9922
2423 9917
2426 9914
2427 9913
2429 9911
2433 9907
2435 9905
2438 9902
2440 9900
2441 9899
2442 9898
2444 9896
2445 9895
2452 9888
2454 9886
2461 9879
2462 9878
2467 9873
2469 9871
2471 9869
2471 9869
2472 9868
2473 9867
2473 9867
2473 9867
2475 9865
2477 9863
2479 9861
2484 9856
2489 9851
2491 9849
2491 9849
2495 9845
2496 9844
2497 9843
2499 9841
2499 9841
2501 9839
2504 9836
2504 9836
2508 9832
2510 9830
2511 9829
2511 9829
2513 9827
2514 9826
2515 9825
2515 9825
2516 9824
2518 9822
2519 9821
2519 9821
2529 9811
2530 9810
2530 9810
2530 9810
2531 9809
2537 9803
2539 9801
2539 9801
2543 9797
2544 9796
2547 9793
2551 9789
2551 9789
2558 9782
2559 9781
2559 9781
2562 9778
2565 9775
2571 9769
2578 9762
2581 9759
2591 9749
2591 9749
2594 9746
2596 9744
2598 9742
2599 9741
2600 9740
2602 9738
2603 9737
2605 9735
2606 9734
2608 9732
2609 9731
2611 9729
2611 9729
2614 9726
2616 9724
2616 9724
2620 9720
2620 9720
2626 9714
2628 9712
2632 9708
2633 9707
2634 9706
2635 9705
2636 9704
2637 9703
2638 9702
2642 9698
2647 9693
2648 9692
2650 9690
2652 9688
2654 9686
2657 9683
2662 9678
2664 9676
2665 9675
2670 9670
2670 9670
2677 9663
2679 9661
2683 9657
2686 9654
2687 9653
2690 9650
2690 9650
2692 9648
2693 9647
2699 9641
2704 9636
2705 9635
2707 9633
2708 9632
2709 9631
2710 9630
2714 9626
2715 9625
2719 9621
2722 9618
2727 9613
2728 9612
2730 9610
2733 9607
2736 9604
2738 9602
2740 9600
2741 9599
2742 9598
2743 9597
2745 9595
2747 9593
2748 9592
2749 9591
2751 9589
2751 9589
2752 9588
2754 9586
2754 9586
2756 9584
2756 9584
2757 9583
2760 9580
2760 9580
2762 9578
2764 9576
2764 9576
2767 9573
2772 9568
2774 9566
2779 9561
2779 9561
2780 9560
2783 9557
2784 9556
2787 9553
2788 9552
2789 9551
2790 9550
2790 9550
2790 9550
2791 9549
2794 9546
2796 9544
2799 9541
2799 9541
2803 9537
2805 9535
2809 9531
2810 9530
2813 9527
2814 9526
2815 9525
2816 9524
2817 9523
2819 9521
2821 9519
2823 9517
2823 9517
2826 9514
2829 9511
2829 9511
2831 9509
2831 9509
2835 9505
2840 9500
2843 9497
2843 9497
2844 9496
2845 9495
2846 9494
2850 9490
2852 9488
2856 9484
2858 9482
2859 9481
2862 9478
2865 9475
2868 9472
2869 9471
2869 9471
2873 9467
2875 9465
2876 9464
2879 9461
2879 9461
2879 9461
2880 9460
2883 9457
2884 9456
2884 9456
2886 9454
2888 9452
2888 9452
2888 9452
2890 9450
2892 9448
2892 9448
2893 9447
2897 9443
2899 9441
2900 9440
2905 9435
2908 9432
2911 9429
2912 9428
2915 9425
2917 9423
2920 9420
2923 9417
2924 9416
2925 9415
2926 9414
2932 9408
2934 9406
2938 9402
2943 9397
2945 9395
2952 9388
2954 9386
2954 9386
2955 9385
2955 9385
2956 9384
2963 9377
2963 9377
2965 9375
2966 9374
2967 9373
2969 9371
2975 9365
2976 9364
2977 9363
2979 9361
2982 9358
2990 9350
2996 9344
2998 9342
2999 9341
3001 9339
3002 9338
3005 9335
3006 9334
3011 9329
3012 9328
3017 9323
3017 9323
3022 9318
3023 9317
3024 9316
3026 9314
3029 9311
3036 9304
3041 9299
3045 9295
3047 9293
3047 9293
3048 9292
3049 9291
3055 9285
3058 9282
3060 9280
3066 9274
3069 9271
3072 9268
3075 9265
3076 9264
3080 9260
3081 9259
3084 9256
3087 9253
3087 9253
3090 9250
3090 9250
3091 9249
3092 9248
3095 9245
3098 9242
3100 9240
3101 9239
3103 9237
3105 9235
3106 9234
3106 9234
3110 9230
3111 9229
3112 9228
3112 9228
3114 9226
3116 9224
3117 9223
3120 9220
3124 9216
3125 9215
3128 9212
3131 9209
3137 9203
3139 9201
3139 9201
3140 9200
3141 9199
3143 9197
3146 9194
3148 9192
3149 9191
3150 9190
3151 9189
3155 9185
3161 9179
3165 9175
3165 9175
3170 9170
3170 9170
3171 9169
3172 9168
3172 9168
3173 9167
3175 9165
3178 9162
3178 9162
3179 9161
3182 9158
3183 9157
3185 9155
3187 9153
3187 9153
3188 9152
3188 9152
3189 9151
3190 9150
3191 9149
3192 9148
3192 9148
3194 9146
3195 9145
3196 9144
3197 9143
3201 9139
3203 9137
3210 9130
3212 9128
3213 9127
3215 9125
3219 9121
3225 9115
3232 9108
3232 9108
3234 9106
3237 9103
3238 9102
3241 9099
3246 9094
3249 9091
3250 9090
3252 9088
3254 9086
3254 9086
3257 9083
3257 9083
3262 9078
3263 9077
3265 9075
3265 9075
3266 9074
3268 9072
3269 9071
3270 9070
3271 9069
3271 9069
3273 9067
3276 9064
3277 9063
3279 9061
3279 9061
3280 9060
3281 9059
3283 9057
3287 9053
3292 9048
3296 9044
3297 9043
3299 9041
3301 9039
3302 9038
3306 9034
3312 9028
3317 9023
3319 9021
3321 9019
3323 9017
3326 9014
3327 9013
3329 9011
3334 9006
3335 9005
3337 9003
3337 9003
3338 9002
3340 9000
3343 8997
3345 8995
3346 8994
3349 8991
3350 8990
3353 8987
3356 8984
3358 8982
3360 8980
3362 8978
3365 8975
3366 8974
3366 8974
3368 8972
3368 8972
3374 8966
3375 8965
3378 8962
3379 8961
3381 8959
3381 8959
3385 8955
3386 8954
3390 8950
3397 8943
3400 8940
3402 8938
3408 8932
3410 8930
3410 8930
3414 8926
3415 8925
3415 8925
3418 8922
3420 8920
3424 8916
3429 8911
3430 8910
3430 8910
3434 8906
3437 8903
3439 8901
3439 8901
3440 8900
3445 8895
3446 8894
3447 8893
3448 8892
3449 8891
3449 8891
3450 8890
3456 8884
3459 8881
3460 8880
3463 8877
3464 8876
3465 8875
3465 8875
3466 8874
3470 8870
3472 8868
3477 8863
3481 8859
3483 8857
3485 8855
3486 8854
3488 8852
3493 8847
3494 8846
3507 8833
3510 8830
3513 8827
3514 8826
3515 8825
3517 8823
3520 8820
3522 8818
3523 8817
3524 8816
3529 8811
3529 8811
3530 8810
3533 8807
3533 8807
3536 8804
3537 8803
3543 8797
3545 8795
3546 8794
3546 8794
3549 8791
3552 8788
3560 8780
3562 8778
3566 8774
3566 8774
3567 8773
3567 8773
3568 8772
3569 8771
3571 8769
3571 8769
3572 8768
3577 8763
3580 8760
3587 8753
3588 8752
3588 8752
3596 8744
3597 8743
3597 8743
3605 8735
3611 8729
3613 8727
3615 8725
3616 8724
3617 8723
3620 8720
3623 8717
3624 8716
3626 8714
3630 8710
3632 8708
3633 8707
3633 8707
3634 8706
3635 8705
3637 8703
3641 8699
3643 8697
3643 8697
3646 8694
3647 8693
3649 8691
3649 8691
3650 8690
3652 8688
3655 8685
3656 8684
3657 8683
3659 8681
3660 8680
3661 8679
3661 8679
3663 8677
3664 8676
3664 8676
3666 8674
3667 8673
3667 8673
3673 8667
3674 8666
3677 8663
3679 8661
3680 8660
3683 8657
3684 8656
3684 8656
3685 8655
3686 8654
3687 8653
3687 8653
3690 8650
3690 8650
3691 8649
3695 8645
3695 8645
3698 8642
3704 8636
3707 8633
3711 8629
3715 8625
3716 8624
3718 8622
3723 8617
3725 8615
3727 8613
3735 8605
3743 8597
3744 8596
3746 8594
3746 8594
3748 8592
3750 8590
3750 8590
3755 8585
3760 8580
3760 8580
3763 8577
3766 8574
3768 8572
3773 8567
3783 8557
3786 8554
3788 8552
3792 8548
3795 8545
3796 8544
3796 8544
3798 8542
3802 8538
3802 8538
3803 8537
3803 8537
3809 8531
3811 8529
3813 8527
3818 8522
3820 8520
3821 8519
3821 8519
3823 8517
3823 8517
3826 8514
3831 8509
3831 8509
3832 8508
3833 8507
3835 8505
3835 8505
3836 8504
3836 8504
3837 8503
3837 8503
3839 8501
3839 8501
3840 8500
3842 8498
3846 8494
3848 8492
3851 8489
3851 8489
3853 8487
3857 8483
3858 8482
3859 8481
3863 8477
3863 8477
3868 8472
3871 8469
3871 8469
3873 8467
3877 8463
3878 8462
3879 8461
3881 8459
3883 8457
3883 8457
3884 8456
3887 8453
3889 8451
3891 8449
3899 8441
3902 8438
3903 8437
3904 8436
3906 8434
3907 8433
3910 8430
3911 8429
3913 8427
3914 8426
3919 8421
3920 8420
3921 8419
3921 8419
3922 8418
3923 8417
3925 8415
3928 8412
3928 8412
3930 8410
3932 8408
3933 8407
3934 8406
3934 8406
3940 8400
3944 8396
3950 8390
3950 8390
3956 8384
3960 8380
3961 8379
3962 8378
3963 8377
3964 8376
3967 8373
3967 8373
3969 8371
3972 8368
3973 8367
3974 8366
3978 8362
3980 8360
3981 8359
3983 8357
3985 8355
3985 8355
3986 8354
3986 8354
3988 8352
3989 8351
3992 8348
3993 8347
3994 8346
3994 8346
3995 8345
3997 8343
3998 8342
4001 8339
4001 8339
4002 8338
4004 8336
4004 8336
4006 8334
4011 8329
4013 8327
4015 8325
4016 8324
4024 8316
4026 8314
4028 8312
4030 8310
4032 8308
4032 8308
4034 8306
4044 8296
4045 8295
4045 8295
4046 8294
4053 8287
4053 8287
4055 8285
4056 8284
4058 8282
4058 8282
4065 8275
4067 8273
4068 8272
4071 8269
4073 8267
4077 8263
4085 8255
4087 8253
4096 8244
4100 8240
4104 8236
4105 8235
4106 8234
4107 8233
4110 8230
4111 8229
4115 8225
4120 8220
4121 8219
4123 8217
4124 8216
4128 8212
4137 8203
4139 8201
4142 8198
4144 8196
4144 8196
4145 8195
4146 8194
4146 8194
4149 8191
4149 8191
4150 8190
4152 8188
4153 8187
4154 8186
4157 8183
4157 8183
4161 8179
4167 8173
4174 8166
4174 8166
4175 8165
4178 8162
4180 8160
4180 8160
4181 8159
4183 8157
4184 8156
4187 8153
4189 8151
4190 8150
4190 8150
4193 8147
4194 8146
4196 8144
4198 8142
4199 8141
4199 8141
4207 8133
4208 8132
4211 8129
4211 8129
4212 8128
4214 8126
4215 8125
4225 8115
4228 8112
4230 8110
4230 8110
4232 8108
4235 8105
4242 8098
4242 8098
4245 8095
4245 8095
4250 8090
4253 8087
4254 8086
4254 8086
4256 8084
4260 8080
4262 8078
4263 8077
4267 8073
4270 8070
4271 8069
4272 8068
4274 8066
4279 8061
4279 8061
4280 8060
4280 8060
4284 8056
4287 8053
4288 8052
4289 8051
4290 8050
4292 8048
4293 8047
4294 8046
4295 8045
4300 8040
4301 8039
4302 8038
4302 8038
4304 8036
4305 8035
4308 8032
4310 8030
4310 8030
4313 8027
4315 8025
4317 8023
4318 8022
4321 8019
4321 8019
4325 8015
4328 8012
4332 8008
4332 8008
4334 8006
4337 8003
4337 8003
4342 7998
4343 7997
4345 7995
4346 7994
4347 7993
4351 7989
4353 7987
4357 7983
4357 7983
4359 7981
4361 7979
4361 7979
4363 7977
4367 7973
4369 7971
4374 7966
4374 7966
4375 7965
4377 7963
4377 7963
4378 7962
4378 7962
4379 7961
4386 7954
4389 7951
4390 7950
4392 7948
4393 7947
4394 7946
4395 7945
4397 7943
4399 7941
4401 7939
4401 7939
4402 7938
4402 7938
4404 7936
4405 7935
4407 7933
4409 7931
4409 7931
4409 7931
4410 7930
4412 7928
4413 7927
4423 7917
4425 7915
4426 7914
4428 7912
4429 7911
4433 7907
4434 7906
4434 7906
4435 7905
4436 7904
4437 7903
4438 7902
4442 7898
4443 7897
4445 7895
4446 7894
4447 7893
4449 7891
4450 7890
4451 7889
4453 7887
4454 7886
4455 7885
4459 7881
4463 7877
4465 7875
4466 7874
4466 7874
4467 7873
4471 7869
4478 7862
4479 7861
4487 7853
4488 7852
4490 7850
4491 7849
4492 7848
4493 7847
4494 7846
4494 7846
4495 7845
4496 7844
4498 7842
4499 7841
4500 7840
4509 7831
4514 7826
4516 7824
4517 7823
4519 7821
4526 7814
4527 7813
4535 7805
4545 7795
4546 7794
4550 7790
4554 7786
4562 7778
4569 7771
4573 7767
4576 7764
4577 7763
4579 7761
4581 7759
4581 7759
4585 7755
4585 7755
4585 7755
4586 7754
4591 7749
4594 7746
4595 7745
4596 7744
4596 7744
4597 7743
4600 7740
4610 7730
4611 7729
4611 7729
4612 7728
4612 7728
4614 7726
4614 7726
4614 7726
4616 7724
4616 7724
4620 7720
4625 7715
4626 7714
4629 7711
4639 7701
4639 7701
4640 7700
4641 7699
4642 7698
4647 7693
4647 7693
4649 7691
4650 7690
4651 7689
4653 7687
4654 7686
4657 7683
4660 7680
4661 7679
4663 7677
4663 7677
4667 7673
4670 7670
4671 7669
4672 7668
4673 7667
4674 7666
4675 7665
4678 7662
4678 7662
4679 7661
4680 7660
4680 7660
4684 7656
4687 7653
4688 7652
4694 7646
4694 7646
4699 7641
4701 7639
4704 7636
4705 7635
4705 7635
4710 7630
4710 7630
4718 7622
4718 7622
4718 7622
4719 7621
4723 7617
4726 7614
4727 7613
4729 7611
4735 7605
4736 7604
4748 7592
4748 7592
4749 7591
4750 7590
4751 7589
4753 7587
4756 7584
4757 7583
4758 7582
4765 7575
4765 7575
4770 7570
4770 7570
4779 7561
4781 7559
4782 7558
4784 7556
4785 7555
4785 7555
4789 7551
4791 7549
4794 7546
4795 7545
4801 7539
4808 7532
4810 7530
4811 7529
4812 7528
4812 7528
4814 7526
4815 7525
4816 7524
4816 7524
4818 7522
4825 7515
4827 7513
4829 7511
4829 7511
4833 7507
4835 7505
4837 7503
4838 7502
4839 7501
4841 7499
4843 7497
4844 7496
4845 7495
4846 7494
4847 7493
4849 7491
4852 7488
4853 7487
4854 7486
4855 7485
4856 7484
4861 7479
4861 7479
4866 7474
4871 7469
4878 7462
4880 7460
4880 7460
4881 7459
4882 7458
4885 7455
4888 7452
4889 7451
4890 7450
4893 7447
4897 7443
4898 7442
4900 7440
4903 7437
4908 7432
4910 7430
4911 7429
4912 7428
4916 7424
4920 7420
4923 7417
4924 7416
4924 7416
4927 7413
4929 7411
4931 7409
4933 7407
4936 7404
4937 7403
4937 7403
4939 7401
4947 7393
4951 7389
4952 7388
4954 7386
4955 7385
4956 7384
4958 7382
4961 7379
4965 7375
4967 7373
4974 7366
4978 7362
4978 7362
4979 7361
4979 7361
4980 7360
4981 7359
4984 7356
4988 7352
4989 7351
4993 7347
4996 7344
4996 7344
5000 7340
5001 7339
5004 7336
5008 7332
5014 7326
5015 7325
5016 7324
5019 7321
5019 7321
5021 7319
5021 7319
5022 7318
5025 7315
5028 7312
5030 7310
5032 7308
5032 7308
5034 7306
5035 7305
5039 7301
5045 7295
5052 7288
5053 7287
5054 7286
5054 7286
5056 7284
5058 7282
5062 7278
5063 7277
5069 7271
5070 7270
5074 7266
5078 7262
5080 7260
5083 7257
5084 7256
5084 7256
5085 7255
5086 7254
5087 7253
5096 7244
5096 7244
5098 7242
5106 7234
5112 7228
5113 7227
5113 7227
5116 7224
5116 7224
5118 7222
5121 7219
5126 7214
5127 7213
5131 7209
5132 7208
5132 7208
5134 7206
5135 7205
5136 7204
5136 7204
5138 7202
5140 7200
5144 7196
5145 7195
5149 7191
5150 7190
5151 7189
5153 7187
5154 7186
5155 7185
5157 7183
5159 7181
5159 7181
5161 7179
5169 7171
5170 7170
5172 7168
5174 7166
5185 7155
5189 7151
5191 7149
5192 7148
5194 7146
5195 7145
5195 7145
5200 7140
5202 7138
5207 7133
5209 7131
5210 7130
5216 7124
5217 7123
5219 7121
5220 7120
5230 7110
5234 7106
5236 7104
5240 7100
5244 7096
5245 7095
5249 7091
5251 7089
5253 7087
5254 7086
5254 7086
5256 7084
5258 7082
5259 7081
5263 7077
5269 7071
5271 7069
5271 7069
5271 7069
5272 7068
5273 7067
5274 7066
5275 7065
5275 7065
5276 7064
5277 7063
5281 7059
5286 7054
5287 7053
5290 7050
5291 7049
5291 7049
5299 7041
5300 7040
5304 7036
5304 7036
5306 7034
5309 7031
5313 7027
5316 7024
5316 7024
5319 7021
5321 7019
5325 7015
5329 7011
5330 7010
5331 7009
5332 7008
5334 7006
5335 7005
5336 7004
5346 6994
5349 6991
5355 6985
5357 6983
5363 6977
5363 6977
5364 6976
5368 6972
5369 6971
5370 6970
5371 6969
5371 6969
5372 6968
5373 6967
5377 6963
5379 6961
5382 6958
5384 6956
5385 6955
5387 6953
5393 6947
5398 6942
5398 6942
5402 6938
5404 6936
5406 6934
5408 6932
5412 6928
5414 6926
5414 6926
5416 6924
5418 6922
5421 6919
5423 6917
5427 6913
5428 6912
5430 6910
5432 6908
5433 6907
5435 6905
5435 6905
5436 6904
5437 6903
5438 6902
5439 6901
5444 6896
5445 6895
5445 6895
5445 6895
5446 6894
5447 6893
5455 6885
5462 6878
5464 6876
5469 6871
5470 6870
5470 6870
5471 6869
5474 6866
5475 6865
5476 6864
5479 6861
5480 6860
5481 6859
5482 6858
5491 6849
5498 6842
5500 6840
5504 6836
5515 6825
5516 6824
5516 6824
5517 6823
5519 6821
5520 6820
5522 6818
5523 6817
5524 6816
5527 6813
5528 6812
5530 6810
5531 6809
5533 6807
5533 6807
5534 6806
5540 6800
5543 6797
5544 6796
5544 6796
5549 6791
5550 6790
5554 6786
5564 6776
5565 6775
5565 6775
5567 6773
5572 6768
5573 6767
5579 6761
5582 6758
5584 6756
5586 6754
5588 6752
5589 6751
5592 6748
5594 6746
5599 6741
5599 6741
5600 6740
5600 6740
5602 6738
5603 6737
5605 6735
5609 6731
5610 6730
5610 6730
5612 6728
5613 6727
5615 6725
5616 6724
5616 6724
5617 6723
5619 6721
5624 6716
5628 6712
5628 6712
5628 6712
5629 6711
5629 6711
5631 6709
5640 6700
5643 6697
5645 6695
5648 6692
5650 6690
5654 6686
5655 6685
5661 6679
5663 6677
5669 6671
5674 6666
5679 6661
5680 6660
5681 6659
5682 6658
5682 6658
5683 6657
5685 6655
5685 6655
5686 6654
5686 6654
5687 6653
5688 6652
5688 6652
5691 6649
5699 6641
5700 6640
5701 6639
5705 6635
5708 6632
5709 6631
5710 6630
5713 6627
5714 6626
5716 6624
5717 6623
5717 6623
5717 6623
5720 6620
5721 6619
5726 6614
5727 6613
5727 6613
5728 6612
5729 6611
5734 6606
5735 6605
5736 6604
5741 6599
5742 6598
5742 6598
5743 6597
5749 6591
5753 6587
5759 6581
5761 6579
5761 6579
5762 6578
5762 6578
5768 6572
5769 6571
5770 6570
5773 6567
5776 6564
5777 6563
5778 6562
5779 6561
5780 6560
5780 6560
5781 6559
5783 6557
5785 6555
5786 6554
5792 6548
5793 6547
5793 6547
5794 6546
5794 6546
5798 6542
5799 6541
5802 6538
5802 6538
5803 6537
5803 6537
5815 6525
5817 6523
5818 6522
5821 6519
5822 6518
5824 6516
5825 6515
5827 6513
5828 6512
5828 6512
5831 6509
5833 6507
5834 6506
5836 6504
5836 6504
5841 6499
5846 6494
5853 6487
5854 6486
5857 6483
5860 6480
5861 6479
5862 6478
5863 6477
5864 6476
5866 6474
5867 6473
5868 6472
5870 6470
5873 6467
5875 6465
5877 6463
5878 6462
5879 6461
5879 6461
5880 6460
5881 6459
5883 6457
5884 6456
5886 6454
5891 6449
5898 6442
5900 6440
5903 6437
5904 6436
5904 6436
5905 6435
5907 6433
5910 6430
5910 6430
5912 6428
5913 6427
5920 6420
5921 6419
5922 6418
5923 6417
5923 6417
5925 6415
5925 6415
5925 6415
5925 6415
5927 6413
5928 6412
5932 6408
5932 6408
5933 6407
5934 6406
5935 6405
5936 6404
5938 6402
5939 6401
5941 6399
5942 6398
5944 6396
5944 6396
5945 6395
5947 6393
5947 6393
5949 6391
5950 6390
5954 6386
5955 6385
5962 6378
5964 6376
5964 6376
5968 6372
5968 6372
5971 6369
5971 6369
5975 6365
5977 6363
5984 6356
5985 6355
5985 6355
5986 6354
5989 6351
5992 6348
5999 6341
6001 6339
6002 6338
6004 6336
6004 6336
6006 6334
6008 6332
6009 6331
6010 6330
6011 6329
6015 6325
6016 6324
6017 6323
6019 6321
6024 6316
6025 6315
6026 6314
6031 6309
6033 6307
6036 6304
6037 6303
6042 6298
6045 6295
6047 6293
6048 6292
6049 6291
6053 6287
6057 6283
6058 6282
6060 6280
6061 6279
6063 6277
6065 6275
6077 6263
6081 6259
6081 6259
6086 6254
6087 6253
6088 6252
6089 6251
6092 6248
6093 6247
6094 6246
6095 6245
6095 6245
6096 6244
6101 6239
6110 6230
6111 6229
6113 6227
6116 6224
6120 6220
6122 6218
6125 6215
6127 6213
6128 6212
6130 6210
6131 6209
6141 6199
6144 6196
6145 6195
6148 6192
6149 6191
6149 6191
6152 6188
6152 6188
6153 6187
6156 6184
6157 6183
6161 6179
6162 6178
6162 6178
6164 6176
6165 6175
6166 6174
康
34
0 64
2 62
2 62
2 62
3 61
3 61
5 59
8 56
9 55
11 53
12 52
14 50
15 49
16 48
17 47
18 46
18 46
19 45
20 44
20 44
22 42
22 42
22 42
22 42
23 41
24 40
25 39
26 38
28 36
29 35
31 33
31 33
32 32
32 32
康
15
2 126
3 125
7 121
8 120
8 120
9 119
18 110
23 105
29 99
40 88
42 86
42 86
44 84
51 77
57 71
康
0
康
0
康
